RegionName,State,StateCodeFIPS,MunicipalCodeFIPS,2000,2001,2002,2003,2004,2005,2006,2007,2008,2009,2010,2011,2012,2013,2014,2015,2016,2017,2018,2019,2020,2021,2022,2023,2024
Los Angeles County,CA,6,37,214322.606,233400.263,256940.243,302702.949,360483.034,455295.728,543670.676,573738.734,529414.339,406308.979,386239.856,374265.398,353745.064,383761.323,450157.816,488139.126,478134.325,512030.820,565649.076,646242.148,657067.692,726933.252,824074.878,850711.627,896139.058
Cook County,IL,17,31,151561.914,165087.201,180405.863,196681.482,213432.816,235826.091,262218.366,271313.137,265847.336,232008.991,204546.667,186812.944,169122.780,161670.274,183605.352,196299.757,207526.754,218599.466,231667.546,238826.434,242733.327,261649.324,287590.669,298925.024,314864.873
Harris County,TX,48,201,111224.496,113724.031,114093.147,119037.773,121726.715,132142.695,133671.485,138530.863,140925.261,134018.926,134725.613,130179.138,125002.853,127290.523,141620.201,158447.716,172674.684,181233.371,188470.029,198638.402,206380.090,221559.209,257827.850,285402.967,284094.381
Maricopa County,AZ,4,13,146584.012,155001.388,162990.906,170941.241,180682.069,208922.924,299221.509,300939.022,272546.749,197017.386,168372.460,149636.920,143025.288,175660.609,209351.810,217551.885,238713.341,252404.878,269466.122,289619.607,308199.369,355435.241,456968.824,469081.223,475811.195
San Diego County,CA,6,73,225588.733,259409.671,294910.566,349399.435,410072.758,522410.696,558829.610,543147.645,487487.874,390412.712,379094.988,372074.713,351963.737,382907.154,448383.357,479193.555,520961.030,553419.675,596537.072,612076.619,624075.393,703582.757,832539.833,881204.573,956659.277
Orange County,CA,6,59,271875.884,306897.840,342486.962,400376.229,478936.492,602474.794,688308.149,700882.210,622999.727,511217.408,507937.244,492336.155,467779.901,503665.164,588429.857,622143.483,613671.434,650997.964,750194.499,761259.854,772510.163,847362.085,985981.042,1062604.573,1157565.298
Kings County,NY,36,47,215852.590,240348.328,270091.541,283491.247,361788.634,423051.304,500893.188,521510.693,519817.110,498893.738,462145.308,472815.647,477017.737,498487.174,538016.567,590082.774,663809.815,724059.976,776759.835,823709.099,860777.803,867560.777,918297.407,937748.059,939256.105
Miami-Dade County,FL,12,86,127632.086,135847.032,150721.800,173010.946,202607.334,247076.587,314108.574,358821.963,336864.844,241312.123,187414.787,173489.064,168148.664,178332.444,211210.117,237582.187,265947.972,290190.331,314148.804,333912.051,348484.894,380836.361,446055.412,521256.851,568801.139
Dallas County,TX,48,113,96462.609,100214.622,101526.276,106298.810,108127.584,116810.428,117998.998,120621.015,121588.167,111705.538,113256.091,108183.594,103128.790,111263.039,123582.066,134963.754,153211.239,174098.081,194050.204,210671.172,219689.124,239941.866,281634.829,317711.347,319228.788
Riverside County,CA,6,65,151947.909,167533.506,187341.786,215489.957,257401.987,334366.372,398742.208,419250.486,359404.788,235138.518,205782.562,206771.101,197779.841,215789.223,274952.446,300270.721,324400.078,330944.911,370084.388,389027.715,401225.927,447868.865,549647.567,580098.990,600195.685
Queens County,NY,36,81,262989.102,295836.744,328868.734,346112.886,374131.512,430027.246,506287.205,518678.448,528026.554,481669.276,445134.642,449072.247,443447.839,459123.456,493876.269,531099.696,580618.692,631199.981,670935.278,707460.273,745274.005,756767.160,806550.755,824190.603,801057.833
King County,WA,53,33,258771.277,278015.880,292066.926,303952.899,322434.483,358445.931,421916.256,476136.877,487951.076,427695.541,391818.201,364725.259,336340.221,347183.489,389108.831,419847.863,479673.291,537384.592,619839.807,647670.473,650954.650,734060.855,857192.207,877952.473,889018.066
Clark County,NV,32,3,162357.317,169422.862,181259.880,192515.011,218142.880,305447.490,343829.282,347946.213,302068.138,207559.840,155805.479,145798.610,131539.739,146124.838,189183.677,205242.890,221117.298,232847.370,265977.602,299110.535,306477.661,327659.780,405105.258,427905.374,430679.318
San Bernardino County,CA,6,71,124551.780,135344.881,150053.136,172742.961,208755.413,278511.100,341919.340,369638.465,331428.669,210844.063,176975.203,177785.157,168801.986,180554.438,228265.918,255297.508,259073.522,273320.703,333857.413,350911.714,362641.313,407262.165,490561.307,518305.406,538881.513
Tarrant County,TX,48,439,112661.643,114727.025,114585.887,119384.192,122016.658,130751.196,132948.634,137572.418,138313.112,129965.468,131065.052,127433.029,123385.124,128161.742,137830.843,147957.197,164186.100,182209.101,201747.657,215421.547,225495.594,246327.037,296586.496,329864.072,326157.034
Bexar County,TX,48,29,102324.800,100515.671,99296.015,102847.813,105619.632,115765.048,119764.994,129025.804,135357.925,131081.256,127188.384,125197.277,121234.423,125079.268,132899.991,142980.612,155820.227,166595.151,177536.755,187475.352,195905.404,213121.935,249130.579,273275.728,265132.195
Santa Clara County,CA,6,85,393226.748,498830.334,509824.761,530450.642,543217.498,636240.282,730099.688,737848.115,712650.803,581026.697,556995.175,544459.649,521054.596,652328.314,754951.414,849482.849,968495.766,928720.957,1029673.885,1288126.189,1203618.170,1324602.327,1542581.251,1540710.149,1637741.292
Broward County,FL,12,11,124706.198,134782.392,161464.854,179845.172,206830.060,247092.733,311615.410,342543.440,292225.322,216776.704,189317.023,180182.786,173613.927,188103.278,222725.549,247834.184,267190.173,287947.670,315683.044,333958.917,344113.687,372583.816,439214.782,506394.722,539690.520
Wayne County,MI,26,163,104332.078,115981.996,125496.526,130845.225,137912.215,142291.782,146735.736,145375.663,133491.134,86588.638,58487.151,49626.259,44535.610,48351.800,61527.343,67639.657,75799.537,83080.330,93836.413,105502.097,113995.808,128593.253,143317.008,149219.940,157538.364
Alameda County,CA,6,1,278193.977,348205.018,390040.573,422567.383,455122.921,548738.432,633048.633,634112.451,582845.700,483776.855,457962.558,445692.470,409620.821,446187.652,550800.154,618714.704,713903.349,752782.161,833332.023,888004.744,872710.553,960191.039,1131774.520,1110493.507,1144350.667
New York County,NY,36,61,412486.956,493179.873,646669.580,749865.242,735584.522,703717.140,877900.531,932922.800,975498.746,942456.404,892831.578,953473.439,992802.533,1131303.260,1300514.564,1431960.410,1623426.332,1791773.190,1800994.612,1876271.218,1915215.441,1657005.314,1875713.932,1892482.938,1655981.060
Middlesex County,MA,25,17,264525.507,303017.357,346988.835,383192.110,410496.079,441282.949,456666.757,434768.550,418570.528,397880.107,394673.647,396097.978,382031.424,399014.113,431686.707,454038.688,485678.540,514079.796,549362.767,574587.237,583275.216,638625.786,698219.232,735437.048,801473.850
Philadelphia County,PA,42,101,59349.629,62866.409,66213.631,71306.479,79599.188,92898.740,112339.165,122566.396,125545.695,119681.631,118307.697,114500.094,108582.530,105237.138,110442.571,112463.848,121366.185,134613.158,149807.874,162940.795,178197.840,197672.425,203220.625,213163.843,210579.455
Sacramento County,CA,6,67,146896.023,165542.373,195779.296,230135.559,269863.019,336654.440,393272.600,366284.359,309540.289,229505.776,206363.799,195606.302,175369.073,197746.052,258084.889,276860.313,303893.606,330922.994,362354.581,379329.375,396471.283,441154.211,523509.670,522440.486,527522.584
Suffolk County,NY,36,103,191140.731,219773.169,255422.267,304158.094,355145.526,405068.045,456685.570,468326.618,450696.281,415624.786,394086.450,389029.555,374687.426,364284.643,376290.465,387269.414,402570.912,410550.962,423581.726,449422.138,479079.939,510538.634,577811.899,600776.469,637275.290
Palm Beach County,FL,12,99,143337.728,152963.158,169561.031,192224.147,222812.703,270149.192,342577.715,355285.120,295253.889,238043.179,210570.157,197730.920,184581.468,194920.668,231319.978,258043.832,282862.068,300615.035,318024.011,333396.780,344200.030,372249.686,462459.503,539391.528,564768.765
Bronx County,NY,36,5,218599.054,237277.834,255471.580,282029.167,293508.584,338067.433,392990.062,437201.030,448330.092,408881.878,375148.975,356085.646,342826.751,359143.487,375288.515,384884.348,420613.548,445431.183,475523.005,508241.426,547449.756,564750.931,608324.462,612915.922,627026.798
Hillsborough County,FL,12,57,107250.213,115481.760,124915.978,135920.391,150642.875,174078.596,216622.584,243689.457,220731.096,173793.549,147366.395,137047.403,125224.602,136451.867,159470.590,171508.793,187404.359,204039.412,220868.383,234332.141,244388.521,271002.003,340504.846,391536.575,397908.074
Orange County,FL,12,95,129924.704,139930.292,150986.682,162673.631,177475.106,204300.772,268029.120,300373.582,269174.856,199810.783,164331.127,147870.755,138825.513,150599.303,179772.996,195377.385,211412.131,229218.764,248129.175,267148.396,279282.940,302514.752,361514.987,414898.638,430765.219
Nassau County,NY,36,59,249400.077,279447.006,311975.357,358220.398,410021.841,461539.197,517015.253,523747.412,502594.063,469112.675,441864.893,437345.952,420050.401,425370.141,446750.415,465984.877,489971.025,511231.603,546172.464,570561.050,586523.128,620420.044,670611.986,700651.533,736979.863
Franklin County,OH,39,49,116806.825,121836.348,127121.474,132389.798,137678.716,142604.215,146422.949,146911.708,143857.149,140006.962,135446.270,130763.770,122694.048,122912.452,132438.977,138419.112,149941.540,163015.677,177462.812,191004.520,206291.942,232689.398,259323.457,285957.162,302475.155
Oakland County,MI,26,125,186539.770,199301.273,209196.548,216691.069,222671.169,230439.119,233446.855,224168.637,203464.859,172043.475,149762.942,143874.760,144079.573,159551.706,186770.370,201762.411,213087.407,225956.737,243235.991,254761.811,263954.544,286587.182,317172.103,334524.768,351406.217
Hennepin County,MN,27,53,154118.965,174572.164,198669.599,217517.571,236025.394,255139.105,269000.504,269490.829,259418.674,233025.140,226293.622,214077.186,193015.545,212291.965,234423.675,242937.563,257071.703,272344.810,291709.192,309497.863,321350.446,343911.800,372587.597,384988.742,390701.132
Travis County,TX,48,453,187026.565,194041.632,196657.931,193990.543,194304.897,201626.154,206977.825,215112.426,225169.564,218545.788,214018.165,208276.479,206514.916,223532.756,252126.020,280847.622,306781.348,324870.489,337806.153,351279.150,370393.756,426697.899,565475.476,569168.259,528437.789
Cuyahoga County,OH,39,35,108226.554,113546.856,117617.267,120791.573,126158.243,130307.112,134106.550,132388.516,124752.210,115708.652,110844.288,106043.536,97848.296,98638.448,102576.522,103093.399,110505.577,117168.689,125181.895,134408.134,140808.877,156579.876,171274.923,185500.706,197935.998
Allegheny County,PA,42,3,85566.114,89153.377,93598.955,98264.877,101295.026,106130.066,109985.648,112196.541,115824.402,112982.476,117568.055,119071.246,117925.742,118837.990,123210.691,127523.303,135335.991,142414.921,150239.090,158950.749,168743.986,189248.437,202994.291,211486.913,221893.585
Salt Lake County,UT,49,35,179573.004,187911.973,190927.146,189895.405,191870.869,192498.241,201493.183,240020.019,271972.638,247551.537,223449.373,209045.110,196712.698,219590.063,247091.909,254941.571,281350.844,300654.005,331958.757,359848.202,384068.934,441580.546,539508.413,558528.345,561163.583
Contra Costa County,CA,6,13,275617.087,316755.924,356719.289,404760.870,466240.661,572981.151,680813.053,694464.634,555591.129,401364.728,331041.120,311830.205,298110.747,345713.872,437922.519,479152.068,536683.552,569206.905,615814.301,644006.223,653375.535,726484.569,847731.470,830084.114,836851.238
Fairfax County,VA,51,59,220798.723,252266.713,290357.624,330121.488,371846.547,460998.372,548244.368,521006.571,479657.790,423318.929,425528.514,433585.048,437085.563,486259.072,521049.343,525988.088,532448.747,542190.903,558291.524,573992.763,597486.031,652330.594,689541.842,720548.821,757798.942
Wake County,NC,37,183,189330.758,195711.543,199846.117,202518.191,205726.071,211460.404,223211.208,237265.992,247574.445,237969.341,231773.018,225684.071,215044.975,219718.539,232168.047,244166.065,262850.764,279326.010,293546.099,307907.613,319665.478,345315.458,432742.462,472263.538,483010.207
Mecklenburg County,NC,37,119,156964.353,162225.313,165648.009,166830.544,168019.495,171130.594,176471.338,186157.594,194481.199,184615.516,175640.886,163316.318,152702.618,159317.107,175577.673,184759.897,200406.790,218527.637,238503.662,255646.403,268460.443,300222.483,369679.609,406934.461,421312.160
Montgomery County,MD,24,31,235910.165,257713.186,294395.294,344395.048,397045.306,467131.705,547778.814,565476.206,526956.051,445071.683,429183.429,432208.588,428363.130,435919.642,460665.883,470883.792,479544.777,485938.981,496485.231,511892.023,524097.722,566580.259,610962.569,628161.673,646255.049
Fulton County,GA,13,121,169132.429,183830.075,196926.165,204842.249,209970.117,220206.515,233048.715,242496.181,244014.040,218368.202,193383.890,181394.586,168384.368,175589.173,202870.119,222377.250,245066.773,266070.223,288809.153,309385.854,320256.517,347514.878,411626.350,450411.380,468278.545
Collin County,TX,48,85,187971.548,188465.343,187749.581,192366.705,192936.566,202169.445,205869.280,211557.240,214031.423,206753.134,205761.381,201362.159,199878.182,211724.171,233527.903,258693.995,289651.325,312427.847,329414.911,332384.918,333613.353,359198.729,452551.189,505832.449,517102.333
Pima County,AZ,4,19,124382.268,129390.305,136844.897,146293.474,157535.765,179350.794,233470.176,242435.450,229061.868,196152.531,176362.588,161275.171,140363.388,158857.351,172880.608,177856.765,184527.297,194529.531,207594.200,220798.949,237065.670,267681.283,326533.756,346836.891,354047.035
Honolulu County,HI,15,3,274855.299,288890.250,303250.037,336434.548,390047.687,474489.924,595547.245,634470.309,637604.731,605354.400,552208.561,586774.464,572658.958,590761.090,632438.038,670267.967,701711.063,747634.489,783626.472,804063.733,807496.547,855150.822,990127.532,1058805.457,1044501.525
Fresno County,CA,6,19,113518.246,114383.243,126104.573,148496.862,182425.072,231213.576,291408.670,300362.118,263813.401,193452.382,169911.927,160092.742,142061.818,158585.306,185596.531,199282.794,214396.966,228062.767,248628.412,266455.151,277885.835,307034.435,362239.351,381329.180,391791.937
Saint Louis County,MO,29,189,120217.225,129588.774,138426.480,147708.202,158409.650,168060.978,176721.960,180223.345,176060.387,168579.146,163983.070,155216.175,143213.695,143330.550,150081.100,154918.523,164490.675,172922.046,182096.114,189190.929,196297.897,215853.743,234163.012,255381.936,269117.197
Westchester County,NY,36,119,313332.297,348369.649,399188.974,453839.573,504668.266,561713.538,627599.514,643503.364,626011.708,601444.397,556636.694,550916.371,525827.497,522327.852,547412.027,576304.078,597521.086,608911.773,626993.716,638690.250,637105.628,675556.465,732135.772,776677.822,816210.980
Duval County,FL,12,31,97013.302,102678.104,110710.618,119826.778,131265.263,148425.089,174308.668,193867.483,186204.032,164144.400,145268.668,129651.050,112708.279,115113.304,130973.446,139045.640,150516.201,164977.144,180805.769,196560.242,205668.347,226503.277,276323.214,317351.715,313361.209
Marion County,IN,18,97,,,,,84779.77715,87548.41,93988.70691,96310.99527,95889.0018,92666.82308,94621.08631,89960.11,85279.76329,88239.97064,91998.6988,101227.3362,106472.4992,115769.7089,126833.2973,140305.9648,151448.3281,171652.946,202468.0862,222963.148,225896.7571
Pinellas County,FL,12,103,105065.2577,114742.7121,127136.5541,142019.0852,158673.1072,184214.1135,228520.3389,240765.478,211566.9207,174488.7215,154469.2942,143698.3367,128623.6591,141157.5404,161572.8307,175144.6878,196711.7347,217634.9995,237687.1471,253735.5713,269710.4818,299680.6173,369077.0097,413320.6154,432181.1348
Prince Georges County,MD,24,33,156123.7748,159272.07,171123.5315,191390.378,216984.3849,263036.9194,333653.2821,377931.6575,361309.3728,300028.6944,233772.7506,214614.7725,202863.04,212634.6515,240283.8179,260523.8934,280394.4877,297176.4682,313513.7691,323689.4892,339555.3913,374667.9576,409436.7526,417415.6467,427265.9421
Fairfield County,CT,9,1,294877.133,328338.7702,360326.44,404417.5535,452332.9928,510494.2647,558077.42,556126.0267,537862.9303,490110.9492,454390.5168,434483.3355,415997.3488,418393.60,439875.4649,443552.894,452823.4782,455506.5323,461402.2484,461254.748,457997.69,506951.0191,567566.4377,614665.3588,679922.822
Bergen County,NJ,34,3,247768.962,272197.4891,301188.0423,344889.3585,387869.8748,445184.8395,502788.9431,505605.5399,493259.553,456286.631,445411.0054,437201.3515,416575.8699,430693.6423,456124.8378,470939.6777,489186.2977,499593.4482,516776.83,525362.0002,533676.71,574508.1381,619587.3911,647520.7742,689930.45
Erie County,NY,36,29,90950.27618,90948.29694,94592.62719,97843.85436,106067.2287,109287.2814,115883.5892,121796.2928,123596.8572,124604.6448,126448.5673,128179.2584,125187.8118,127636.3602,133376.1929,137348.1129,144753.0071,152206.7403,162537.6289,171530.866,180861.5254,202273.3772,224517.2071,245948.1936,261768.5008
Gwinnett County,GA,13,135,159056.3948,169500.1347,178582.9345,185041.4018,188907.0003,193437.2816,200758.5727,208501.0008,208649.6509,184963.114,168227.5712,149174.015,132594.5741,135418.0896,163011.2676,178307.8724,193539.8548,207635.6225,223525.9771,241376.2017,254714.7106,282321.4588,356259.8821,394291.7086,405638.4661
Milwaukee County,WI,55,79,101515.982,106563.5675,114830.5009,123137.0968,135426.5591,149616.4228,163510.008,166756.1429,164395.0761,148475.4608,143480.9293,130976.9695,119865.171,121554.8349,126620.1251,131114.343,136436.1607,145001.3367,153847.0787,164416.8043,175477.1147,197868.4859,214718.1112,233512.3547,255475.4106
DuPage County,IL,17,43,207644.576,223091.1625,242956.2026,262547.2708,283544.6576,308763.9816,334543.8894,345641.8816,338068.7522,308741.7803,286070.3349,270655.9799,248035.1835,248244.7969,273570.3826,284249.3812,291688.1202,297285.99,311362.7804,317086.2847,320171.6692,339003.7402,363834.0864,380375.0929,408232.6306
Shelby County,TN,47,157,106987.6582,109879.3354,112300.7707,113707.3514,116336.0708,119164.413,123941.1831,,123076.6732,109109.2943,100625.5637,95823.67983,90426.55601,91318.03503,98509.41473,104192.5917,108943.8628,115222.07,125988.9024,137904.9374,148101.1453,169873.2145,200373.4218,221319.7115,216200.4978
Pierce County,WA,53,53,175764.271,184258.0782,195319.876,197224.9379,213220.4304,241766.8634,286503.6689,319528.3978,318657.9844,287565.0212,260363.4584,242396.2391,210413.8653,202109.8812,222746.9358,237783.834,262855.4631,288918.1027,320728.2694,350802.943,378552.5875,444347.67,517527.563,529061.7556,542126.5207
Kern County,CA,6,29,98562.90995,98679.37863,105518.5022,118029.3893,139450.1735,185304.8243,244720.3554,269423.5974,235276.2722,162601.8625,134719.4849,129743.5389,121683.4839,136095.3655,164796.5441,178427.57,191008.724,198553.86,210690.8083,222944.5002,234920.8458,261099.1097,308628.123,329786.6494,344772.4971
Hartford County,CT,9,3,156536.25,166283.90,180434.447,197706.824,218383.3511,240375.9904,265465.6416,275115.2035,269724.0422,247020.4502,235121.9151,229178.4367,214884.4617,216042.5048,219959.8228,220097.8569,223412.6469,227874.0483,234291.48,235368.8747,239163.6438,262900.1729,286853.2477,316406.9026,354047.0588
Denton County,TX,48,121,163879.5387,166729.3769,166493.8381,171237.0965,173777.1208,180223.3316,183717.8877,189391.9381,193864.6825,189632.6519,190939.6912,184389.3875,182433.3632,194674.6587,213130.5324,231175.6436,256981.7355,278333.3482,297056.7502,305619.6884,309569.7808,333930.4274,410383.0107,456548.1819,457724.6436
Macomb County,MI,26,99,142477.4588,152217.0117,159885.2428,164092.6346,168585.8601,174390.0621,176627.1591,172329.1703,157442.95,134940.8578,106975.1521,103672.1906,96596.14184,104521.2802,124875.7757,135491.8013,146220.2907,156822.3106,170992.6959,180229.778,190715.596,208847.0544,234381.7216,248290.0492,261127.4902
San Francisco County,CA,6,75,413928.1943,503708.885,535763.24,577529.8059,621775.5201,737023.3811,820385.3231,807070.888,822775.9928,739954.4676,685789.5003,666597.8311,627429.7643,753712.2306,870904.5395,1017143.977,1186159.767,1191270.655,1328694.413,1387363.082,1412129.176,1448943.052,1564571.448,1421557.203,1351608.784
Hidalgo County,TX,48,215,,,,,,,,77672.43,78139.84131,77599.11913,77349.02924,85107.13611,83094.14244,81773.72,85334.548,89736.86964,95630.36078,100674.0165,103430.1316,108351.9352,115829.2495,131941.01,148442.7288,170149.2127,182810.3897
New Haven County,CT,9,9,154522.2269,166543.4487,183985.3294,206832.4092,232826.2679,264299.3628,300078.4375,306074.3212,294226.3598,268294.9582,249686.3398,242957.3854,225327.9389,220175.2332,226258.3072,225050.9081,226828.3828,229107.2191,236402.2541,240640.5384,247839.3314,277337.8906,310144.7165,341386.8216,377360.8833
El Paso County,TX,48,141,95859.96839,93613.59261,91499.66858,93816.93802,97415.51655,107297.6902,115272.8303,131594.8494,140085.4345,132231.4372,130041.4454,127997.9578,126250.0454,122177.9105,122184.5866,122885.0471,125990.2808,130007.1269,132659.8884,136113.5879,140477.2241,154351.1839,177496.5027,200849.7165,212735.2186
Middlesex County,NJ,34,23,193210.2945,215131.9191,243843.6075,278720.375,312600.6655,356576.1424,407235.4862,415023.9483,397089.9366,366809.0239,348326.8581,334668.3543,310718.2703,306164.5447,322139.7638,335511.4431,348546.4156,352602.9547,366639.0036,380775.7507,400118.5088,428746.7464,470960.143,496791.1268,531009.62
Worcester County,MA,25,27,171679.2474,193192.4872,222098.8618,252636.2143,284563.6706,311045.6786,328633.3658,315807.132,296843.9162,266393.8456,256531.0804,249074.258,232616.6273,221540.2608,235018.0778,243081.9463,254868.82,271234.2443,290092.497,303632.1255,317164.8277,358732.1487,395899.497,428643.1805,468603.8304
Essex County,NJ,34,13,198810.3584,219523.7889,249701.4515,285465.9721,320190.3448,368318.8715,418914.9941,441591.2476,427343.9582,393700.897,362434.5791,353769.0948,326129.5673,329050.6423,342786.7066,366264.9388,382882.3778,393178.0795,411634.8278,428049.9289,446101.4016,494599.3064,534260.0105,565341.6212,614326.9748
Montgomery County,PA,42,91,162135.9164,170902.3344,183552.5561,207447.9561,233458.4014,264896.6575,296465.1229,301673.5807,298566.1919,283049.0349,278093.5501,271539.0172,257639.3929,262586.8159,273688.5028,276986.3049,285318.4791,293011.9541,306217.8119,314818.6558,325107.5589,359079.3145,393433.2199,431167.8439,456269.9753
Baltimore County,MD,24,5,138808.4143,144850.8547,151995.6018,166688.8251,188926.2808,224243.6551,268044.1241,293766.1558,293571.7489,269988.7784,249334.8461,233356.5423,220676.9858,223965.4589,232540.2359,237815.9896,243345.0831,250337.8333,256289.2899,263104.1255,272932.3823,293884.0454,323425.5976,335606.5177,345399.074
Ventura County,CA,6,111,269797.159,300779.3735,330093.29,386002.3104,465943.1653,578577.7439,659294.8521,655207.3638,570610.0138,463642.07,441210.4821,441295.4956,406522.3328,413151.8593,485696.6258,515411.3318,548838.1989,578211.9264,613845.0912,628292.6719,636788.5271,702093.6399,797642.0808,827190.56,870403.8859
Hamilton County,OH,39,61,114425.6746,119715.67,125014.5238,130656.5289,135753.0605,140008.205,144009.9765,144871.8689,142260.2786,132701.8472,132156.1578,125886.8461,119899.2237,118725.0515,124626.4746,128578.816,137272.5066,145136.4934,153677.6341,166226.565,175864.8335,199372.6102,220897.3408,237035.4475,254373.7655
Snohomish County,WA,53,61,222285.14,232125.6832,244361.8345,252790.9668,265489.4876,289441.1677,338917.1517,388076.157,395077.0846,341391.9816,306053.7991,275394.1405,244929.0611,258302.4363,298639.0942,319672.8621,354314.8251,393705.4157,442288.3673,476120.9401,494946.2952,566754.5833,688547.3709,710454.9676,737475.7361
Multnomah County,OR,41,51,161945.0778,167737.9078,175088.8095,185366.891,197772.0434,213218.2183,252461.9126,285659.3353,293522.2228,275609.4845,256454.8853,240432.6812,225379.4164,244016.8138,273437.674,298050.0156,350021.3254,395092.444,413805.9947,416005.9701,427033.0447,471186.2399,527832.0435,517242.2895,513166.52
Fort Bend County,TX,48,157,159341.2896,163123.9157,163520.1646,170734.4341,175155.442,186320.6537,189041.2356,194805.7209,199895.8173,191130.8689,194083.4878,190795.2182,185553.8267,191508.48,211165.7638,235019.3305,254154.15,256771.9154,259891.144,264664.0793,268422.56,283955.1699,341321.8303,377486.142,381563.0489
Essex County,MA,25,9,233043.8824,265311.7122,300038.7143,338333.1796,372789.9525,404723.2255,422691.2156,394224.3842,373439.192,341804.3449,340297.2756,341139.0015,323777.9604,341001.75,366989.4403,382787.4788,408797.4298,433114.6553,462045.6255,483523.8867,499254.9756,561171.4086,615234.8897,652423.425,705978.6906
Suffolk County,MA,25,25,196889.6625,224573.4761,262068.053,301016.47,337129.1274,370087.1443,389816.204,368092.0008,353005.7233,319638.5605,305361.8362,313855.3362,305266.09,338111.7802,382679.8263,412804.9641,463771.7924,500086.409,544137.7901,579973.14,595095.648,652739.4799,693951.9326,704269.2321,729767.7335
Oklahoma County,OK,40,109,85217.42,88620.72,92315.42,95967.35042,100817.7376,106443.9915,112602.2028,117921.8244,119055.2455,117167.1306,117854.1205,115580.3235,113617.8122,114813.0547,119091.2191,125137.4767,125671.5039,130453.2985,139063.3288,142875.9869,152006.9146,165358.2457,186137.32,208074.1355,215652.4096
Jefferson County,KY,21,111,105709.4187,110640.2683,119774.823,123301.6942,126129.1622,126808.604,134685.6038,137351.4315,137560.7366,134041.424,135575.7832,131730.3756,126285.1119,129379.395,136320.0902,140985.1909,147074.0791,155726.6705,159662.6469,175006.306,186588.1438,203616.0383,220668.7029,233530.0076,243681.4351
San Joaquin County,CA,6,77,161784.224,183367.9056,220838.0869,243640.0553,276196.0501,347148.5172,433206.0781,432313.3198,327565.2769,194487.1067,178566.4281,176107.2378,159066.7449,179207.0825,236811.28,266481.27,295038.3373,322834.6137,355315.3297,380467.6761,393946.1977,437730.9347,521887.0556,527205.7665,533202.0066
Cobb County,GA,13,67,159622.3575,170231.6917,179898.5999,185915.1691,191666.0079,198168.848,207083.98,214355.4171,211761.1629,201394.1787,187503.8884,170660.441,161111.0333,168218.1611,192012.5035,206917.6928,222210.2974,237895.8275,254411.0337,271723.5537,284137.7403,312267.2731,377715.3976,414466.1527,431801.0001
San Mateo County,CA,6,81,435912.80,534237.7503,553489.0754,599366.16,628435.8099,738436.88,830006.9627,835478.2825,818410.03,702290.0737,676845.0949,638215.63,607296.6838,714266.2144,848720.1703,965302.1571,1135591.428,1171142.086,1326164.953,1416003.01,1399565.612,1491190.088,1663931.026,1625209.473,1618701.868
Dekalb County,GA,13,89,139631.5353,152880.5214,163523.5397,168099.1735,170671.9686,174360.4394,182091.5159,184086.2673,179578.6243,154214.1604,134006.0695,121820.3524,106458.1815,115120.5042,140279.1959,156278.8768,173261.7636,190045.6704,212082.9161,232930.4579,240786.9883,266625.9049,317492.3392,347197.2533,352730.0293
Monroe County,NY,36,55,101061.9148,103819.4637,107282.8407,110972.3931,116699.8042,121293.8792,124587.9454,127719.1468,129291.5521,129081.26,130154.786,128553.8207,126587.9507,126554.4873,129662.5645,131525.61,136270.96,149103.4315,147585.7335,152955.468,162011.484,181960.9125,199347.7676,222069.1039,244286.1142
Lee County,FL,12,71,122763.6025,131084.0715,143343.5979,160597.3162,180174.7977,212743.2481,290223.1163,303773.2334,236923.7753,167433.6396,133956.67,126887.7528,127523.8755,144910.0908,168436.4699,185649.03,211090.1536,227630.2469,236510.3692,243267.4793,247523.4342,270416.5405,356399.6922,410380.4696,411097.0638
El Paso County,CO,8,41,163900.0732,173555.3851,189071.4662,194647.1456,200609.9997,208111.0535,221007.2154,227138.6175,227864.7482,213303.3978,214892.2844,207755.4726,201682.1163,210757.836,220212.0799,229338.6304,245561.2696,266496.9113,290543.1483,315714.4512,336984.9,374518.0957,447871.5108,457816.1637,456837.9632
Norfolk County,MA,25,21,245000.0773,285612.9304,325129.6972,364230.0012,399076.7302,435025.8362,446357.8845,423794.0324,410990.6933,384060.2483,376970.8529,374993.38,359048.23,375372.31,407613.1941,426404.1673,453608.4025,480258.6967,507683.1895,527511.1316,539326.6283,595390.5992,644939.5477,680889.5678,735309.9348
Lake County,IL,17,97,185487.5508,199562.0141,215872.494,231648.1123,246393.1761,262338.53,277759.9208,285122.4186,276358.186,250467.0049,229140.3631,211843.83,194085.5906,197967.9368,220891.6729,233242.6435,242234.8418,248187.4976,255204.339,256736.1363,258644.3434,275760.84,307332.1892,328814.6681,350012.6857
Jackson County,MO,29,95,82582.62617,88432.30395,94761.62408,100556.6022,105656.4292,108131.1775,112181.5169,115656.4787,114148.6409,108326.3826,105585.9648,99149.61021,89970.68434,89343.25732,94705.06,102108.4089,110461.2016,121911.7815,135063.0062,146818.0638,154619.4471,175792.86,197735.7857,217170.0837,230726.1484
Polk County,FL,12,105,91770.22,95944.92311,100839.4058,106179.3359,114758.0144,130239.8456,167293.3869,187393.0993,174801.0831,145154.3776,120996.1882,105861.4569,96490.90755,104416.2714,122263.9219,133983.49,145268.5754,158683.5958,173167.9147,189877.7509,201748.5124,223586.86,276180.8416,318463.5867,318403.706
Hudson County,NJ,34,17,159531.6815,173685.19,200135.6023,232509.1505,270483.2287,324236.3468,387460.464,420128.7679,409029.4672,341124.4096,303881.816,287573.9622,266744.0592,272490.9011,296593.411,317419.4115,344113.2104,372920.6143,415896.7229,445345.8525,481683.669,521688.2508,558427.4371,565454.7408,583965.7104
Davidson County,TN,47,37,134820.6708,138702.4137,142801.4701,146042.5149,149627.5522,155003.506,167567.4845,177275.7167,179757.3591,174450.5283,167719.3062,160612.1533,154485.5073,160459.1276,174228.1806,189328.9624,216637.3722,244816.7109,270310.5464,287115.1245,295025.3501,324124.6946,387481.2117,433418.6535,436680.0819
Denver County,CO,8,31,182957.8762,210478.7211,234720.8706,241651.5145,243762.5251,250308.1542,256435.9165,258803.6061,253226.3798,235475.6681,240694.5878,232953.6187,230616.6078,253422.4507,282409.9368,314756.3477,361927.3462,393968.981,422181.0233,449351.5229,463928.3187,503689.10,579844.2282,604353.1107,601978.073
Will County,IL,17,197,163818.5842,170748.5222,181090.3343,191987.4662,206524.1251,221080.9519,241369.4098,251134.63,247711.1023,226989.5133,212472.0581,198436.9795,183536.3902,177122.2181,194563.8661,201333.5939,211149.2199,220814.1604,232227.4589,239755.0188,246900.4346,262414.7802,292743.7847,311483.3473,331609.1088
District of Columbia,DC,11,1,182193.3938,194198.8128,214450.4555,246956.3625,286184.8947,345739.573,414373.1735,427687.8333,431797.21,403768.0138,384344.2175,386548.1934,379631.0384,419703.8969,481191.5484,521543.1024,560999.7052,582977.8627,608374.6988,645298.90,659768.5751,711271.6842,736287.784,731312.5228,719186.4043
Bernalillo County,NM,35,1,,,,141386.5052,146194.0097,153717.8227,170451.9815,195276.8144,202810.7791,188864.2925,182423.7495,172694.9614,164231.5282,165413.0047,169873.7887,173081.6934,179661.3225,186585.6517,192158.19,200028.8798,215119.1529,242640.3695,281277.8716,309065.37,329475.57
Jefferson County,AL,1,73,,,99837.43288,103288.7815,108395.7848,114298.3985,121713.163,128523.5751,129432.133,119125.4152,113374.8402,105452.2363,102113.4159,106752.1666,112051.8892,117040.5621,123086.5427,127208.2478,132802.7776,140439.9031,150042.0137,167292.9094,188531.1744,206612.1423,207390.7204
Tulsa County,OK,40,143,105801.1568,110544.2738,115468.834,118518.9427,120649.1335,122703.0113,126005.2789,129855.8126,131399.3347,130593.2915,131197.3049,129170.7445,123677.429,125636.9947,128579.746,133213.6708,133605.0451,144981.0317,143907.9328,152808.8783,162256.6608,180842.7445,206529.4093,226486.14,234825.6674
Providence County,RI,44,7,125043.3561,134783.6309,154125.3423,182168.5914,217268.6083,255634.0895,279182.1598,271812.89,257944.6642,219527.4202,208390.3945,203728.5037,184018.8392,180581.1569,190736.60,198104.1905,211943.3885,227452.1775,247526.5096,262712.1569,274708.5914,309517.9915,349309.53,376678.6582,407222.2113
Kent County,MI,26,81,116298.1062,121739.4119,122720.1647,128414.5162,134593.6049,139293.4067,142268.8884,141173.4139,135577.4727,127715.9141,122645.5937,115112.535,112268.65,120249.5665,134486.5177,143062.2972,156236.3949,172683.5193,187793.8229,200913.6611,213953.8747,240054.4674,274971.47,293178.45,311446.3877
Arapahoe County,CO,8,5,186372.4888,213861.5234,230241.8542,236079.6092,239483.2314,242336.1249,247213.5314,243582.8256,235903.8861,221549.3012,218228.5882,212860.4217,204947.6998,231332.0657,256902.18,282168.5487,322956.47,353540.7226,379693.1423,401285.7194,416920.9891,453144.7007,535808.5378,554475.88,558259.3446
Utah County,UT,49,49,,193991.401,200011.3292,196579.8855,197561.2902,198889.1012,207243.6693,242728.9509,278279.9115,247894.6768,221414.5393,201985.6686,193685.401,214093.298,241334.3016,251164.6351,277130.9216,298396.93,323222.9216,354274.7756,377840.8613,430362.6524,533078.513,546582.073,544567.3131
Bucks County,PA,42,17,170507.9406,181287.6064,199299.8855,226697.6826,256611.1643,286506.4733,319598.6256,327368.2171,324338.8781,307705.3475,299558.42,289353.6493,278323.0925,276162.0116,285949.106,292010.318,299112.0845,307307.5154,320396.9755,328772.2384,342598.5587,378405.0601,416596.6037,453229.787,479460.6154
Monmouth County,NJ,34,25,209706.0943,237391.3381,269437.8801,309066.4782,352662.4413,404029.1348,452237.8533,461416.1296,443327.448,407487.8888,388793.4625,381554.4737,356910.4698,362353.6799,381481.5309,399873.7759,417048.5026,428192.9767,447142.6873,468377.0122,477107.1741,528772.0682,602543.8719,660729.9061,715776.9956
Ocean County,NJ,34,29,144690.1104,158148.4776,178730.5621,216221.2548,254743.5008,296074.0141,335501.8329,345219.4801,324094.6097,295990.404,276207.5042,265782.2421,244705.7051,252820.6933,259141.1317,268965.9929,280506.59,286771.61,296613.5406,305660.6778,316452.75,355164.2838,426022.1429,471716.5724,506920.0852
Montgomery County,TX,48,339,148916.4163,149530.2915,148378.9008,152871.259,155244.6817,166936.5357,171230.1375,177813.7092,183319.5769,180429.0848,180014.876,177837.8784,175593.3582,183674.1991,199923.3452,222881.1162,238307.1205,238981.854,241965.6254,249603.1038,256759.606,274674.9242,327457.8322,354491.2205,353658.85
Johnson County,KS,20,91,,,176829.963,182235.7749,186574.8659,192848.5637,202320.2115,206162.5395,212122.5393,209472.7347,209702.2227,204261.222,197354.3546,208690.7775,220717.3024,232067.5534,244561.6946,259171.4706,272546.0957,286143.7768,296381.075,323820.28,359728.293,391086.0307,411855.3991
Brevard County,FL,12,9,106127.4679,110992.3173,119139.2355,131419.6791,149900.03,190626.5786,245698.6242,247206.8641,203261.1465,159049.4894,139283.1816,124767.9894,116012.0435,120977.9989,137537.7396,149868.5329,169251.0977,187422.2063,209137.2264,223154.1237,231891.367,258477.9998,314748.3668,359727.2527,365184.6915
Washington County,OR,41,67,189532.8049,195754.3969,203819.3497,213059.3723,222464.8938,243525.0326,295253.7972,329072.1466,329596.8356,293535.4775,271107.0494,253707.1879,237383.1842,255983.5472,290395.9879,312488.44,348230.9028,387085.674,409008.4741,426323.3307,439240.4828,480437.5127,560703.3065,583604.89,588953.017
Baltimore City,MD,24,510,60726.93724,62385.52093,64163.3737,67842.10,71885.0425,82423.39342,101036.7387,119012.5658,125586.3408,120912.5162,107091.2347,97569.26709,81475.74683,86832.99,99312.73,101532.2735,105663.9001,110411.1234,117164.1329,127606.4082,138906.5993,150702.8627,169101.8463,173514.4419,179181.3697
Williamson County,TX,48,491,,,,,,,,,197993.9818,193417.2842,191028.123,184071.1256,182973.1752,190483.0244,209396.2145,232963.4021,253401.3167,269494.8213,278677.353,285065.4067,295544.6991,333482.423,466123.5231,467754.7487,435312.9028
Anne Arundel County,MD,24,3,172683.8768,182748.1459,197569.207,228023.743,264939.9558,321668.562,385019.3459,402301.9887,382299.1278,350550.2074,326630.1197,313551.7159,302347.362,320292.1181,336206.3827,342618.7048,348138.5563,356493.846,365891.5245,374269.2801,383901.13,415191.4487,449979.3614,471954.8801,485224.2467
Jefferson County,CO,8,59,198199.5532,223198.1408,242583.1447,250696.836,253268.4987,259828.1512,266485.9289,264621.9843,263509.9134,259314.0351,257156.9215,251657.8603,245757.7714,259018.3397,283389.6964,310611.1683,354060.1024,389304.1268,417978.9253,441011.693,465733.8704,516831.6809,598326.6154,624468.3008,633514.9427
Douglas County,NE,31,55,112685.9425,115264.8969,118274.0434,122710.0041,129560.4798,135116.7312,140868.8602,145847.1981,142068.9154,132199.6272,139623.3161,130987.3267,127920.6134,131368.8289,135983.1126,140304.2676,149284.7581,156756.0107,168795.8712,179421.6559,191496.5848,213693.8258,235631.7034,259238.0594,272636.2108
Bristol County,MA,25,5,165656.9921,176969.9429,204450.2393,242843.3516,284413.1552,321445.3037,338689.4207,329245.6332,311022.9264,279710.902,266984.1791,261201.7883,246884.5478,248861.0238,264021.0353,272595.3833,288583.7535,307253.3064,326231.7246,339605.9781,354720.1123,399109.9034,437091.5181,470219.4492,504845.5458
Delaware County,PA,42,45,117983.7927,123614.2797,131542.1569,144909.1122,161460.40,186435.5941,207551.4944,218140.9744,221812.8718,210996.1902,203392.9297,199303.7512,186880.4991,186006.3551,188183.6672,188941.3115,194901.7273,200771.7075,210675.4868,219487.9404,232146.659,264750.3301,288205.2673,315721.6453,339435.902
Union County,NJ,34,39,202337.2169,220678.6203,248009.9651,289860.2058,327823.3863,373676.9341,430335.2929,447022.2191,434106.7936,386634.0582,355347.31,345042.3459,320736.5272,313284.8388,329578.115,340617.8607,348306.4931,360872.5636,386837.2879,401952.4151,417732.6436,457518.4813,506420.0098,530054.7899,571752.9812
New Castle County,DE,10,3,142579.3404,149793.1229,158705.6576,171246.82,189648.2857,217318.0151,248608.8424,263539.09,261008.7011,243048.1307,232441.5233,223394.0944,205903.2004,198536.5558,206422.0208,212824.4735,224643.8763,239205.2676,245249.8155,253527.7829,254616.522,279641.7281,300995.7203,327716.9098,349057.772
Dane County,WI,55,25,164744.9141,171604.3859,180811.1988,190098.8552,203484.8521,222089.0037,238003.2185,244856.7698,248522.9914,236439.3647,236085.0415,229048.7454,222635.9116,226989.8022,238563.9274,246246.0676,261064.7868,275945.3745,290255.6794,304241.0327,318408.1726,346892.9772,380296.7103,412389.64,437597.135
Pasco County,FL,12,101,104494.7772,111005.0364,120035.3372,130373.2724,146770.7028,172004.9832,218705.8335,230053.6353,204116.3231,165301.521,140995.6761,132176.3325,118258.9657,120631.8645,139126.5473,149282.3376,162673.4765,179356.47,196645.9055,209059.5728,221091.2147,246512.61,315463.0175,358825.1468,361872.2384
Stanislaus County,CA,6,99,144997.0587,160304.6987,194719.11,221208.5279,256530.4277,314350.4226,395432.0631,391734.8113,306781.1648,180113.32,151723.7418,149545.6848,137451.6021,151375.4121,198865.42,226905.6896,250573.9918,271753.617,296747.00,316347.8695,332772.3282,372376.7474,435479.5186,443156.3813,455981.3331
Lancaster County,PA,42,71,,,,142412.1331,151546.9084,163409.6888,188942.5334,200780.0187,205874.5406,200452.3674,197923.5933,191223.7341,185424.6825,189140.4284,191620.8528,195973.4935,202567.5793,210381.0192,220739.5117,231403.7,241563.2111,264833.7193,295376.96,323677.8461,344988.1129
Ramsey County,MN,27,123,125610.4882,141870.6525,163112.0864,179583.5231,196008.57,212596.0482,226688.9893,223827.5896,214907.8539,196811.6281,183048.2089,173050.4871,158688.8071,171289.6793,189924.0035,198529.5204,211271.5192,224774.4165,242872.4637,256194.4025,265803.5029,290986.0279,316378.4576,324999.2047,332003.5482
Volusia County,FL,12,127,94516.64645,99675.96422,107455.3706,118096.1238,134503.3349,160995.8951,206141.593,223562.2113,192579.6281,153744.0756,130096.087,116578.266,103874.538,110348.4777,126882.4629,138221.9744,151358.728,168562.1405,188256.6903,202726.0271,215256.8709,237819.797,288052.79,332022.92,337056.3489
Summit County,OH,39,153,102057.4882,105819.4641,109506.2607,113051.0459,117256.7273,121068.1198,123657.8501,124978.5604,121319.4105,117212.6452,113406.514,110616.0904,103428.3318,103164.3409,108562.3892,110572.162,115702.0368,121049.6889,128573.8045,136666.5474,143894.9345,160554.66,174610.7783,188115.77,200191.0326
Guilford County,NC,37,81,116419.7286,120008.1982,123408.6853,124656.4755,127200.6539,131419.83,136019.5623,140064.6685,142911.7333,139089.291,134010.3645,130203.3744,122681.7338,125572.7564,131415.5918,135100.6239,139837.6403,147699.4967,156653.9775,168123.8915,178154.5943,201334.7737,228940.2519,256662.1366,267899.7951
Montgomery County,OH,39,113,92844.09291,94868.24452,98581.63726,100621.9789,103988.1024,107800.6001,111112.4271,111520.9844,109704.7824,101795.3385,97813.62049,92261.78649,91193.00658,88083.12143,89265.85697,89846.71333,92800.21632,98942.96775,107620.4117,116639.2145,125434.8862,141940.9631,156627.4681,170754.7653,181818.4634
Chester County,PA,42,29,187869.2717,201055.757,215675.837,239828.7245,265696.069,298499.5704,326144.46,337521.9779,335259.3583,324633.2084,316805.1019,305976.0134,293374.9784,295812.6942,309566.8072,318321.786,330120.301,336940.0261,351891.45,361592.9819,371298.0847,407704.0174,448856.4246,493691.1036,524178.4098
Spokane County,WA,53,63,122459.3117,121240.4101,124444.8706,128736.8909,136513.7256,149310.4828,175513.9938,199427.3499,206806.1411,190445.6758,184519.048,170593.733,160937.0069,160118.5574,166086.9164,170979.8813,185051.7153,201080.0992,221273.4098,247418.8808,276915.1208,323029.387,394015.51,411821.0844,410903.9558
Plymouth County,MA,25,23,205159.2313,225648.6083,266546.5535,312754.1699,350730.5291,388582.0455,405506.4789,378984.1269,359714.9661,328765.9136,317609.073,310485.5662,297124.8841,295175.1482,313045.7259,324261.2126,345399.9393,367198.42,390897.0283,405794.2204,417788.3904,469089.37,523114.4785,559887.2847,603682.8737
Camden County,NJ,34,7,108305.6753,110955.1417,118895.3218,131115.9756,150655.8743,177203.497,204500.9856,221323.732,221965.8069,203400.9279,193837.8413,183655.5103,169384.2547,164674.8247,169255.8394,170319.41,173575.7398,176572.7101,179223.2983,184213.6875,197467.5862,226029.4281,264629.4643,286092.63,317439.9746
Passaic County,NJ,34,31,190314.95,206771.7068,228724.3615,262256.0483,302579.2529,339628.1859,386164.5469,405708.32,386605.9129,353293.3318,319412.21,307796.8715,283122.8055,284252.6766,293652.8428,304388.9281,319646.3007,324317.0883,340085.8409,356270.5785,378574.7221,418491.2504,462166.4077,487881.4683,526304.99
Sedgwick County,KS,20,173,,,,96944.33435,97533.2377,109626.1623,105835.291,110011.0711,113683.5097,114757.3135,118482.5117,114447.6185,110423.1053,110882.5899,110833.2397,114049.4348,119999.9652,123613.0433,127818.9427,133750.8271,144139.5208,157868.7394,176484.8368,194082.8842,204575.0899
Greenville County,SC,45,45,,,,137203.927,139283.9342,141722.6554,147051.8337,154181.9888,158202.8107,155994.0845,151747.1398,149046.0215,145703.9815,148006.065,154559.70,160429.7187,172112.767,182157.0491,195235.6638,207171.6373,216016.8692,237679.5026,272214.8535,309215.4773,316950.977
Kane County,IL,17,89,165933.7596,176417.301,187770.2122,200801.7952,214299.2402,228408.3696,243269.6992,252301.4376,245742.2135,222789.0537,203256.5393,183489.0428,169668.2297,173871.6721,191011.7972,200752.5605,211623.1376,222503.9715,236044.923,244850.5636,247687.3667,265447.8696,296113.463,318855.6168,339624.8546
Adams County,CO,8,1,170480.3952,195382.4286,213612.5978,221027.598,221062.8733,223285.5054,223340.9611,220573.157,201969.0744,184026.4844,184981.484,180615.5955,174681.7204,189888.2207,209324.6888,238178.4754,276058.1965,307074.0178,334169.8772,355929.6462,370314.9734,406945.0051,481337.7671,499085.0191,500015.3923
Morris County,NJ,34,27,254831.7885,283146.4561,312321.3512,352920.7032,392722.263,443079.5209,493784.4352,496088.5689,481546.1075,434856.6132,422255.0886,410632.2065,389231.1485,401924.7429,421597.1494,442156.99,457011.0673,459027.6856,468878.625,478234.45,481606.3109,515202.5403,560123.8506,588816.4244,643213.2403
Clark County,WA,53,11,178633.7379,183756.6797,188840.2756,193978.9066,208298.2232,231524.816,287628.89,307576.9902,302584.1399,260794.7101,237404.814,220324.3366,201378.5339,207743.3029,234278.7308,253331.3396,283957.931,313550.813,341764.3985,362556.8971,378660.7273,422285.08,501821.0616,522125.7724,536944.54
Lake County,IN,18,89,,,,,94019.04,97180.02035,107865.5327,112518.6589,116159.0407,117391.4142,114921.904,113467.7277,111221.3291,113983.0933,117498.0412,121353.3017,127130.633,133694.8311,142989.1866,154444.9011,165119.634,180442.52,206131.441,221629.9268,231681.7591
Richmond County,NY,36,85,202508.4964,230920.1359,262651.4679,294380.5962,335011.7558,375291.6442,434631.01,456724.7659,446617.4468,421455.051,410024.08,411330.0153,390163.0181,398790.2741,404887.0768,428752.4227,455765.6779,497608.826,552916.0486,582924.574,603008.0981,598736.6639,640951.3894,665380.3768,669828.4597
Sonoma County,CA,6,97,268820.7263,329264.4967,382992.3962,410750.75,462785.6068,553245.4037,632454.9028,607417.3111,554243.3096,436764.4292,404730.8327,389057.5722,347171.6993,375792.4814,454596.6577,502364.5279,563852.9199,596919.605,647245.1047,676419.4492,674162.4944,709174.2289,776801.1295,795577.4612,812148.44
Polk County,IA,19,153,114918.2856,121137.6106,126930.1169,133727.3672,140771.1381,146102.8849,151864.4723,155355.7752,155165.1049,150433.7709,148437.06,143461.9804,139987.9304,144861.7349,152005.153,157513.2564,168693.0696,179392.2027,189961.7116,199116.0268,206632.0187,219860.2007,242628.5091,259725.5838,270229.7163
Ada County,ID,16,1,,144786.7813,149162.9034,150835.8943,154366.7732,158346.3953,182173.6359,229747.1282,226067.7708,201491.9348,176326.8708,156911.6529,150018.0122,172791.6438,196060.3918,205985.4721,222619.2946,243287.7897,265877.1337,305515.396,337347.7976,412125.9946,528805.53,500648.2376,497630.5489
Washoe County,NV,32,31,180031.9916,185820.0468,196914.2405,214392.1211,246839.1939,325620.8173,387227.0901,367998.6642,325643.4463,254282.6298,201924.8161,187585.0656,165642.0813,178463.9132,224639.611,251187.6712,292033.9693,315836.5486,346072.2435,379434.96,390901.8723,433866.2484,540298.7127,535598.735,538392.10
Prince William County,VA,51,153,179302.3205,192417.64,222732.649,258498.5604,296629.654,374389.6353,455563.3852,450879.3475,382817.10,277128.1915,281506.8807,292841.0697,294837.2127,312653.8659,339301.4699,346885.9084,355476.384,365473.8245,381129.2542,393949.2804,410426.4904,451179.1886,502370.8397,529883.69,550970.3229
Knox County,TN,47,93,112265.8333,115399.3677,119243.1201,123088.1501,129042.3192,139700.8127,151575.5925,161622.0732,162786.6832,157615.5096,151646.5676,149982.4362,144720.9774,144786.1202,149186.4858,153099.1629,159747.9946,167500.269,179103.8783,189278.168,198769.4117,225550.6439,271583.1515,314804.4357,351734.8636
Onondaga County,NY,36,67,81765.9627,85555.86,90444.82,94775.91912,104887.5468,110707.8474,117467.4676,123795.2363,127722.0072,126815.4988,127954.3668,126465.3478,123907.9086,124092.7335,126336.9498,127936.2944,132371.4523,136534.2488,141418.5506,146940.5272,154738.5134,172559.1031,187805.1905,208700.0104,232841.0644
Tulare County,CA,6,107,105661.8681,104660.1309,108659.5999,115961.3397,134629.9886,172996.4533,228215.2083,249082.3058,220892.0105,170412.8401,149822.2625,135772.5752,124179.1138,134479.3127,157970.8874,170234.8597,175639.6099,197681.8558,214781.7659,226148.0566,239459.7533,265906.0898,312007.5878,330933.2439,338228.6438
Seminole County,FL,12,117,125545.2058,135357.8935,146018.1164,158069.3601,173397.2898,199453.1142,267346.1513,287943.9308,260852.3307,207868.9942,175734.0677,156389.5635,141125.4151,154953.4113,180304.3574,194399.0632,210869.9205,227467.8611,247314.3361,262724.8707,279857.2929,305676.4831,357644.7943,410134.1387,428168.9089
Hampden County,MA,25,13,122939.6835,125855.5525,135898.9955,152328.7618,167183.7783,187504.8575,210052.7768,213110.8863,210512.2595,196293.8977,193019.6921,188258.5562,178243.5313,177570.7017,183251.2771,184340.5862,192456.0648,199713.9401,208450.4804,216699.237,226258.2408,252902.8173,277602.6476,299109.7692,320226.5487
Burlington County,NJ,34,5,142503.8187,146286.29,159057.7997,181155.4717,209502.8107,240210.6318,275437.0706,289480.1434,279833.7387,257262.2932,245269.0448,231626.0862,217116.8167,216202.4952,222997.7528,226290.4304,232397.7577,235415.4718,240648.9525,246010.0158,258110.2798,284091.5387,323815.92,351340.4115,384965.2053
Virginia Beach City,VA,51,810,129813.1603,134636.0381,141624.1091,155197.1543,176212.7117,219957.77,271945.3735,286073.2354,289131.7653,269692.9749,256275.6864,246462.1036,237030.3255,246801.9189,254017.8851,257219.9822,264959.2084,269461.3044,275280.7965,282597.8254,295326.2993,322962.6497,355982.8539,374583.7273,399048.4087
East Baton Rouge Parish,LA,22,33,,,,136149.1433,133231.3464,140854.3688,154488.0651,174091.574,179091.0938,175456.1219,176112.5005,170219.5841,163511.6196,158861.6696,161935.1202,167262.2022,173853.8461,173188.255,185875.5122,186586.4771,193860.1173,200731.7676,216439.2608,225290.3644,229015.5461
York County,PA,42,133,118654.424,120703.1531,124763.7125,130030.8795,140044.9807,154592.6395,177381.9509,194655.9658,198341.9149,183886.4586,177797.7296,167616.955,159031.9544,158386.6417,158989.9495,160907.5618,167231.1119,172932.9639,180821.73,185795.3992,197122.1528,216917.4848,237378.4952,261774.2322,278250.3058
Solano County,CA,6,95,189212.9269,220540.4711,264045.8717,296811.9309,344205.7386,414089.8465,486624.0411,482652.9812,413809.7142,263141.3849,221449.2934,219375.4633,195846.5116,217278.4611,286560.8836,324754.3573,358076.0032,390991.9452,425657.2294,450885.4955,459852.5514,503863.1173,584786.7534,581490.258,589406.1617
Santa Barbara County,CA,6,83,278576.0399,310367.3649,368724.5746,428914.1459,508820.4706,615246.005,707607.7041,673133.9921,597591.0421,465895.02,430072.71,423489.3536,368237.0238,398974.0082,477554.9039,519101.5652,559558.46,583594.30,610858.2186,625989.6505,636091.1364,713898.5445,861783.7216,932448.5317,998845.9261
Jefferson Parish,LA,22,51,158014.7113,164754.27,170600.7833,180153.6889,186154.9083,185454.8254,204479.6498,214676.3429,217594.0596,203935.2322,200997.3661,192113.249,185644.8073,183706.1745,185044.5692,192244.851,205875.704,210759.9226,211823.1808,216364.7837,232469.6855,251813.7053,270673.7099,262528.79,231836.3226
Monterey County,CA,6,53,258853.9009,312156.9422,371053.2421,398400.4262,457551.9462,571197.9742,692996.5186,686594.9736,578584.8641,394726.9538,329839.4281,323035.08,302428.9618,320315.9015,390859.6703,427262.7779,469661.9354,503601.1663,538879.37,568309.9558,588656.1741,659178.2201,764324.2171,784540.8424,823290.7913
Dakota County,MN,27,37,165044.3818,183289.9134,206853.7066,222618.297,241313.9877,258031.4182,270924.9924,269483.2935,259441.8402,229845.3207,220094.6655,208416.8452,185905.6221,204755.3662,227782.467,237088.707,252291.9352,268190.4417,283083.8601,297198.9122,312198.0899,338791.8894,378031.4941,388812.8466,392372.4147
Lucas County,OH,39,95,73228.24505,78910.69617,84212.05,88068.66979,91676.35,95862.54,98325.24586,98622.88889,94307.23733,89514.79,84592.50883,80678.58788,75307.98797,74536.23935,78910.77296,80992.35067,87728.55045,91782.25931,98417.85118,103171.3599,110524.7912,124960.7093,134370.9882,144309.5817,155637.8011
Sarasota County,FL,12,115,127968.8025,137165.80,152720.6376,170699.6578,190710.5524,230129.5729,307739.9607,303127.4102,245691.1363,195063.7769,167187.4393,162698.0688,154063.9292,167901.5796,194347.8139,210554.5798,236520.1858,253999.2976,263060.9357,272617.1538,277273.0599,305711.744,397270.9014,465992.6842,465072.9709
Berks County,PA,42,11,104438.564,109016.3903,112954.6784,119947.3998,128414.1914,145639.9814,160501.0275,177524.0373,181327.1355,177106.5206,171274.5848,164727.1138,155135.9173,152391.6533,154903.9625,157074.8274,160495.1729,166531.4239,174865.5411,180775.2672,191583.0342,214579.13,235023.7409,263367.3713,281547.407
Pinal County,AZ,4,21,137659.7939,142168.8824,147486.3866,152115.3436,157621.5829,174747.1417,248258.2482,258919.5509,232578.9121,155952.3564,125452.9339,120329.149,110019.1887,130584.4916,151953.7698,158537.8144,170756.4405,182227.2924,198363.4535,221030.0768,237347.8401,278364.9242,379903.3521,384100.3344,374501.764
Hillsborough County,NH,33,11,154351.9559,171671.298,201204.8021,229626.6541,257005.1359,280884.4368,301847.5036,292204.0773,280099.3316,253929.4429,247636.7538,237869.8193,223442.0107,226524.2897,236075.5242,241815.3627,257772.882,270482.0138,289667.4427,302882.5567,319918.0705,363847.279,407765.4532,454094.72,492235.2712
Cameron County,TX,48,61,,94639.93157,91011.6469,94123.54921,96412.36692,109090.647,114660.9942,118283.4958,116909.9993,119219.8022,115571.4949,114639.6056,110366.427,102354.7775,102913.6008,106264.7685,110189.7853,113316.4245,116729.5424,116855.6341,117473.8405,133160.6353,159431.5206,172343.6164,180225.1967
Clackamas County,OR,41,5,211778.7211,216403.9719,221762.0598,230241.2463,245357.2305,271423.5954,324932.9292,367221.1022,372569.2727,334600.0548,302829.744,284716.0224,257355.2639,267409.1016,297801.1921,320692.714,362335.9247,400850.1822,423204.6405,441762.7407,458180.5729,508948.2324,593717.7172,607371.276,616154.0264
Richland County,SC,45,79,,,,130817.9539,135258.4817,140740.342,148583.8716,155327.1713,157642.4638,155226.6565,150123.5094,145986.1422,137316.911,133613.134,134814.5886,132860.075,137713.3257,145149.9177,150471.9464,157055.5375,165726.2612,180475.691,209715.106,236172.2828,245445.4664
Mobile County,AL,1,97,89480.44882,94143.7848,98572.6057,98981.30758,100464.6196,104145.0027,113415.0729,129565.3607,135410.4048,138291.8526,128518.7015,114986.2306,105180.5056,102978.0586,104502.5149,105406.9684,109325.4586,115071.4334,119059.027,124992.8673,135665.4137,147605.253,169201.5742,180181.2227,186490.4355
Loudoun County,VA,51,107,234171.5967,263072.75,309640.5129,339357.8508,381459.4496,483722.6613,569799.2892,530714.8822,472163.5675,389454.8224,392401.9086,402151.6934,402536.2857,445136.2867,479660.959,489148.5179,491038.0024,500245.371,520193.5624,540615.3742,563924.7485,615300.8015,696092.3744,728077.7481,762680.2049
Genesee County,MI,26,49,85839.56338,91336.17676,95777.30488,99244.29991,104249.6565,108751.3096,112301.8755,108530.1651,100087.8751,78493.9544,65485.05328,55395.07121,47303.9732,55896.93493,64693.43183,72792.50387,80138.57951,90209.92316,100092.514,109470.745,119712.8643,137477.6892,153792.01,160082.6258,170080.67
Waukesha County,WI,55,133,187325.9999,196107.7495,207473.0102,220232.7972,238611.1789,255879.7652,271810.1052,274977.5742,274140.5879,265664.3968,255876.2098,248915.7767,239494.6791,245365.698,259324.3771,266758.7266,280282.2014,293102.4611,307160.6407,321002.157,338529.7734,366398.9686,392873.9776,420229.4687,445026.0931
Charleston County,SC,45,19,147590.6912,161951.4171,170923.5475,177250.1311,188293.8821,214307.3554,253718.8622,279122.7256,272581.3149,252579.0466,229614.1485,217562.2244,204413.8831,227221.6665,248349.8693,266606.4342,299003.0511,317215.3317,337139.0525,346883.1158,352720.7771,384183.4107,463629.0771,532722.70,581537.1542
Saint Charles County,MO,29,183,,156686.1255,164810.5105,175661.4695,185462.656,193267.9781,204405.0028,210278.8402,211913.4184,201208.7087,194757.6132,187629.1128,176656.8216,181756.5642,189194.6346,195876.0644,208688.2243,221189.8969,230847.6601,241023.4984,253000.29,275908.1106,313202.0554,335428.0799,351350.0872
Placer County,CA,6,61,234685.0607,266915.7322,308033.5703,341608.5676,386181.26,478718.2902,547985.6243,519781.5472,458689.1666,359474.8818,318670.4232,306208.1944,284575.339,310669.3615,378072.8493,400061.0543,425518.3228,449003.11,481890.5658,499133.098,519580.1464,574534.485,684015.3002,680385.1091,679490.5828
Orange County,NY,36,71,144036.8604,156444.2705,174479.6029,203923.3125,237512.3414,274528.9687,308170.9106,317121.8564,308045.7075,277725.1998,262819.1263,247889.0592,231429.1341,221543.235,223258.6565,226464.7456,230444.4376,237899.7469,253194.37,267612.9919,282951.74,315200.2759,363824.5081,401697.2012,426002.6715
Pulaski County,AR,5,119,99106.65711,102619.1812,106183.3336,111248.8901,118433.9355,126832.6746,135364.9786,141842.1991,142959.3533,141483.7768,141518.9971,139590.3252,134248.4841,134887.431,137788.8143,141172.5218,146991.8697,142638.3326,146221.036,147080.5312,151169.9286,162497.466,181242.1202,191548.2246,193511.8183
Manatee County,FL,12,81,137284.6473,144432.9685,159639.9097,176451.4468,199376.8705,231279.2213,300739.3463,316082.7532,259258.5956,209351.0299,182329.3797,169149.1799,161654.9009,177186.1043,205867.60,225272.5558,247944.4388,262204.331,272670.299,287458.3683,296560.0915,322239.4367,416840.7813,487019.5425,488664.1589
Butler County,OH,39,17,124715.8813,131151.4331,135783.1555,140799.7671,145486.1214,149307.4325,155139.2185,158298.9212,154295.9591,151519.4682,145283.8586,142424.1619,133127.7508,135391.6554,145986.4171,150880.9209,157575.1882,166191.1351,176174.3744,187228.4559,199941.3331,226010.99,254051.5532,275002.3475,290450.9617
Mercer County,NJ,34,21,150581.1356,161816.2626,182031.6134,207922.3994,236247.2211,271744.8009,307399.9379,318908.2433,304360.1852,280564.4403,263037.0587,253889.2548,230928.4662,220786.5696,232074.1784,237829.0612,244833.4146,251288.9856,259053.4617,266046.2414,277880.4839,301882.1314,342157.6203,369291.3328,409546.3307
Orleans Parish,LA,22,71,109556.5424,116855.827,124473.8419,131861.4257,141196.3802,153074.9512,163622.5366,125217.2531,128864.6339,135199.2513,131276.0225,133345.0266,128782.5799,148457.7538,166039.2435,161894.855,183306.7579,191200.4899,188774.6945,195156.1135,219956.4882,237200.6158,261429.72,263342.4702,241167.1088
Madison County,AL,1,89,,82871.2675,85502.03841,87420.72642,89035.9549,92313.64932,74746.09328,84509.0812,101105.7771,110372.1488,107097.5221,117223.1699,115063.3613,160677.6768,167993.80,165247.4684,168333.9362,173837.7086,179122.3662,189206.8295,204925.6035,234380.3494,284771.4708,305054.9987,306936.5636
Allen County,IN,18,3,,,,,100068.4542,104422.2118,107409.7782,108661.673,107799.7592,105254.5489,104359.4218,103645.2781,103138.847,104599.4432,106881.738,109599.8441,114640.5501,121825.0189,130591.0649,140688.7068,152563.531,169423.8491,192811.8749,212574.5056,228554.5319
Forsyth County,NC,37,67,120504.6281,125502.9167,130687.259,132646.3696,135754.1541,139964.0921,144939.7527,149934.0963,152673.1017,150764.4811,147948.9974,145067.1796,137291.18,135573.2421,135767.1552,137716.732,142256.1669,147270.4151,154951.239,166554.5276,178096.8535,200041.7317,230170.0096,257797.28,268923.6054
Lane County,OR,41,39,150103.0321,153759.8315,156129.6178,161617.2472,173634.1008,192576.8319,228188.5521,255015.3318,257554.7189,233487.2781,218592.6981,202368.0883,189909.2405,191086.7243,206191.3136,218986.4018,236475.8722,257958.8819,280913.986,300403.8826,319761.0631,362216.8611,420862.2368,443042.1898,450818.3454
Osceola County,FL,12,97,126351.4103,132171.278,141716.0379,150329.9007,160753.9603,193751.5829,258185.286,284216.2967,254069.5471,179133.4048,129470.747,120554.8953,115014.8963,128957.0972,158265.2146,173429.3197,187040.6393,202964.2948,219973.4017,238114.881,251353.9679,271423.6618,334203.0453,388651.4361,390195.8453
Lake County,FL,12,69,121001.4749,126228.2321,133133.6877,140727.16,151018.9193,174776.3594,235193.5417,248180.1281,230109.2527,181454.7892,151110.6622,140673.44,127563.7394,135556.1711,155696.1036,167756.5418,181757.7751,195214.9464,211707.4278,229819.8492,241949.2696,263459.44,321439.8619,367654.482,369885.5867
Stark County,OH,39,151,94332.1525,99303.15754,101170.9851,104914.2222,108126.334,110189.6294,114235.21,115401.3671,112755.448,110306.9971,107316.0517,103621.8346,97255.57,99417.10948,104484.7308,107612.7827,113209.8452,118381.7146,124753.9694,132355.4592,138174.3235,154590.227,167779.0919,177850.5779,192037.6138
Collier County,FL,12,21,191290.6384,210723.341,236048.828,259137.8978,289541.2182,348104.59,467025.318,504593.392,413215.6982,336035.9713,285057.7041,270697.5768,259459.3992,270354.4908,309504.9291,344809.4516,384025.2186,393807.8144,392373.9583,403703.4599,406101.2621,436494.70,593461.6828,697894.3419,728346.8286
Washtenaw County,MI,26,161,189780.0197,207927.2789,224413.8805,237569.75,248393.5189,255628.6804,261445.4693,250814.78,227025.4653,205094.9192,191364.2192,191649.6456,187733.949,204473.704,230855.811,246101.4484,263512.9938,276045.5899,294216.8511,313134.7767,326834.4411,343518.0687,369008.7145,390748.1462,404452.3383
Lehigh County,PA,42,77,117829.3146,122198.8332,128181.9509,137727.6293,151100.22,169358.1958,196820.7098,212300.0281,211376.2566,198262.9903,187275.0607,182748.5615,169151.62,169150.1659,170137.5283,176443.8615,180037.2813,188186.8621,196985.6461,206853.85,215970.37,241604.0914,271913.1057,295876.3103,316397.1368
Marion County,FL,12,83,,,,,114182.9986,129606.3317,167382.3295,193947.236,174729.0372,147934.9372,127318.328,112850.5695,99402.68714,101336.4726,109937.1426,117890.4089,128818.6918,139047.0799,152228.2347,163060.8324,173273.2586,192162.1169,241179.1288,285289.7694,284475.0655
Brazoria County,TX,48,39,127929.7805,130560.068,131605.9279,137554.1486,142120.9478,149138.1227,155459.0766,164275.6533,169289.2952,166448.3421,166595.1207,163667.98,154543.6771,155742.3787,169646.8039,188016.5191,206504.1414,217473.9011,227417.0846,237636.2795,246550.5778,259513.1975,300810.4491,320392.3967,321007.6367
Bell County,TX,48,27,,,,,,,,,,142882.8348,139473.1774,140182.7593,134474.6277,133947.0306,134441.0719,137551.6556,142130.005,145953.0759,151695.5407,161555.7282,170428.0539,189465.61,234218.0025,263058.3189,255203.1034
Hamilton County,TN,47,65,123585.01,127469.2323,133563.457,138312.99,144804.0863,152562.3419,163829.3648,170145.5302,171646.2698,167067.1458,161182.2027,161348.789,154265.0008,152481.3032,158815.8539,161315.8235,169930.90,181773.2629,194376.8641,204145.1013,218722.04,242729.514,287428.971,311291.4645,328912.0772
Anoka County,MN,27,3,135409.7775,151895.136,170029.9013,185430.1416,200420.7768,217652.9972,230209.0582,231432.9945,216301.5497,185596.8849,176869.3412,165715.7577,151355.888,167343.098,190378.7427,199290.3319,213203.4445,229789.4863,246164.4438,262188.8371,276721.3646,304230.3222,341667.3276,352136.2814,355419.4125
Chesterfield County,VA,51,41,142593.7071,146179.6855,152996.4358,163540.2368,177022.1117,194092.7827,223913.8138,248920.9554,251826.0181,237951.581,222411.6682,209509.651,194198.2975,192976.1262,200713.3977,205985.8141,215726.7952,227445.2851,237765.8075,247042.1431,259692.3019,286375.622,328187.6329,354146.6875,375498.428
Davis County,UT,49,11,177996.1613,184327.4361,184963.506,185046.3581,188281.0008,191217.266,196213.0944,224078.6432,251832.2944,235070.4307,226704.0889,210091.2725,202300.3998,212061.3536,228568.8055,236028.3362,257443.0843,282076.9714,305977.1577,334375.6001,362636.9522,414035.3722,514671.9988,526075.6204,533306.3047
Westmoreland County,PA,42,129,,,,,,109880.9366,115366.8894,118427.7402,119008.2387,119718.1722,117342.9066,119557.2597,117787.6064,120862.8259,126603.9752,133088.7769,139010.1616,143461.2796,147441.8241,147438.1848,154773.0503,172254.1423,185343.37,187839.8777,192022.6478
Larimer County,CO,8,69,196871.3755,214825.557,236036.12,244756.6511,248401.4842,255150.5075,260152.0673,259195.8093,261374.3616,248334.6509,247469.7212,242632.3794,243969.8524,256708.0894,272644.455,296439.3555,335010.6579,366441.3285,391472.9167,410326.2115,427362.3394,456356.6464,531097.7796,565783.6685,563209.6305
Nueces County,TX,48,355,,,,,,119260.8117,130522.7381,138871.7227,144656.8938,136602.621,133346.1721,128851.7002,128261.5144,128431.9721,132239.1877,143692.6797,156820.6634,164252.0734,166805.7871,169569.5508,182823.8705,192900.4439,211266.1323,218020.9841,217083.2815
Douglas County,CO,8,35,233503.6763,262781.2991,282054.8985,285439.6899,290970.0799,303466.6544,312560.507,317319.4476,315264.3708,302053.3014,296217.1602,306002.8825,301951.7595,330128.3389,363884.947,389263.8443,428293.5028,454428.9905,481215.0714,502963.594,521176.8221,563392.9794,683039.4425,709910.9408,711529.8713
Galveston County,TX,48,167,,124270.5259,123633.9255,128276.0227,132639.7964,143910.5526,151140.2006,158767.88,162096.0437,158307.7683,156704.3891,153439.4218,146696.8812,151947.6382,163585.6339,177288.2095,193360.9683,205445.2453,218906.3661,227764.1512,237778.0689,258721.6532,301677.8283,323616.4258,322073.4554
Horry County,SC,45,51,,,130923.1552,134184.7724,139742.0226,156263.9623,186517.3193,211397.7284,207430.5493,184194.1735,164340.3046,151853.5683,151721.6782,159962.2606,170043.981,177525.7494,186315.0068,192936.40,201912.977,211223.6909,220376.7781,241958.4109,298091.7731,338317.9325,340955.8511
Marion County,OR,41,47,143108.5308,148887.3901,153528.2214,158775.7027,167381.7453,172329.6187,196673.6956,227523.0185,234419.3016,219330.7468,203753.2112,190593.7411,167540.9298,163260.3406,174248.8331,189215.6543,212640.0529,240613.9823,268497.1356,297466.766,313837.7824,350797.6658,413224.8114,427663.7074,429215.8412
Somerset County,NJ,34,35,263841.8328,292680.5799,327912.3786,371084.4323,406211.4119,464946.3724,516638.315,517467.0273,497974.1874,461638.664,450095.6981,439407.5594,421683.58,410097.10,424616.7244,442612.3242,450197.281,458787.9705,470443.1475,479825.2977,483228.7569,517243.4132,562154.3441,598768.15,653450.6213
Hamilton County,IN,18,57,,,,,204284.2332,211740.0302,214873.3754,221163.27,223632.6212,218011.9495,215802.7374,215405.2084,213807.231,221227.0872,235995.7815,244020.8231,254593.2475,264973.3555,275527.5784,289937.3015,301598.9239,331856.6107,389484.9709,423899.1088,436634.9498
Rockland County,NY,36,87,240178.1473,268970.7361,305504.8523,350212.0259,392920.2545,445052.6007,498555.7853,498060.718,478716.5442,445220.8194,417891.7993,401789.7731,383098.9705,380291.38,389543.6548,395299.661,408561.8214,427132.6438,452918.8052,469267.9616,481702.6721,516252.0772,574571.21,631409.2831,680227.87
Rutherford County,TN,47,149,127342.7052,131513.2278,134494.4037,137094.8353,141126.33,147047.0646,156514.6822,166876.1935,168781.5133,164788.0772,159305.9212,155395.7006,148825.8207,154404.4947,162585.0693,172331.0512,192522.8078,217038.2233,238570.9805,256468.9156,271490.7456,293297.4545,366315.5861,395039.9804,394191.0884
Cumberland County,NC,37,51,92331.17599,94956.96336,94593.78903,96200.28261,98332.56,102534.6543,107651.5197,114287.9579,120092.4226,121937.4848,123492.1,124957.2091,121022.8848,117903.9724,117111.4216,116298.8258,115351.95,117014.3303,120904.7814,125156.8779,131838.8424,147247.4482,166160.0319,196679.66,211162.829
Henrico County,VA,51,87,134896.9993,141006.52,149565.6516,159621.1383,173582.6302,193932.1973,220228.3116,234531.3169,239618.9594,225670.7639,213920.6821,199706.6642,186655.9613,188921.3076,198307.6744,203601.4415,212548.0404,222535.2629,234453.3853,245989.5045,258958.4214,283578.9345,315209.5204,345724.9029,363721.6562
Howard County,MD,24,27,210171.8155,222748.9953,247595.5659,287109.9133,334138.3173,399344.6015,469497.7805,489017.0662,473799.8179,421875.1105,401440.3754,407751.5453,397257.5875,414508.17,438555.8003,446100.6754,448591.9975,455683.5062,464107.921,472573.1913,484995.4441,514366.72,563828.90,591343.6519,615681.2812
Boulder County,CO,8,13,239199.0098,276468.514,308217.7262,309542.6312,305489.1292,313757.90,325459.197,328942.5618,332780.6402,331702.01,330354.2093,324742.82,320337.37,351139.1674,380834.5205,410444.0732,468697.2058,517326.7628,544331.92,566427.2637,586586.0008,631470.9734,741965.865,793231.6741,784521.83
Saint Lucie County,FL,12,111,96142.34,99543.92464,106985.9958,123117.6485,147830.2636,179637.91,235567.5488,243979.5954,194239.5149,132665.4468,104879.8637,103338.9967,99757.31084,107489.222,128127.1028,141905.8938,167230.7862,189476.2677,208210.1399,223318.9236,232433.4413,255475.9671,330445.4674,381792.1492,388996.9606
Luzerne County,PA,42,79,82030.90486,85538.17228,89176.77156,93541.74561,99196.23,104332.8314,114032.3631,121713.2421,127563.432,126063.8562,122316.5191,122958.1198,114912.5758,114696.2918,116084.2717,116159.1985,121340.0184,120475.3005,123746.0339,125530.3376,138616.0509,154355.1334,176055.6152,185346.4064,196968.5375
Spartanburg County,SC,45,83,,,,,113116.6528,114490.0114,117716.273,122971.7544,124229.0974,123544.8557,122424.7654,120089.8054,114977.9789,119874.1696,120804.4977,125615.4945,131782.2238,139291.5543,149413.1458,159841.7032,170249.28,190789.0935,221837.1414,250300.5088,260824.2214
Weld County,CO,8,123,172314.3487,182119.884,197671.376,209199.1134,211161.89,214974.5709,216016.4928,210446.6773,199206.9166,182971.7884,177690.6386,174140.4651,171936.3752,190851.4328,210853.3332,241793.2566,278128.2042,306349.5529,338068.8478,361560.4552,378657.5296,408646.8316,481751.2987,503376.4776,495230.7967
Fayette County,KY,21,67,129097.136,135541.0098,139673.6159,144831.2684,150300.9428,157396.971,162767.9869,164780.6971,162846.9251,160857.6826,158926.3823,157341.152,152273.526,153226.7107,156315.8177,159373.7561,165841.5889,174588.8035,187115.1438,194298.676,204849.5229,226052.7224,252397.953,276368.8328,295235.894
Lancaster County,NE,31,109,123067.6638,128702.2041,134199.7934,139437.1329,146038.518,150492.3526,155525.9057,157835.4791,156774.9934,153225.1377,153374.9467,152336.3047,149515.2624,149913.3819,153353.5073,157939.7742,168516.6302,177969.1344,187860.1354,198344.8207,207204.9598,225283.2992,252908.8164,271967.4413,282993.7859
Durham County,NC,37,63,,,167139.6351,171289.7912,174418.8794,179193.0919,184493.4576,189234.5612,194898.8995,189564.1671,184333.8864,182247.5358,169180.9423,163960.0875,173944.5878,181669.387,193251.2123,209105.4928,225930.70,245214.8514,260904.24,288207.5641,356149.2161,391224.0038,402246.9209
Escambia County,FL,12,33,100679.0255,100885.2209,103158.506,106072.5508,110718.4448,125771.9589,156773.1077,161998.99,154301.1928,135278.3013,130312.9251,118483.2722,111234.9517,107887.7453,116141.8745,120112.3334,126855.4436,136931.39,146954.9884,157589.457,173066.3168,197332.6405,233737.5781,258505.3839,265543.9517
Albany County,NY,36,1,118501.5623,121531.4694,127336.2515,138437.6579,156494.9614,178366.2047,201653.5085,216511.8712,218130.6665,212088.6161,209254.0018,206150.1854,200218.2099,200929.1499,204100.6705,204689.8526,209982.5664,214803.871,224663.8258,233931.3053,242298.171,257737.6196,283781.7719,302869.9787,322021.8597
Rockingham County,NH,33,15,187805.0268,209000.7674,244365.3929,271421.2427,301753.4418,330492.6205,352295.1223,339006.4371,322565.0099,294321.0312,278783.3632,273382.7827,259419.7522,264884.5074,280786.6762,293113.6357,312331.7257,328713.7618,351191.4128,369783.109,386901.752,437633.9811,492363.5909,548486.9422,593278.2583
Lorain County,OH,39,93,117397.5145,124849.0346,128815.2402,131346.666,136147.8429,139752.6512,144693.1088,144851.3807,141133.4834,132955.4806,127122.2946,122771.9488,115610.0321,119774.1972,121564.4373,124247.6035,131116.8432,137417.2852,145633.1127,153914.0637,161326.475,180163.0764,198157.6307,216346.0396,226661.7412
Northampton County,PA,42,95,,,,,169708.0684,191845.0103,220086.4371,239291.8397,240566.9375,224507.5251,211259.7183,204032.332,189813.7644,180589.2956,186126.9505,187390.9268,192684.5545,197092.842,206277.6031,216333.2697,224609.2064,251373.1215,278327.6115,307253.611,325561.2248
McHenry County,IL,17,111,166431.9236,175164.027,188898.7022,201108.8001,214870.5798,229558.4642,247776.4833,254966.5855,247164.6818,225788.7842,203402.7328,191447.4075,168569.8655,165000.5829,182486.2129,191111.4693,201745.6834,207117.3895,219658.5952,224162.7528,231677.2517,250694.8327,285659.876,307171.75,327466.9459
Lubbock County,TX,48,303,82471.95,87026.87,90502.65588,93495.15,95706.94181,99263.4668,104840.9661,118859.3708,121540.5046,126890.9285,130376.7467,130504.78,129220.5994,128005.4378,128609.1508,133457.6364,129134.4053,143281.303,155159.8032,159798.4498,154329.1721,167900.2559,189685.7438,208796.9437,208265.6058
Saint Louis City,MO,29,510,78541.43939,84594.77727,92529.71765,100520.667,114825.8525,119177.3972,131499.3684,137545.613,137026.5707,131480.0693,127651.233,115985.6879,98960.79004,96123.77932,85003.59969,90443.48728,94699.5885,102539.54,110709.8561,116985.4924,122892.9607,139630.5047,152759.2878,153122.1364,163275.9388
Cumberland County,ME,23,5,145067.80,156441.7128,175024.3458,198262.8828,226011.4247,255461.4564,277429.6576,277403.1215,271634.787,250328.9428,242491.4895,238494.4337,234414.4087,231688.9767,243386.167,249217.0093,262995.2517,283488.8337,302238.2193,320409.3149,336225.2751,387739.1107,453111.0123,495755.7905,538075.466
Gloucester County,NJ,34,15,130875.908,134098.3158,143195.301,158706.8672,179984.536,209167.3111,238229.1351,253015.9259,250970.3655,233706.3505,221165.1175,209277.1474,194594.0099,193104.0903,199730.7478,202626.1598,210194.2719,211539.0252,214358.737,214558.9726,225516.0507,251789.9567,291732.0782,316720.7254,347369.9462
Greene County,MO,29,77,,,,,,,,,118197.7849,116838.2941,113239.1115,109660.32,104626.0699,106975.7588,112483.9415,115224.2184,119775.3453,126066.5908,133430.9043,143379.4753,153490.5605,172648.983,202869.658,227023.7345,236747.7893
Dutchess County,NY,36,27,176425.4736,195593.804,221294.7099,260069.2412,295914.9341,289019.0056,322804.7904,327350.9762,317176.203,291733.0296,271483.7206,263345.5394,243096.7001,241163.7129,245817.103,248472.607,253715.9842,262253.2901,276629.97,287862.3746,304504.2553,344827.156,387721.6436,419462.9771,441486.5988
Chatham County,GA,13,51,107754.2287,114267.7041,119166.2248,125451.0946,132993.5671,147746.815,162287.6772,175629.3354,177412.7616,167454.0565,159537.9255,153828.8837,141374.6454,147043.12,153034.6805,160774.6402,170074.4249,173219.6366,180586.5272,191929.9954,200794.3354,219089.096,255746.0043,297712.8872,325259.6802
Clayton County,GA,13,63,102698.7051,110823.5556,119699.0464,125446.8045,129433.143,131234.1347,134706.7256,132298.2169,127386.1718,93138.23,63099.87779,57383.86724,48542.60905,49278.42151,63575.36464,75775.97196,85294.09103,94063.11,108411.2031,129351.2852,143227.7609,163451.8863,209091.5237,239247.4308,247039.4151
Ottawa County,MI,26,139,152651.4527,159330.326,165376.4522,,165970.3988,173128.5258,177849.9084,177515.4713,174429.608,164872.0188,158077.5643,154213.8416,151452.9074,160730.9039,172502.1614,184642.4452,197565.9021,213433.9088,229862.2606,243125.5278,255812.5387,282204.9207,325798.884,356599.2071,359415.7908
Anchorage Borough,AK,2,20,152358.4299,158927.4504,193720.7694,202659.9093,215944.7004,234414.9777,255383.7501,272720.5866,282716.3416,282292.9656,282491.5883,281820.7229,278587.0719,296140.7575,305501.7878,316195.727,328236.0067,327886.1378,327994.9061,331296.40,359724.4907,359226.3975,375088.9287,393303.3386,405558.9549
Cleveland County,OK,40,27,102716.8847,107460.1678,111435.5418,116974.4101,122110.9379,128977.4162,134811.5415,141080.0302,143509.2226,143804.8904,144890.8457,144242.381,141435.6736,144542.8505,148256.7811,154432.5524,159728.83,162516.931,166026.419,169130.4562,175579.5487,189345.2129,213071.5312,236510.6978,242266.9483
Lexington County,SC,45,63,94771.6254,97469.74,102147.8022,104590.0938,110017.687,116301.8057,121713.8717,128378.702,131694.0533,134759.7918,141101.4782,140070.9444,134092.6176,133752.3649,136424.4498,140102.7895,145156.0705,150618.0474,157780.0478,165005.5407,173961.1903,190555.1522,219026.5196,251050.4266,258385.025
Leon County,FL,12,73,119339.3114,122688.0212,129873.8521,139948.7661,157140.1717,178028.56,206792.81,222475.0473,215970.2047,194021.2465,179374.5958,169458.0373,154471.5255,155102.311,161269.8515,166399.8603,174665.73,183066.5658,192295.3978,201049.6884,215084.5774,231716.1752,259230.6732,277605.54,293913.6997
Thurston County,WA,53,67,148209.5592,152042.33,158149.4776,168111.1996,182866.3085,203383.3285,246155.4419,269478.3038,270461.6537,260637.7259,245345.5159,231141.6415,206361.9904,215164.6538,225263.3132,234765.5588,252606.8313,274268.5437,297846.4465,323553.9907,348837.7668,408465.1107,480227.1317,493786.9132,504071.1254
Ingham County,MI,26,65,,,,113811.3451,119649.5589,126142.5103,129810.618,128680.2722,117640.5442,112503.9959,102756.3905,94763.46078,86201.48371,89544.9136,98702.15335,105252.6382,110928.7169,117837.0525,127642.3341,135437.1282,144935.431,162892.7951,173184.531,187197.5476,198127.745
Winnebago County,IL,17,201,78765.20,81247.99812,84164.04,88329.30697,93073.60864,98666.39207,104822.1104,110707.9639,113123.5809,110283.2836,101469.2642,93424.34,87556.35,82380.22321,81946.46894,84074.34,88026.50414,96918.21305,104578.516,109857.5801,116500.1229,126884.3351,142828.0811,153670.8232,172086.5661
Dauphin County,PA,42,43,101882.6534,105804.55,108107.8328,112077.1971,120337.5105,130651.8083,140605.1495,150866.1392,157409.6503,155974.2052,156201.9281,153528.7147,144666.6186,144243.2478,144729.3392,146549.4318,150501.7927,154996.2114,160544.4096,165129.7232,175632.9678,192529.5534,210485.6373,233568.9887,248385.1588
San Luis Obispo County,CA,6,79,211599.8286,246165.8845,292769.4477,340688.9873,391033.4456,472841.2796,542499.3308,528526.482,498017.4351,435455.2229,391931.0088,370066.1993,355216.9016,399276.3234,453824.9403,489641.6838,492245.892,566835.8134,607134.2158,623962.493,636774.4807,690871.97,792599.0197,844788.6939,889978.7032
Benton County,AR,5,7,108395.8004,114044.5676,117145.1004,121117.7558,129621.9157,145395.3084,164162.3623,169315.6082,163076.7836,154184.3324,144814.8022,134326.093,131656.6631,139659.4938,149801.6875,156629.6794,165074.6901,179648.7368,191669.5235,199789.1059,211376.4671,239250.1788,295267.4784,334420.3345,347679.7052
Merced County,CA,6,47,,141872.0655,161396.23,187113.1411,217487.4999,269875.3104,359755.7823,353722.5371,265673.7722,144234.2897,115495.57,125682.49,118939.7632,129431.2032,163658.9478,187738.7276,206183.262,224502.633,248686.8233,269840.4523,287191.8211,317370.3713,384105.2111,393782.32,401493.6108
York County,SC,45,91,,,,158503.5852,162269.7367,165570.8657,173094.934,181474.0792,189470.2222,180276.0149,168972.8253,162565.3739,158833.5451,160287.7462,171008.8089,179338.0803,193420.4253,206404.8529,221154.5594,225825.98,239931.7676,279587.2375,334919.2892,364183.5067,379814.8899
Alachua County,FL,12,1,109265.716,113618.4008,121285.5233,130190.1891,145961.6992,167846.6483,199799.03,219468.4077,212423.8834,190947.8642,175557.4245,159071.3105,147604.0987,144744.1503,151313.035,158607.1374,168329.022,179642.8302,193593.1322,205428.42,217067.6174,241297.8693,276056.0741,306188.2109,318766.9468
Atlantic County,NJ,34,1,124912.939,131494.022,142584.9891,161302.2718,188892.8488,229267.0001,274390.0031,295259.8923,279933.8612,249733.0251,225088.6459,218475.2301,201771.8799,207344.7722,210997.2616,212127.7864,208192.6196,194523.4363,201965.2851,214177.6191,229884.1307,259936.1307,308795.3719,336121.0203,367494.7364
Kitsap County,WA,53,35,158000.6766,164659.8403,174016.6752,190754.5507,208099.1832,241570.2336,294270.0094,323979.2802,322787.0769,298533.1462,273896.2743,268633.4994,242286.4759,244004.994,251027.327,262128.5298,289626.2352,325209.0236,349785.1128,374805.0755,407199.6251,469690.8092,543632.8154,548310.9046,549811.1661
Santa Cruz County,CA,6,87,314350.49,384707.9736,443826.8382,471924.9851,505226.618,607281.3229,705243.3084,680056.4609,676248.0701,544466.8738,505344.5737,495008.8916,461138.5824,505651.37,574463.0576,638714.196,713600.9674,762227.6264,826207.7973,855505.7861,846451.9533,951415.0638,1140531.022,1154337.081,1174276.315
Saint Joseph County,IN,18,141,,,,,,,,,107573.4192,103956.1195,98311.24295,94695.07109,89847.35747,90301.20,94083.79957,95644.44341,100978.4235,109692.3356,118467.3857,127673.2115,136148.158,150395.9149,170748.3706,188727.6776,201595.6647
Erie County,PA,42,49,86869.77847,88021.9527,91711.93772,94940.11267,98802.53613,103914.2852,108253.2984,110369.65,110643.3964,110765.1487,113938.4612,114121.083,114485.8594,116117.6024,118148.3398,117654.9238,120387.3789,123926.4019,126837.48,127767.9116,132872.0882,146301.1876,160148.3863,174778.9721,186826.3485
New London County,CT,9,11,156380.4398,166753.6444,181564.8197,206860.1327,232173.2213,264178.4899,293376.5695,295511.2344,291413.1249,266160.5146,248191.8984,239737.22,223722.4047,216481.6838,221210.9892,221948.1701,226776.9827,231384.5772,242339.5633,245260.8817,251423.183,281989.0579,315878.4812,343780.3585,379374.6363
Frederick County,MD,24,21,176586.0487,182178.9193,200553.2085,231216.8961,266114.5563,323545.9558,382185.1307,393830.9029,367483.3251,311186.7543,290483.5886,281263.5932,269146.525,282607.10,302094.1462,313291.2405,322618.7259,328108.6076,337698.3819,349567.264,359690.2578,391464.3902,442563.6113,464926.1777,485631.8284
Brown County,WI,55,9,,,129196.2854,134422.6851,141424.0468,150041.5203,155597.2766,157554.3603,155977.744,169803.1068,165417.31,151977.60,142386.9707,148632.5111,152536.5136,159019.3575,167400.8861,178346.6092,190580.146,201175.88,214001.5354,236548.4416,264995.5229,286884.4684,309654.0704
Buncombe County,NC,37,21,,,148237.4731,155535.1002,163999.6316,177072.8741,197567.6467,222984.0344,236872.9437,228064.2907,214570.8826,203984.7281,194585.2632,196974.7753,207564.3697,221379.9827,240964.0604,256888.4797,279278.4666,295049.238,306127.2875,336725.5822,390360.1465,435178.011,459321.248
Webb County,TX,48,479,,,,,,,,,,129258.9032,127047.2735,125040.7906,123308.843,126166.526,132859.4805,138969.4366,149315.41,153694.5608,156828.7145,163537.2861,171556.4183,184258.5791,200261.9763,207821.2468,208271.8929
Madison County,IL,17,119,83580.92322,88040.7984,92713.75692,96411.47,103590.5692,111495.8943,116664.3359,120367.0804,121840.4951,118176.7819,116482.4156,117342.0301,112596.781,112503.8434,107243.1659,110592.094,113802.6651,116395.0347,119938.1839,123600.7331,130232.0946,143952.4847,152553.8128,164648.1486,175194.4386
Saint Johns County,FL,12,109,167156.6646,180326.2108,193653.6583,209105.7225,231231.3289,266514.2601,322928.9495,356889.1369,324323.2936,272841.8425,244995.7579,227955.026,216821.407,229823.8843,255807.5078,273053.1125,288451.2617,298342.3224,314481.7905,329109.1454,339807.6296,370473.49,479047.5856,539040.5749,544478.8103
Washington County,MN,27,163,174986.0185,193355.1491,218543.5055,237794.1942,260288.6375,277875.1303,290528.1486,291131.35,279244.3651,250588.7706,234572.4561,228005.2482,211353.8626,229104.2815,252135.2106,263369.7369,278530.4651,293189.0774,308171.4514,322658.2831,339913.6677,365772.356,410622.9221,425958.3991,430069.1606
Saint Tammany Parish,LA,22,103,,,,,178174.7764,188825.8087,203756.8289,223626.8979,230091.7541,213317.0533,206246.2679,209436.8463,187886.9092,195322.5314,205495.514,211531.5015,220370.9613,225829.7876,230649.2918,227031.5213,239538.3959,254545.2785,287895.0325,293796.2232,285822.0815
Marin County,CA,6,41,489759.9872,581551.8316,639256.6106,684684.6078,721201.6824,833647.7525,935360.922,930143.3403,918790.7493,780844.6147,716579.2272,692061.2123,637687.1202,760055.5062,867288.12,950258.8254,1059173.46,1090039.099,1171591.913,1206475.942,1206826.431,1341719.326,1527617.264,1546164.569,1562622.552
Cherokee County,GA,13,57,169980.1133,179697.4721,189485.7169,196947.4202,201931.1121,207718.32,215619.5807,225482.9725,225147.8418,212292.1818,191872.6528,178788.5537,163134.3787,170006.6067,193836.9861,207989.0779,221440.9568,239143.1124,255077.365,274519.5275,287998.2765,317390.0351,389269.1937,430589.1416,454364.9536
Kalamazoo County,MI,26,77,119856.1894,124967.9799,131639.8696,129232.8076,133737.0512,138791.2135,141305.17,140241.4203,135351.64,133661.92,126147.7078,122537.391,117350.2812,120468.5537,129888.0547,137210.802,146223.954,152661.0031,161254.2648,172949.1877,184340.2495,203517.9815,228691.7101,241516.5011,253945.7634
Weber County,UT,49,57,146891.2884,154125.3038,154798.7527,153825.489,153972.8201,156306.8185,159294.4438,172253.4951,191505.0157,182979.2259,174466.5781,161933.4865,156044.7282,160648.8054,172087.6108,177880.7322,196770.4342,220278.5165,243425.3417,271627.3553,296495.632,346839.5613,434318.2923,446106.7501,451335.3793
Saint Clair County,IL,17,163,,,,,116353.492,124930.3897,133115.2935,140583.5619,138993.3636,128465.0309,126425.2264,121864.7158,111035.2056,105894.0908,106428.741,109352.3851,109377.9228,111612.7966,116257.0487,121086.3526,122410.8582,134098.9194,146837.7738,153107.8684,159298.4314
Harford County,MD,24,25,164849.2805,169079.4424,177684.2302,193169.4331,220390.8235,261285.086,310764.5162,327523.1635,325621.8398,296015.0224,282762.4498,270294.9436,260076.2063,262356.7009,267688.2479,273696.7515,278732.33,284604.9688,290628.0763,298261.2456,310687.927,336573.6748,369526.5484,387427.1062,403653.2068
McLennan County,TX,48,309,,,,,,,,,,115880.2757,114556.1957,114738.7672,113164.0605,109734.7048,111279.8443,117460.6175,126073.7312,136767.1808,150664.7282,162122.8854,172836.2929,194869.6852,233840.2007,262117.3741,261911.0044
Cumberland County,PA,42,41,127799.1052,133991.5902,138708.4376,143558.5836,151125.6641,161632.7841,176625.3499,189632.2406,195483.5201,196955.7674,194784.40,189988.7106,186677.4173,191067.3588,192951.7792,194799.3072,199309.114,205126.2239,210855.1563,215942.9875,224992.8785,243715.2574,267147.8031,296286.7519,312105.2064
Jefferson County,TX,48,245,,,,,,89641.94712,94333.52955,100351.1819,105283.097,106105.8118,104435.0957,103640.6808,100956.2109,99334.51248,105272.5036,107131.5171,110446.8114,112328.5895,119915.8171,130787.0321,141343.833,147460.1886,157353.0943,159768.384,151338.4234
Yakima County,WA,53,77,,118397.9286,117595.3663,121594.7376,125610.1731,132711.1056,137952.886,151612.7221,158366.0595,160248.0575,153074.4455,156504.9541,145284.5367,151094.8612,153481.448,155415.5774,167467.3628,179805.2711,197599.5294,213735.3923,243386.3609,277910.6361,311189.1387,323337.3471,333496.5859
Clay County,MO,29,47,,127230.7118,135311.7945,141603.8928,148268.546,148517.1433,151247.2137,154768.8359,155092.5145,149074.3297,148343.568,141672.2756,134388.2856,138329.8834,142985.8212,148624.3608,160061.2866,172121.1832,184702.8966,195705.7972,205772.727,230678.9153,260597.4448,282299.7758,296964.1167
Chesapeake City,VA,51,550,134987.4751,140723.2875,146420.9337,158822.2191,174917.1966,214718.0129,268252.176,286702.4134,288424.4429,272143.2606,258268.6211,247637.2489,235519.5997,242035.7464,246955.6757,251024.4239,260688.0092,267208.032,274083.0742,277894.3913,290809.1294,316792.3318,353490.54,376769.7052,394767.8495
Forsyth County,GA,13,117,204850.5871,216081.2474,228305.8564,232352.4665,241501.812,252486.08,265485.3129,282558.6286,284908.4646,269207.761,244969.3956,234410.9679,220901.8687,238066.7931,265254.0446,288451.9161,306763.1207,325159.2568,341433.8024,355808.168,364126.74,395899.9717,499095.6133,558886.44,603317.044
Washington County,AR,5,143,111237.1516,118797.1536,122428.3782,128223.5077,138926.97,153625.5526,171183.6122,182205.5074,177892.0316,160729.7101,155259.2616,143352.4514,135862.7779,143467.77,148824.7082,154672.7059,163979.0982,176448.9026,188220.6255,197195.669,209192.0689,232354.1809,279182.6978,308973.3045,324576.378
Williamson County,TN,47,187,242472.4289,246976.6823,253123.9689,260684.5285,268673.5532,289685.3143,315374.3768,357524.9018,362293.1722,345039.9513,326634.76,322494.5291,326481.0313,338906.9817,367641.748,388425.9614,423019.7175,450563.3674,480814.0055,505872.3581,535104.4497,594011.3228,762501.22,849250.241,861344.8872
Lafayette Parish,LA,22,55,,,,,159102.0294,166803.7758,175153.5401,189631.2863,195106.1934,192730.1225,182780.4048,182720.5241,177147.3219,184328.2876,193880.6202,197030.4241,205534.3532,199683.0136,201361.782,198816.7567,204316.0655,207268.6547,224918.0654,233028.9822,228404.5003
Caddo Parish,LA,22,17,,,,,,,,,113588.7394,114640.1892,115667.22,117121.2659,118139.2221,114304.8032,114442.1503,115300.3885,114542.9102,115502.9513,112537.7202,114041.22,123179.80,128119.9243,130660.9768,133714.33,134428.8272
Warren County,OH,39,165,165468.8035,171373.4943,176956.2958,181819.9414,188658.3553,196851.8085,205203.9489,209210.6781,204566.145,193110.0724,188587.0823,185848.5495,178635.024,186647.7755,197083.863,205228.6287,216931.0873,227239.1245,239247.3842,254046.5852,268549.6329,301732.00,334801.4184,365936.51,383402.4134
Norfolk City,VA,51,710,94634.40184,97525.33332,103988.6434,110599.4295,125821.5473,154417.0653,190633.8699,209185.2387,210535.3069,205732.2001,194787.80,185520.9298,171515.5677,174351.4653,174155.6385,180886.7659,185398.5209,187242.5299,193505.5781,198636.3941,209752.8057,233011.4414,259147.1081,270877.538,289272.3596
Henry County,GA,13,151,145196.2825,152963.8537,159190.4735,164369.4419,167350.4006,172802.4093,178908.5315,185710.3641,181633.2659,158603.1467,132875.5008,124091.8119,107956.2171,110233.1655,132050.5003,146720.4509,156633.4064,164562.9299,178129.9201,193346.2299,206559.022,231573.7099,294472.3231,328747.6212,333527.0846
Union County,NC,37,179,,,178401.4763,180732.7256,184169.886,187085.0159,195977.2574,208599.7665,218114.5142,208248.8865,195146.8217,184742.7332,172203.121,175504.4262,189185.263,199816.3969,215923.6791,232317.2212,249215.4602,263108.5183,275252.5094,307126.2133,378948.1798,418465.0203,430523.1459
Arlington County,VA,51,13,251391.5856,285828.4527,335404.5343,389433.6533,444330.7746,533681.51,629143.2631,613390.9688,602243.8856,578626.6305,576139.0216,583943.2802,591582.4978,627878.0182,673985.9089,690242.4138,704671.0891,718078.7076,741508.5259,763179.53,820349.0723,887449.3485,905914.8679,930448.69,971500.2952
Saratoga County,NY,36,91,125807.248,130021.4941,140207.5217,153283.3992,176605.715,205954.9276,232758.3791,246782.9057,248362.7689,235516.4161,238817.6315,237217.3461,237182.24,242257.996,248454.1711,252641.1661,264076.55,270924.5649,279361.12,286916.5042,293002.1883,316436.441,352666.2108,380445.1137,400726.8716
Hays County,TX,48,209,,,,,,,,194883.2787,200015.2915,198187.1142,198226.5871,192884.1976,188065.8484,191657.629,203383.0688,224001.4557,245727.5308,258703.4075,270849.5834,276443.4397,285742.2499,318817.516,432083.79,440284.8513,411713.123
Sussex County,DE,10,5,137858.7708,155211.056,172340.1273,190465.578,225285.9934,266291.4989,310630.8727,323292.1357,313468.27,289000.9813,274129.7609,261755.6517,249565.547,255972.7371,272132.8488,283760.3221,293129.9494,301699.7321,312487.232,320049.986,332312.0269,368624.9861,446062.1619,467162.603,472796.3776
Yavapai County,AZ,4,25,138950.0928,144369.02,153866.2912,164933.6055,176098.0212,204565.9944,270773.5005,296393.4471,275821.7694,238005.1919,199592.9293,183237.6195,166479.6597,187087.8051,216437.178,235923.7064,258573.3523,273100.5729,296444.5309,321419.3363,342296.2046,385641.9629,476151.2036,494929.4942,505087.7997
Lake County,OH,39,85,136185.1581,141809.495,147271.1826,151310.6156,158492.3279,165609.7911,169712.3003,170830.5844,168910.1457,159293.0051,150920.97,146205.9599,131626.3971,136482.6178,138288.4053,140139.93,144975.1827,149959.2358,155837.6578,161414.0271,167990.2076,187209.85,202221.3853,216237.4387,229939.9074
Oneida County,NY,36,65,68900.5697,72990.94604,75727.25203,79504.19166,85027.99802,93214.95754,99029.28881,108179.7133,113500.9872,114043.038,113149.7768,115941.4861,111385.6988,110087.9993,111113.2165,111720.2769,116729.2843,120852.8064,127931.4273,134547.4458,142261.7435,161534.1387,177551.4261,192707.2112,204277.438
Smith County,TX,48,423,,,,,,,,,,136210.1973,135364.6839,131495.4887,130034.9719,129710.9576,135665.905,145163.7482,151015.9944,159547.8099,169128.0823,175439.0308,184372.0814,201142.0643,235595.6411,261438.1064,272046.0625
Brazos County,TX,48,41,,,,,,,,,,160128.5926,160184.0194,164207.7287,161622.6489,167331.2202,171090.39,184706.5063,203568.5647,220851.3063,230985.8811,238060.7446,236236.1328,249824.7477,273643.2467,297222.376,308870.1836
Hinds County,MS,28,49,,,,,,,,,,67763.97219,75722.32,71070.72284,66553.56931,63234.62081,61506.66627,74335.01856,82176.3913,86858.53878,90260.30599,94050.92573,99471.75782,106314.6489,126562.3605,128785.8176,110794.4749
Montgomery County,AL,1,101,94883.01,97567.66546,97106.36771,97773.91442,99271.03317,103300.8454,109342.575,115892.4929,118689.9426,117048.9458,110785.2123,107079.995,101276.937,99589.70577,104260.0881,102213.7904,101167.5525,101164.2797,102057.7992,104722.9782,111410.3125,117510.1661,134893.1286,146438.6612,149942.936
Mahoning County,OH,39,99,70162.02814,73065.6484,75764.74646,77511.76349,79506.12585,82143.25631,85067.61,86253.01158,83791.02527,82280.91454,78943.34,76889.71734,74973.42667,73502.44967,74234.0153,74277.93974,77647.07543,80317.88474,84763.77921,89901.71161,95609.9775,110174.0835,124570.7618,137416.3052,146801.7868
Linn County,IA,19,113,116264.0198,120464.4244,126107.3989,130539.93,134761.0866,138033.4533,142367.4575,145968.119,147873.856,149912.1371,149463.0096,147534.5386,142678.7406,146699.9692,147841.0217,149499.2342,153207.2224,156120.6978,162332.5305,168665.6585,176504.8851,186824.1791,205958.6432,220882.8034,228493.9947
Barnstable County,MA,25,1,199324.4289,228173.9842,271232.6166,323748.3062,377046.1347,425192.0901,451479.8132,430916.3653,413003.7233,394255.9023,372739.5789,375446.0466,353939.5815,353042.3004,368971.1807,375719.2115,391950.6416,404380.9583,426868.9954,444835.4929,453187.3475,509958.1483,622247.0849,688287.7385,740319.7767
Canyon County,ID,16,27,,,,,,,127752.1969,150710.0946,160351.825,141523.268,116874.6484,98043.56045,91302.57,108851.1493,133776.0877,140374.6516,154438.6943,172294.8182,193466.9899,226913.6269,256042.9757,317088.76,420697.3559,400947.2569,393890.5652
Baldwin County,AL,1,3,123476.4311,129976.4032,134730.2322,138530.0943,143303.1191,155660.5066,182583.3784,207133.0583,206728.2067,196773.0499,183109.59,163287.30,154029.89,162581.7344,172733.1568,180592.1103,193980.3054,202129.0097,213595.9004,224665.7464,239680.7544,268159.9763,318602.9137,343656.2905,355239.451
Gaston County,NC,37,71,,,117747.8542,117494.2488,119576.4368,122536.7017,124711.671,128962.74,134571.814,129434.0036,124018.5424,117609.4841,111035.898,108509.0618,112076.6672,115217.1003,125049.3979,136355.291,148851.6509,164891.6552,179112.48,205715.7124,249155.2321,282284.6808,288358.2206
Jefferson County,MO,29,99,,129143.1351,136176.43,145767.6185,155232.3211,159393.5967,166848.2995,174049.1481,170302.0126,173862.177,159860.8458,162118.779,153313.9596,151435.4748,150442.9783,156651.7791,167387.5983,173081.9188,177515.5475,181868.0025,190585.1174,209961.45,232625.3518,243895.882,257846.8792
Richmond City,VA,51,760,96465.9678,101249.1498,103246.4475,110972.1299,123211.2405,135644.3367,154741.8806,170946.5515,175599.9701,166934.9734,152653.6884,145616.016,129641.9827,145215.6096,154587.9418,160426.107,173606.8584,187733.5043,203552.8047,220783.25,235713.3932,262296.9423,293711.2824,326014.8703,338015.1948
New Hanover County,NC,37,129,,,,,180735.4623,191756.9715,222306.7445,255686.824,261884.7074,243838.4048,224612.5265,207921.5424,192647.7282,187287.3109,201380.0679,208171.9735,221170.1151,229834.7593,244508.8931,256143.798,270794.7722,297461.5572,351173.9967,399971.8285,425448.0616
Whatcom County,WA,53,73,,154298.0192,157607.3478,169973.7037,195861.8119,244548.7782,289606.0682,313077.07,312864.1374,298239.0625,281644.441,274843.3692,257967.6723,258368.8072,272087.1135,281388.5037,306158.9674,334690.043,370703.3419,404925.3022,432596.6103,491532.5713,582084.7057,601486.94,612654.1756
Tuscaloosa County,AL,1,125,108170.1601,111683.8149,115967.3625,119499.4485,124143.383,129385.493,136878.4701,144535.3878,147735.736,144661.3396,142087.8878,136460.5977,133843.2029,139597.4259,139411.5367,145129.567,152707.8149,149901.4808,152642.6253,160418.3564,172641.9462,186559.9261,207175.3284,221883.9158,226630.9208
Berkeley County,SC,45,15,114319.6243,123761.3046,133962.8183,142618.6294,149259.0529,163146.8442,179487.8991,195628.0104,196100.38,182856.6006,172457.6,167592.1694,151095.6001,163488.9209,174006.0598,183146.9776,197376.5333,205493.5832,219543.7276,231178.745,245448.6876,267672.5346,321681.8446,351017.5032,364559.8958
Jackson County,OR,41,29,151514.1426,163362.3671,176019.5914,189656.8931,217289.4819,258990.4646,314979.1742,327639.2253,299109.3164,257440.5775,231019.5005,218127.0551,188293.1141,194608.3736,220264.2858,238136.6728,259902.08,283682.5016,306832.1051,322473.3732,332015.8854,366122.1311,424608.2895,428937.3129,427542.4739
Cabarrus County,NC,37,25,142734.3604,150319.5575,153402.5121,155530.7992,158183.3244,158774.2025,164627.2441,174278.5037,181819.5002,172892.0246,166573.6727,156875.1865,147300.5068,149538.8556,158785.3248,165176.7912,178402.7917,190956.4262,208663.8945,223073.3655,235694.7604,266551.5696,325928.1228,364422.6993,374555.2821
Shelby County,AL,1,117,,,171496.377,175431.4929,183169.0272,190317.3069,202281.9066,212090.779,214319.0086,203285.9657,199104.3128,193338.9781,184821.3663,189994.5078,198408.2766,205055.372,212286.3158,219478.291,225907.156,237943.896,253793.7388,276561.259,318737.5545,339963.3068,346136.3289
Dona Ana County,NM,35,13,,,,157340.7039,165052.1556,181073.9968,202668.7152,224578.8367,233702.1362,229946.3342,195880.906,181040.5091,170429.4613,170474.8125,168737.4506,165887.7146,167212.4856,167355.1149,171127.2558,182255.984,185057.7507,204775.6875,238046.1161,266953.2417,284119.1643
Butte County,CA,6,7,,139100.71,155829.0072,178713.0509,218142.238,256103.7606,304328.0818,300324.4653,285594.46,241851.8291,217650.5827,204568.0165,185242.1273,197717.2579,223902.7602,236999.5587,253097.5963,270582.5218,291137.4108,307962.9714,344880.7102,372164.3319,409453.0543,410074.3953,396607.1021
Yolo County,CA,6,113,180707.5372,205411.3756,243753.6891,289626.1178,333661.9727,403001.4973,475804.7713,461188.3736,412777.8361,327990.98,292732.70,284871.3758,256207.0378,264610.3294,323653.491,349749.1104,368061.5073,412535.8288,444784.8942,466545.1633,474810.95,517677.7298,598733.3455,606871.872,614983.4045
Clay County,FL,12,19,110846.4704,117654.9914,125211.7112,130560.0071,139636.789,156416.826,181347.9015,205087.94,198734.1646,181729.8818,164683.6931,149369.8417,138388.4633,141842.1532,155967.4263,164243.2459,172873.8519,183472.8664,198452.3088,217601.1665,228934.7258,249314.82,307753.0599,349276.1159,344562.2641
Montgomery County,TN,47,125,114459.2664,116220.6978,118442.2593,119526.1011,121655.933,127798.1538,140113.3234,148817.9227,155086.9338,152258.3703,153850.5941,153285.1014,155315.5704,157602.056,157614.8265,160895.086,162775.7105,167488.2175,173291.3263,182865.23,197815.3187,219537.2406,267507.2114,296428.2837,303525.4113
Lackawanna County,PA,42,69,,,,,,,,,,129985.25,122421.6936,125221.5372,119857.6873,120355.3992,120526.3911,121868.61,124793.0988,121327.862,127072.5559,133744.3878,139785.0999,158673.292,176915.5715,186717.0172,199556.8092
Niagara County,NY,36,63,76921.59578,80803.88958,82925.8946,81916.18972,87873.11808,91018.06248,95246.4453,97019.10475,99766.66,100386.1083,104506.0967,104599.2605,105649.6212,105536.1382,109680.5722,112001.5048,116983.9266,124766.6299,133966.6445,142420.6195,150791.3947,171029.9815,189809.1373,208122.5824,220605.649
Calcasieu Parish,LA,22,19,,,,,,,,,,,,,,,,,,196337.8028,201216.3345,206849.8373,208180.2864,211652.1014,203560.9285,203835.4576,187342.8341
Mohave County,AZ,4,15,102672.3122,106964.7825,113766.1753,126135.7801,152315.0944,193993.8795,236790.6266,257551.0123,227530.0865,184389.7924,149627.1802,136895.2215,133684.3102,139934.1593,155005.9382,164208.0362,179359.7787,187791.1361,203957.6787,227095.994,246545.3608,284061.9855,352522.4346,364600.02,361148.7668
Delaware County,OH,39,41,220168.4425,229355.2749,237361.4855,244435.8155,254415.3079,260877.7402,268556.047,269327.3005,263322.3867,258901.5859,247617.5919,247748.1148,246549.9563,250235.8858,268974.296,279765.3027,294696.4934,308366.5933,324005.5749,336697.6056,350490.4352,385201.8086,434015.8531,478362.4378,496991.5739
Johnston County,NC,37,101,,,148428.3699,154253.0215,160144.3719,,155552.9441,163583.6103,167043.2705,162597.9055,158439.4773,157140.8455,147820.2454,152266.6419,156353.67,161640.1755,170596.7619,181921.9029,195063.5827,207166.6886,220601.3312,245308.7804,305405.7757,337570.59,340396.54
York County,ME,23,31,130635.4948,145966.36,169155.0476,191778.6018,218185.2966,248198.0381,267022.83,266749.5789,259845.3258,255977.985,222541.8129,225831.8954,222625.9807,224998.6447,232418.8971,237743.5035,250729.8859,267680.9573,288426.6869,306860.6349,320486.0734,370617.9708,422717.7565,466979.0692,502589.5337
Okaloosa County,FL,12,91,,,,127220.8302,140282.5317,177526.4662,242964.8816,241871.606,217495.4902,187939.2342,173729.8655,167719.84,158363.3785,163296.1283,174267.3987,178564.1039,187260.9268,195858.1041,210186.143,223210.3071,236993.0779,268569.2032,315874.7833,345283.79,349126.0375
Washington County,PA,42,125,96490.77158,98013.07359,105648.6164,110377.7032,117810.9936,122958.9362,131145.3878,131837.4354,132486.5022,131997.7949,130009.5739,136571.2528,132783.1393,136367.7922,140779.0086,147473.049,151060.0974,148558.6445,154144.672,163886.8411,174395.7574,188248.576,198938.6216,209296.0132,215638.3257
Clermont County,OH,39,25,128928.2011,134017.3118,139289.694,143521.1574,148728.3687,153037.3691,158589.2225,161931.0586,157274.6744,153033.025,146079.7817,145589.5277,148674.70,145742.3501,151540.6473,156668.5695,168047.1337,177279.8702,187766.549,198771.4128,212468.7035,239477.3128,270684.8415,289204.7439,303718.6784
Harrison County,MS,28,47,,,,,,,,,,,,116628.3957,112827.6736,113925.5663,114037.8665,121003.0765,130753.1174,135108.5694,143189.6134,149381.433,154814.2855,168455.2764,197070.7143,206670.1468,211738.5862
Champaign County,IL,17,19,,106745.9566,111897.7854,118688.7377,124328.282,135538.3505,141519.1385,147072.1896,148583.4562,144342.184,143294.9828,144154.4564,140029.2963,139309.8056,143405.7091,144380.5229,148818.184,152692.6516,155535.3308,157222.9759,161073.9649,167466.2119,186376.1399,195558.3988,206060.6013
Elkhart County,IN,18,39,,,,,,111695.0363,117423.6654,122181.366,123916.4348,118740.0569,114943.1916,109559.2371,106613.6613,111854.2468,117517.1702,122611.3405,130259.7609,139881.5459,148903.2416,161040.6647,169066.9555,186383.2831,211636.8994,231240.4761,239259.7473
Richmond County,GA,13,245,,,,,,,,,,,,,,,,,,90698.81897,95753.50613,105889.3379,114028.6034,132739.9653,152149.2627,173048.5789,177672.9492
Benton County,WA,53,5,,,,,,,,188323.321,186210.4695,179792.3502,184327.5801,187652.2633,192081.0908,189997.4784,191694.1141,197864.2265,214415.3786,235781.7602,265122.0296,293822.1333,324905.1128,346785.7846,399658.1992,424724.5078,430906.0295
Muscogee County,GA,13,215,114628.946,118231.4355,122759.8849,124489.2276,130003.3333,135995.9901,118606.2398,124345.8323,130049.9033,127527.4706,122698.4423,116767.2284,109922.0899,103799.135,102924.2956,99938.80248,99727.31759,100627.2225,102935.7203,107526.6494,115223.4109,127804.8881,142819.112,156652.253,165674.7911
Yuma County,AZ,4,27,,,,123838.427,131265.1376,152094.1078,208659.5203,227920.664,215554.2249,183054.3812,157671.2568,143371.863,123439.4609,119424.0928,126905.7073,132921.6507,138675.39,144482.0061,152542.7339,162595.5883,173361.3265,197953.6454,241554.0946,269042.3143,277275.0848
Anderson County,SC,45,7,99590.43598,102423.7837,102922.249,105405.9237,109555.064,115311.5018,119394.008,126377.3554,130605.7276,131203.34,127351.6536,126422.3812,120140.1571,119164.3447,124514.9262,128748.1279,137854.3388,145169.1752,150494.399,159558.9769,166667.6505,187028.3634,222008.2291,246897.9361,267235.7772
Trumbull County,OH,39,155,74577.12512,77575.17005,81186.02868,83586.37033,86420.55549,89728.1029,91792.48089,91381.37057,89920.06477,85593.90863,78345.58,72995.51039,71147.53,72355.91882,75337.46763,76916.0572,80654.64628,82436.90753,85997.86364,91210.25,95831.12734,109692.9504,123274.9959,134885.3519,141632.8794
Hall County,GA,13,139,138503.0059,146678.1068,155845.0486,161366.8665,165606.077,171449.19,181267.0751,190700.5337,195547.7092,180958.2974,157455.8862,144005.4856,127803.7665,138736.6639,155059.6413,168382.0477,183439.6362,196102.4636,209556.3235,222374.7444,235694.2805,263630.5173,323097.1428,358769.2242,375169.7762
Onslow County,NC,37,133,,,,,,,135122.5252,152438.2987,168049.3552,172611.3237,172170.5533,174479.4657,169893.0454,166453.5061,158275.796,153623.6351,147609.3582,148551.485,153077.4222,163333.3404,176274.7523,190525.5484,218305.6303,252504.1483,267454.1165
Hawaii County,HI,15,1,,,,,,,,,,,,,,,,,325179.7173,338159.9055,357252.3829,364841.8774,381255.4702,415415.5481,490546.4927,558005.8936,549040.669
Saint Louis County,MN,27,137,,,,,,120166.3308,131322.957,135692.3464,138844.6835,140164.1331,136422.0372,132406.3262,125635.2215,125153.2412,131968.3205,134752.5379,139597.0156,142446.0774,149681.5953,155754.7554,166620.5969,182979.9105,204861.535,215940.1894,227291.4097
Broome County,NY,36,7,64977.60973,67847.91463,71196.71709,75023.02,78005.52435,82483.7013,90143.32029,99662.12444,108535.2696,111812.3491,113326.0153,110350.1315,103039.0062,103999.9052,104471.6554,102933.1763,105488.3427,106216.3377,107123.7,113736.4543,118650.3718,128168.5599,143116.1445,155717.8795,170708.1157
Racine County,WI,55,101,,,,,,,,,,163637.015,153649.8103,142017.8655,130991.5098,134667.4548,140402.1489,143743.4369,150602.5974,158627.49,170526.5898,185436.4705,194673.8732,215026.5159,239989.6567,254701.1685,271195.6886
Sangamon County,IL,17,167,,,,,,,,121927.2114,122312.5497,120778.3559,120997.1576,122624.5899,123974.4747,128821.6795,129477.7299,132817.0724,134131.4399,135855.8015,136312.3376,135808.9653,142682.2049,146978.4491,155329.2577,163446.482,172826.7069
Deschutes County,OR,41,17,150985.1923,159018.5657,169916.8576,180397.2137,194459.4275,233900.044,294440.8521,358426.426,346310.7224,289905.44,228688.0745,206806.1057,197983.9122,220261.5208,265769.8764,296664.8612,335315.895,364445.1768,388789.26,416384.6745,437183.0763,504817.4285,650238.6202,649526.4269,670134.3581
Minnehaha County,SD,46,99,,,,,,,,144253.6703,148682.5596,150898.4436,147509.4811,146728.2418,146605.6744,152609.5552,159788.5368,164069.4854,174526.569,184743.5106,195830.1452,206425.8707,220555.7692,240459.2547,278027.2445,302045.0475,311628.7064
Livingston County,MI,26,93,205609.868,220240.0353,229212.1833,239559.011,247694.6994,255771.7443,265798.98,,197048.8414,167397.9344,161936.2296,166653.8501,166383.885,179637.4016,199952.5299,216717.7675,228314.588,245083.9598,256983.398,271479.5332,282029.0069,310594.6837,343425.7703,364077.1835,377917.1445
Sumner County,TN,47,165,140178.9379,144673.0038,147831.237,150860.8252,153822.546,161765.944,171164.9922,182242.6562,187871.9349,181848.9414,178155.0606,172899.0964,168764.1553,170073.6186,180680.0239,190878.7373,208665.5317,233271.4024,253359.7309,266100.5333,291055.6447,317947.4424,388995.1268,423584.3516,420793.4126
Butler County,PA,42,19,,,,148924.0519,158341.5209,166148.8239,173930.9373,180304.4665,184180.1038,183038.0564,180964.9197,185417.866,188172.4288,200177.6514,206339.4686,213997.144,225728.5573,227750.6479,233909.0779,238866.7995,247546.2446,275518.3197,292459.376,304176.4776,311598.4284
Hernando County,FL,12,53,98443.4989,102654.1125,108205.5152,115809.9531,128834.9248,155567.6391,198818.3979,210811.6866,178933.5364,139732.4448,121318.0932,104513.5309,95899.05277,93056.21966,103712.3512,111948.92,123881.844,139217.8007,154785.9116,169381.9132,181905.8262,207801.3149,267187.45,314316.9137,316604.0825
El Dorado County,CA,6,17,207144.8656,231875.3408,277271.3795,310279.1559,358945.997,427947.6902,517639.7921,502168.7289,452886.027,400050.7416,333874.6653,315577.5811,282554.7098,294669.99,355065.3993,380429.1724,411580.447,438964.9965,471032.3341,491190.61,503004.1545,548231.974,655796.5226,643132.5627,653810.2606
Saginaw County,MI,26,145,80158.12232,83939.61092,86790.87544,90190.80208,94693.03409,97270.4449,97825.6373,91514.70122,85518.64572,76681.34957,79810.1313,79057.29243,71113.69445,71893.92845,73409.78171,75523.73405,77166.61618,79600.80517,87406.48415,92082.87996,102481.697,116979.5662,128490.2928,143263.5111,152678.106
Outagamie County,WI,55,87,,,,,,,167966.2595,169220.7091,169012.2477,167463.1795,164270.5342,161033.9431,151076.2793,148853.7011,153060.6289,156101.1178,163411.4225,172297.1825,183657.6648,194538.5649,208972.1554,227476.8832,255500.8315,277865.1104,299453.9079
Sarpy County,NE,31,153,141769.3843,148845.9267,154181.6828,159575.8353,165934.101,172650.7987,178540.0301,180642.5409,179555.6702,174962.7284,177387.3327,172332.7342,171513.9692,172186.3809,178364.9573,184353.2352,192619.8498,203314.15,215280.7015,224586.7171,238530.0293,261763.9109,290840.9772,315715.7504,331173.4849
Ellis County,TX,48,139,,,,,,,,,,145332.4858,142377.3536,142677.2589,140179.06,146829.6894,158562.1275,170959.1625,187846.1995,208984.4095,229430.4601,245612.9792,255689.2555,280125.4048,339722.7597,365398.4525,363305.3704
Tippecanoe County,IN,18,157,,,,,130640.7017,132316.8018,132025.6652,134124.0091,132885.711,127095.2503,132639.8745,127981.062,126914.6454,129362.2038,133254.8421,137025.232,142945.9061,152107.4337,162080.9308,171289.3961,185452.1921,203750.5408,234795.4936,246720.4845,266068.6069
Beaufort County,SC,45,13,200776.731,223699.5963,244205.0136,249856.4289,265538.3229,290173.2952,339721.8531,387435.2178,369844.6135,329698.2669,297541.6493,280017.4013,257299.0679,261226.7058,276201.29,288559.1347,309317.30,317194.9296,323757.1397,332757.5071,344268.9861,369493.8498,460605.8775,526477.6212,557645.6149
Litchfield County,CT,9,5,157984.3534,169177.191,188071.8482,208153.9907,236780.11,261007.1829,290069.0157,296459.0277,290472.7334,278717.262,257698.8902,250348.5385,234442.0912,225565.0256,229687.368,230690.0616,235217.5188,238226.8432,246613.332,246382.9939,251057.7736,287992.9891,324909.3279,359092.2179,396504.3228
Charlotte County,FL,12,15,90758.63045,96298.1866,105104.5402,116403.4176,134511.5446,160164.1702,211395.2021,214832.9658,166684.3657,143845.0411,124231.4119,119828.1976,113545.0115,126307.625,144518.35,158118.8454,177354.4047,193730.7688,205689.2778,216683.2474,227244.5998,249997.3883,329936.6157,378778.63,370838.6587
Santa Rosa County,FL,12,113,112406.6449,117463.4539,117709.6229,123139.5977,133591.2002,157852.3433,205504.5698,206799.266,186895.9858,169216.6726,158342.1513,153407.1154,144694.8331,146721.5362,158848.8787,167458.4615,174241.5733,180445.6796,197715.5725,210911.2504,225084.5342,256615.9533,308531.6727,341691.2985,346180.2476
Iredell County,NC,37,97,,,168010.3031,169052.8583,173415.47,178796.7854,186315.8598,198344.7033,210003.1967,200132.7801,189355.26,180330.062,167656.8526,173119.6766,181032.3453,184991.8734,197114.8457,206548.9408,217734.5747,228026.3254,236651.8748,269773.0886,327366.5255,364477.1935,368649.6874
DeSoto County,MS,28,33,,,,,,,,,,,,153490.033,153613.8336,154792.5092,156607.9043,160923.2222,166990.1823,171855.0016,181316.2627,193309.8198,206769.399,226830.975,265458.428,285421.6176,288522.098
Newport News City,VA,51,700,97230.67,101219.6959,103725.7298,110894.8894,121695.7098,143533.7192,175019.0081,197129.4225,202743.88,191278.7533,185458.0115,169861.2604,155857.4499,164354.3277,164662.8833,165956.6011,170502.6368,173997.3504,177192.7847,181435.4149,189560.2898,210096.1886,234238.7433,256651.3911,272525.5154
Cass County,ND,38,17,,,,,,,,,,197939.2691,195102.1863,192499.5237,181242.3722,185280.3534,197580.556,211376.5346,236667.5594,248134.6167,249230.1953,248142.0852,265721.0385,269548.6755,292689.6964,307785.5876,308886.1136
Peoria County,IL,17,143,,,,91060.89327,93140.27349,97015.84,101972.1106,106703.1858,108666.9807,106676.7608,103813.0403,101711.3177,99964.79965,101056.7673,102647.7348,103513.943,104572.676,103865.5246,103459.3651,101577.5063,101798.8752,108503.724,119563.2644,127327.7666,137046.2383
Boone County,MO,29,19,,,,,,,158349.334,161996.5173,162040.3295,161318.4895,159124.1355,159958.0009,159575.8023,162968.0435,168073.9129,172574.7738,178760.0408,187171.5429,194812.7607,199168.38,210410.3628,232054.4705,266988.6918,291052.435,299505.3903
Kanawha County,WV,54,39,82177.21443,85245.06719,87683.84361,88108.143,92200.94329,94762.3776,98640.66,102319.4715,105463.4525,108665.8592,107886.0026,106535.4656,106057.4249,101940.4154,95699.07306,97363.87649,97896.91166,99485.13,100616.5461,100847.5088,104524.4797,113142.0929,122450.0926,131699.7525,138735.4201
Shasta County,CA,6,89,110720.7294,113052.3587,127887.8403,152021.0932,182690.2213,219596.3146,266307.9385,272636.692,252491.9551,210482.0016,192795.1634,184398.5729,170293.9911,176207.4024,202295.4762,213317.0925,225559.9208,235578.589,253060.7782,263714.638,281603.4282,311819.2086,359200.1067,364113.5894,366236.9187
Ulster County,NY,36,111,117538.706,129116.396,142324.466,160092.8066,188533.6161,218560.9008,252414.2902,255015.6896,254636.5537,237990.4208,223940.6536,217439.3105,199433.4784,188940.5796,192715.9743,195011.5876,200853.7352,205928.4089,218545.5633,231655.675,242991.2031,288616.6864,337424.7262,372009.4594,397775.50
Medina County,OH,39,103,133869.5808,139499.0212,143784.8989,146862.3498,151992.2886,156931.0064,161493.2603,165626.5312,169495.6506,176611.2892,178486.9922,164640.1598,164693.6294,171056.2423,176916.9184,181735.875,190046.1277,196169.4336,206778.1376,217411.2184,225556.70,251330.6218,276420.5305,302522.5828,318248.4828
Bay County,FL,12,5,104173.091,110588.4213,113755.7108,120779.9906,135398.9667,167965.1743,219199.7387,223298.4548,211661.5055,186913.6736,167990.7317,156734.5422,140893.0408,142834.4322,152133.7631,159985.0038,169788.1998,175773.5679,187615.8934,205366.621,213272.5054,244528.7256,286173.0267,325378.8149,332704.2482
Kent County,DE,10,1,,,,,,,,,,,195247.625,187477.9035,177274.0237,176158.3188,185174.5662,189803.1354,199878.3875,209166.0999,211615.2407,220299.6703,233988.0282,261832.4736,298895.5133,324113.68,345789.443
Imperial County,CA,6,25,,96195.24,103645.4091,109046.7264,121060.4909,147381.0092,194204.5546,206747.3922,188636.2675,146371.0742,134361.847,129005.8178,,136814.3513,156321.99,175884.9568,193583.3348,204076.5181,218961.8219,226841.1503,251362.65,268888.7876,305388.0631,314007.7943,335353.0277
Vanderburgh County,IN,18,163,,,,93628.22033,95222.71127,98641.15247,104203.9905,105025.4045,105235.2966,99980.06867,96783.65,98918.2272,96711.40156,98881.36005,99702.21687,101834.1221,104867.7051,110876.2947,116880.6172,122977.2532,129424.9308,142439.3321,161078.6774,172244.5478,181165.6222
Shawnee County,KS,20,177,81869.51213,84856.4603,88714.2552,91937.56135,95589.98151,100209.1036,104864.7215,108797.6436,112898.759,111046.886,112009.3755,109332.604,106639.6949,107244.3008,108121.0126,108809.4775,110844.1179,111873.1227,116589.0864,122503.3428,130230.3502,141801.8773,160164.1752,175963.294,186958.7168
Licking County,OH,39,89,130314.8861,135148.6311,138733.0756,143073.5676,147872.1422,151010.0801,155112.651,156546.0777,152444.6095,147432.6806,145214.5815,146919.2724,138162.8159,134516.495,145883.2992,173927.5359,191779.4844,169179.4013,177279.6606,192622.0578,207644.023,234819.1641,263899.69,294698.7395,314455.7854
Johnson County,TX,48,251,,,,,,,,,,135591.2453,132359.7405,129387.0819,124507.8279,128764.4995,137668.4953,148951.0623,163413.8931,181414.0886,200271.2726,215737.6523,226799.3788,251204.7668,301916.17,330911.4908,329110.3445
Washington County,UT,49,53,,,,,,,,,,213979.0395,184054.9252,171659.6539,172791.3071,194464.4199,218754.1303,237325.215,254433.2158,274761.0307,299792.7078,330630.9559,351413.25,398375.6653,523630.68,535067.6428,534770.59
Muskegon County,MI,26,121,85222.27324,90907.72994,94311.27715,96470.96532,98428.67344,103633.5881,104168.0277,104041.419,99863.11804,93903.93703,86730.42619,81437.74463,76550.02795,79281.1008,88762.59549,92824.98106,102062.6254,113451.9021,126055.2634,136649.554,150705.9292,172212.6135,197256.915,213433.83,221844.5934
Scott County,IA,19,163,,,,,,125939.8846,136855.275,140650.0848,144368.2139,143646.3409,143258.5079,142665.942,139362.8732,143087.9268,148343.2753,151483.3295,156021.2097,161128.8276,166949.1128,171247.8162,180209.8637,190987.0889,206121.2275,217371.7582,224926.5405
Porter County,IN,18,127,,,,,,,170755.6415,177914.90,183220.4319,180738.8574,176872.571,175735.3598,174906.0534,176642.2457,178714.4089,180020.807,185974.1755,191356.3048,198448.2372,210436.0584,223814.9438,246413.2102,277754.9686,295529.0592,309997.258
Lee County,AL,1,81,132302.1225,138364.4823,144246.1359,149938.4309,154998.1518,164009.8975,178603.9931,185661.767,188136.1445,184483.5509,180160.1471,170108.6296,165454.2752,173117.6384,176295.2977,179956.0351,186712.7801,196342.6314,206936.0923,217177.3754,229157.7386,247785.2784,278939.9219,297399.7861,311672.3637
Carroll County,MD,24,13,171037.0002,177731.1664,188321.1708,211428.3482,245546.3003,295911.0121,350952.2621,362819.7782,351634.2342,317878.9637,298017.7544,281864.0669,272297.9035,288819.9736,303711.0575,311592.1587,319578.9892,325180.4618,335161.815,343279.2101,355161.3301,388400.7072,426625.264,442132.0067,459967.0146
Hendricks County,IN,18,63,,,,,,160133.3427,164558.9665,164019.7977,165187.1432,162322.3578,160946.7909,159639.2136,155368.9872,157605.8868,164625.1587,170576.4927,177853.4142,187495.6162,197700.7002,210884.061,225795.8044,252125.06,294711.1917,320740.5202,328955.4382
McLean County,IL,17,113,136703.7336,141386.8168,144480.5466,150336.9199,155024.7745,159327.7599,163004.0112,169084.9385,171241.5633,167682.9855,167547.488,165612.0713,157308.0371,163973.73,170300.0569,170358.8995,172399.8511,170537.6479,170358.7863,169012.1772,169947.6918,180194.31,194925.8006,218005.21,228298.4234
Winnebago County,WI,55,139,,,,,,,,,,163136.0708,156525.4115,153970.6942,133180.5646,133796.7793,142077.7214,143816.7736,151911.8748,160423.1361,170227.6253,178839.1996,190137.6703,211060.7418,232329.8709,250661.9654,264039.7121
Pitt County,NC,37,147,,,,,,,,,,147181.7602,141227.2303,140324.0931,135531.6589,134451.5716,134456.2877,134901.8456,137536.1734,140763.5484,146968.4158,153093.1336,161456.177,179261.3572,209057.602,239675.6852,253267.5867
Guadalupe County,TX,48,187,,,,,,,,,,192107.4993,189834.1986,187421.49,181856.4926,183885.0799,190847.8914,200683.52,212035.7237,219795.996,227882.533,236102.6379,241359.4834,257789.4247,312003.5335,334442.96,320667.2498
Kent County,RI,44,3,114466.2502,124582.0117,141033.1059,171047.7802,202922.4137,239882.3628,264994.0887,258840.4896,245061.8337,217114.3361,204392.4448,194709.5343,180751.2188,177984.0538,189151.4743,194562.0021,204778.1158,220870.4178,239204.2649,251037.17,264770.7757,294102.1168,333480.4252,362649.6235,392829.1102
Alamance County,NC,37,1,,,,,,,,,,,,,,,,,,147994.86,156931.921,166460.852,173379.3422,194255.4726,228123.4507,264553.7192,279360.08
Kenosha County,WI,55,59,125976.6975,131599.143,138603.1667,145263.0855,153767.9203,168590.1333,178232.3947,181993.2835,184273.2218,175150.5357,158623.5962,148722.9498,135987.5064,135042.5106,140358.2765,148490.7602,157167.9821,170532.971,183133.4861,199533.473,213471.5569,233651.71,251589.6214,268670.1486,287953.5842
Wyandotte County,KS,20,209,,,,,,64720.24301,66399.11686,71637.62353,70217.63,63301.58945,57472.52338,54899.7783,47096.27365,52178.73013,55353.09,64057.62403,76929.32978,85283.24,96576.98449,110478.8138,118273.5595,138514.9923,154787.0378,173001.033,187666.238
Kootenai County,ID,16,55,,,,,,,,,224979.4547,213653.575,191413.3086,173610.5469,160162.9856,177630.9095,198269.8707,210412.1584,227692.98,247843.1591,275470.58,307101.6758,342909.7314,415653.5341,540685.4009,555814.9948,550874.5207
Kenton County,KY,21,117,120051.651,125739.9822,129494.5947,133382.967,140259.0118,145582.3159,150221.727,152793.9626,151635.9692,145333.8339,142055.4538,139458.5461,133125.2804,133361.4684,136349.2463,140271.301,145012.92,153323.3826,156868.9925,171275.5048,182514.368,204314.487,227001.53,243966.2665,256389.6562
Beaver County,PA,42,7,89596.20,94727.53,98706.13,104368.0089,109950.9026,115402.4423,118990.4389,121683.7928,122293.2265,122768.2607,121753.0613,125815.4714,122443.9811,123715.6229,128588.2208,134466.8418,138679.7144,143304.7475,151180.7844,154932.2919,158307.4171,180903.7374,185072.4784,183571.8241,191898.307
Monroe County,PA,42,89,,,,,,,183738.198,195824.0266,198103.321,184745.0863,168465.3506,161096.5419,148166.5324,144170.1969,144216.7285,141402.54,139826.91,142995.0115,150702.3403,163324.4413,177420.4393,205935.9509,254923.6854,286238.3355,293761.0406
Aiken County,SC,45,3,92770.02085,94002.4663,98015.60031,98833.27044,101484.5402,107612.407,115712.8556,125815.9091,133472.7311,132323.3885,130106.6592,126500.7398,119640.8347,118004.6927,119259.8748,120193.3998,126638.8016,130448.347,137527.6592,148458.7471,159586.168,176892.6144,195855.5919,207973.8554,208318.9515
Davidson County,NC,37,57,104863.1025,110628.75,113437.6677,114386.7543,116706.67,121670.7394,125489.1831,132350.5004,134300.0545,134308.45,127399.3681,123590.9766,119730.508,119969.8111,122098.9119,127932.5481,134816.37,138200.9358,146505.5042,154008.5576,165144.0783,185729.3194,208287.8911,235303.0294,250663.5556
Pueblo County,CO,8,101,106796.4022,111325.5039,112997.767,116699.5953,121340.9894,125389.3208,130908.8084,135121.4867,133202.5489,127840.0188,125769.6011,124031.5242,118184.1039,118882.7607,120664.44,126019.7425,137593.1221,151336.2854,166201.9965,183818.4248,201544.0478,235891.20,284276.7657,297103.4653,291681.5309
Chittenden County,VT,50,7,164316.6115,176510.9671,194867.7123,212507.5146,233104.88,264393.597,294966.2677,304354.1546,299741.7577,285923.0564,280871.0451,293902.2095,294231.56,299457.1473,310850.3321,319772.4325,327142.2095,334934.0154,350753.8638,362481.0138,374527.3858,413450.3655,460629.4969,506333.5676,524158.8738
Greene County,OH,39,57,119208.1788,124999.5366,126483.5303,131160.6698,,158256.6966,162103.6808,162742.7322,162126.2325,158035.3953,150483.6441,148650.9113,148708.0909,151002.1541,151031.9611,156326.8595,158990.7388,165440.292,174795.0586,186889.0146,197396.7705,219658.3293,238897.413,254811.7619,270689.7237
Midland County,TX,48,329,,,,,,,,,,161434.2089,155749.1681,156885.5467,166046.4309,187895.0991,209782.7832,225976.6063,222800.9127,214399.35,225858.6973,261202.8054,285449.2382,283679.6374,284141.8728,286357.6067,298812.62
Paulding County,GA,13,223,,,,,,,,,,,,,,,,,,170977.1835,184123.6921,200329.6636,214770.487,241065.7367,308977.1526,340260.8818,340872.8689
Charles County,MD,24,17,176825.8238,185504.3525,194659.7073,214127.3123,246476.24,305160.7984,377234.3843,404229.5549,383870.0337,321960.0467,289214.8111,264377.9528,249214.1618,253744.4718,268169.4253,277027.5175,287614.7145,297640.5691,311422.6437,323802.362,335841.0563,370006.7239,414685.3394,426887.8427,434871.3639
Maui County,HI,15,9,193019.5399,208387.433,236039.6422,263694.4208,317916.0585,402422.05,486265.6432,537150.9166,517801.8124,476030.4648,437164.3769,428537.5999,421135.3812,432829.7133,500963.3366,541159.199,586824.0966,614921.5424,657684.3232,688467.4283,712602.0787,788908.0485,921380.41,1048250.655,1074824.035
Middlesex County,CT,9,7,178180.4186,194043.3379,213326.0841,236060.8695,263116.7536,294134.713,324703.5572,332648.0576,332509.899,320859.2617,302362.3628,292042.9797,264895.8679,258530.7068,264921.1693,265986.872,269976.0193,270484.723,276244.8931,277280.7947,282885.1969,314250.526,349552.6795,386547.2742,425368.4432
Yellowstone County,MT,30,111,,,,,,,,,,194707.4492,192366.8121,197170.0896,196694.6779,207026.9816,214275.8978,232317.6189,245005.0405,239329.6312,247803.5497,256386.1464,270942.836,290344.9089,343504.0821,373673.0026,388641.6925
Rock County,WI,55,105,,,,,,,,,,,,,114725.0565,114205.9466,118137.7306,122552.4317,130185.2245,140705.7775,152812.363,164300.9377,174661.8247,194259.2833,218144.774,233540.7865,251139.8002
Portage County,OH,39,133,131626.094,139864.9386,144246.14,150122.2366,160638.9784,157433.813,160618.7061,162657.1298,171438.8215,158558.0071,151366.4838,143041.77,136170.2934,135619.2852,138099.8518,139851.5718,148914.2047,153826.0887,162085.4236,169792.2321,176784.5809,197932.1074,213180.0369,230713.3039,242342.8645
Hampshire County,MA,25,15,158516.7158,167458.954,175378.3987,196868.7915,221983.8337,254314.712,273252.2435,279499.3426,274601.6165,266572.8363,256979.6979,256591.2927,247732.9629,248671.4221,256707.2151,258946.8246,265740.9036,271886.7228,282625.5088,293918.9351,303894.942,333782.0421,364771.7322,398010.2785,425091.9076
Ector County,TX,48,135,,,,,,,,,,101700.9049,104558.4491,105419.3554,114768.2176,122555.6979,137038.3449,155126.17,165773.3178,159226.4128,163802.0787,184587.8344,217226.6577,222049.0559,218402.0222,214163.2178,221409.7181
Houston County,GA,13,153,110198.4088,113712.852,115405.4527,116212.3033,119119.39,124869.8556,131002.6605,137777.496,140834.6629,138636.3193,133527.27,131373.8715,126404.8349,127844.4165,128975.8698,131504.1054,134530.0074,136811.0381,143425.211,150988.6253,158548.4268,170650.55,194484.4603,221828.8242,235269.7325
Dorchester County,SC,45,35,,,,,177474.0557,188639.6824,205577.032,224868.3294,224037.5926,196004.3007,173332.8204,170343.0468,158017.8625,162531.0161,174501.6552,183193.8721,195971.8647,206778.3942,222417.3351,233473.3111,244036.2605,266102.4446,308587.157,341195.3522,353516.6366
Rensselaer County,NY,36,83,104422.2576,109266.4319,115270.7156,121772.1228,135130.5279,155754.9248,173346.7256,192099.1399,193817.2159,191147.4813,184503.4885,183620.4885,172688.209,173957.4239,175143.6518,175892.1526,179849.1915,184708.6583,192045.2239,198558.237,207522.0967,227796.7309,251542.1052,271584.8439,283058.4731
Olmsted County,MN,27,109,126346.6564,139565.3815,148860.1681,153520.9651,156213.88,161805.4121,166483.5446,169227.9388,168887.7123,166336.1472,164554.4263,152903.5104,153347.3317,170150.0765,178473.2654,184124.962,196422.5818,213816.1245,231579.5162,242628.7515,253805.6793,276535.0726,305999.2541,321073.9314,328313.3051
Jackson County,MI,26,75,,,,100122.8918,105105.0454,110812.5397,115192.5787,114924.0594,107879.6362,95842.01,84354.88,81811.03214,77536.74177,80552.79502,92812.20368,106804.194,117234.6279,123937.1422,132664.4865,143016.5635,151960.1466,169826.1278,185811.2634,193680.1629,203221.638
Ouachita Parish,LA,22,73,78034.938,81068.32239,84869.1879,89339.34038,93477.43111,98807.83476,102493.7637,105371.8521,106007.3993,105623.0359,107898.7193,111104.4326,105205.0437,108551.271,119401.5797,126528.0933,132282.6672,135929.8211,134467.5904,136030.5578,138777.1377,143839.5882,152404.6217,163458.6601,161700.0198
Saint Clair County,MI,26,147,129467.2575,136671.6535,141108.3185,145059.343,148944.4994,157392.9075,162266.7394,160839.3506,153625.1016,131114.0966,107214.7301,102444.9681,96590.11557,102363.0748,114498.0696,126426.4323,136063.369,147000.0513,155395.6397,168962.99,181974.5142,204175.4736,221377.2525,234382.7236,244426.1237
Johnson County,IN,18,81,,,,,,,143245.7763,143190.1893,144866.4304,140968.4809,137783.586,133655.6111,131788.4208,138564.0488,143634.4591,149183.4734,155179.1555,163889.3168,174884.5163,187418.1326,199790.4833,225577.3752,266171.7698,289045.0252,293434.1271
Catawba County,NC,37,35,105808.5856,111683.6712,114647.1073,115671.5545,116266.5218,118348.4037,124870.5989,130865.5779,134894.3254,131900.443,124148.8543,123119.7653,118177.6594,119997.121,121647.4824,123313.5362,129823.5293,136547.2184,144414.9774,156917.4784,170047.9125,194712.9689,221546.6946,254823.4963,270068.9005
Centre County,PA,42,27,,,,,,,166985.2732,173896.5138,179267.2334,183255.0935,187681.1952,189162.798,187905.7589,194890.7828,199286.4382,204216.2917,213039.5818,220099.2057,229493.7523,241944.4496,257496.1947,275120.1016,290711.5717,309911.5879,323630.7518
Alexandria City,VA,51,510,,,,,,,,,,,,,511730.0496,536186.044,563018.3826,582385.7382,598928.9539,609745.2071,623137.0785,640291.2598,678044.7202,730941.6648,757368.6171,765137.7893,790638.0259
Indian River County,FL,12,61,113299.0032,120515.437,129361.2439,141554.013,159087.7048,196253.469,255239.6638,257552.783,214527.8072,173736.885,151983.6178,142163.206,131328.9876,134923.3917,152781.9241,167137.607,184826.472,203299.2215,223383.8083,237594.7636,246396.3648,266741.0649,334233.0651,384381.734,389094.31
Martin County,FL,12,85,145449.5574,150886.06,163098.0916,186097.9174,219210.2558,268929.034,334192.0417,340598.6515,279547.0501,246624.5431,214662.5173,210225.9205,197603.4165,204439.8255,228748.5011,248685.0369,274766.8772,297998.1413,313003.6946,330005.98,341275.3031,374150.9809,462580.36,541193.0637,558695.0855
Sullivan County,TN,47,163,90597.09839,92623.34,95476.71707,96198.22833,99850.91317,102720.2263,111089.1105,119240.6218,124243.971,124613.0149,120539.2939,117468.657,117336.922,117802.4108,118870.7335,122904.8469,127059.1279,133381.7719,138162.3042,143247.262,159296.512,168397.9814,197697.8662,214501.4653,238232.079
Stearns County,MN,27,145,,,,,,,197061.7146,163749.2926,154761.7986,150382.3189,140458.3301,136002.3349,144153.6804,157251.5224,163495.3647,169244.4724,176409.449,188010.642,197209.0731,207276.0053,216502.1711,236928.6029,270117.3088,287266.73,298155.4386
Fairfield County,OH,39,45,137645.5197,141601.8833,148824.8624,154078.6224,158476.1047,162576.5315,167372.1585,167294.5739,169268.0967,157546.1215,150454.1929,154287.751,145558.2078,145730.83,151667.2748,156866.8136,168151.9171,178975.207,190286.36,204953.9273,217427.904,247064.3855,278135.009,307423.1768,321814.586
Schenectady County,NY,36,93,95010.51702,100817.457,104721.5388,113084.5995,129040.2997,143288.9743,161308.4502,177891.6359,179250.7309,175920.3447,174976.6414,170775.1415,160595.2871,159625.9189,161498.9217,161027.0495,163640.5206,167746.832,175170.1049,182156.0196,191217.7042,208236.1243,231699.7245,250669.9558,265518.271
Bibb County,GA,13,21,77043.51177,81210.0469,84708.93967,86390.23834,88983.52619,90975.08423,95292.24294,98073.48339,99228.89,94011.06093,89097.52699,84052.42079,78788.75075,74621.5443,74971.01444,79314.09349,83681.60125,81749.07675,87090.15273,94135.87553,102873.2657,113951.7826,129690.643,150406.3196,156241.0337
Madera County,CA,6,39,,,,108996.0643,131975.8943,165086.9632,210820.3557,229321.2422,198595.9309,152762.4393,141637.1413,140692.8405,135898.1115,150127.3263,180523.3645,198782.5749,210882.4272,214962.191,249272.6431,265555.5721,281164.0268,313442.1841,373181.4687,390604.737,399474.2372
Comal County,TX,48,91,,,,,,,,,,221413.5814,215649.5858,211943.15,212591.9144,223205.7032,235982.7531,250782.6288,269510.3472,281239.5594,296860.4173,305957.02,325296.9264,359659.1262,443237.1832,475216.88,458535.2557
Rankin County,MS,28,121,,,,,,,,,,,,,146306.6433,150320.6739,151132.5663,158829.5545,165916.2798,170628.4226,174773.2229,179413.4026,185374.0804,199191.9927,224530.1909,242271.9835,252821.8533
Franklin County,PA,42,55,,,125503.434,137635.8318,156471.0402,174740.6699,185403.9338,204462.7163,203590.5528,188222.5313,177265.1709,165668.0149,156442.3342,156464.736,159794.1374,161985.04,166159.8517,169379.6037,178538.477,184705.2723,195919.5467,215102.8269,239495.3271,253811.3048,264977.97
Cumberland County,NJ,34,11,95935.30185,98471.39003,102750.3401,105244.8287,115366.3415,139496.1323,167936.5859,191214.9419,190000.7382,173264.5232,158447.1224,148336.0974,142007.532,146021.2182,145250.7527,143656.1024,147640.5722,147840.0491,147146.6317,146492.9963,155174.6597,173551.2448,204590.3877,222790.9809,241782.2103
Mesa County,CO,8,77,141940.558,143716.6273,151640.5132,162270.158,173282.5715,187466.886,206514.1217,234904.8908,265042.6166,253082.7307,224130.988,201905.787,181149.4435,187770.0787,195853.5528,200037.7699,212227.5126,222297.1786,239350.6923,259443.8865,279815.3329,308522.3247,367444.3929,387695.3606,400459.4991
Columbia County,GA,13,73,134202.5305,140129.1794,140227.6589,143563.9622,149505.7719,159559.7684,170170.921,184732.4853,190187.4617,188307.0378,184243.8101,174205.828,166978.7461,165060.0606,171792.9457,177483.1451,186126.9086,190352.73,196921.0094,206982.9279,215935.579,237038.7006,274001.5206,299606.2171,306165.8557
Berrien County,MI,26,21,109696.5913,114356.8618,119633.3122,124477.9078,131273.5104,139499.7055,144439.559,151485.2298,153616.7356,145191.9956,139307.8408,138116.8408,132715.9249,124676.614,131243.93,138259.0251,143863.4332,147669.6605,154996.448,162050.4654,170353.0633,191393.6538,215264.0259,233450.2558,243437.6821
Stafford County,VA,51,179,,,188722.8131,214671.9218,252287.9056,316212.7001,389792.9711,384110.6411,340951.18,271959.0007,246968.9319,254567.43,250682.6323,279436.6838,299985.7023,307184.0047,316093.6945,326677.49,338650.6632,348467.476,362433.87,402552.3227,456595.65,481733.0715,498956.3603
Monroe County,MI,26,115,147162.4397,156867.5501,161105.0339,167802.8507,172591.7621,179766.6619,184096.6579,179169.3871,158800.319,133531.507,121162.352,135976.0067,118399.04,121593.03,132928.8736,145282.3385,156554.7514,161713.6223,168928.5791,177816.7537,183701.3038,202183.50,215290.2116,227413.5665,240058.9414
Washington County,MD,24,43,129106.9999,132920.4114,140770.0987,151748.6052,168221.6562,203050.7915,247234.5513,264537.2838,246821.4889,217186.1917,194878.8255,170578.4055,164963.7809,178913.7949,186885.5792,191826.9862,198058.2476,201603.0875,208474.0523,214937.9739,226649.3599,250374.5219,280344.8711,293664.4821,307724.2733
Santa Fe County,NM,35,49,,,,233424.7422,249166.7435,285541.6259,312023.847,343104.9339,357473.7777,341825.567,311519.4261,292734.72,276116.2326,277136.0454,283620.5149,294392.7499,307625.7225,311773.6878,344526.0453,360397.2596,395646.3907,444088.1831,506792.417,536395.7611,557096.1886
Merrimack County,NH,33,13,128522.4725,142692.9453,161044.3721,186299.9011,210713.5797,235664.6602,255945.7941,256681.923,245995.1741,221198.0243,209827.4675,203371.1415,203349.6637,203716.7369,211963.525,217727.841,227252.0127,235163.6715,252514.9103,265790.6218,281192.644,322515.6214,368755.9184,413256.5382,446620.8401
Penobscot County,ME,23,19,83469.07011,88984.43826,95991.90017,104988.688,115443.6712,131779.8734,142559.1287,146203.8814,146924.6523,142688.1634,137436.9273,134837.9077,133009.7067,133901.5235,137512.4237,136533.8296,139107.9073,142388.1806,148421.0671,158376.7685,162969.1111,188795.3075,219329.946,241307.9093,258326.9581
Citrus County,FL,12,17,88725.58209,93766.24011,99722.71533,104709.9799,113136.4332,130752.6402,171475.9241,184846.1115,164753.9181,141572.909,125790.9898,113087.8266,103818.1,101142.9757,106509.7804,111758.4826,123665.1062,135859.5072,149502.9864,163726.3985,171534.9445,194961.4731,247315.84,283032.0033,284383.9491
Kings County,CA,6,31,,107796.5499,112577.718,117182.2089,135445.9908,172547.0384,222264.888,238868.1595,223912.0296,189969.6227,174452.6684,165227.4713,149610.656,145847.6763,159568.6667,171662.91,182312.9259,198710.6332,215970.1362,226763.0695,238309.1544,265740.2468,309072.5758,325859.7383,339596.4533
Johnson County,IA,19,103,,,,,,,,,,209313.3074,207772.2108,208391.47,207573.3365,210868.7239,217454.9627,225211.3155,234177.002,239766.6027,249019.7057,256351.4174,267212.7871,275068.5951,298402.7662,319142.8888,329668.6787
Canadian County,OK,40,17,101717.7323,106606.0584,111386.1627,115769.3078,120677.0724,127415.1107,108576.0409,115066.2553,121146.1184,132003.59,153137.3997,149763.1224,145095.6979,147837.9776,153180.0007,160290.2125,164732.6144,167708.1527,172403.7175,178471.769,184612.7329,199921.8298,224029.0432,249543.3979,258668.8849
Tolland County,CT,9,13,158682.6134,171019.6754,181149.0652,200373.0086,216162.1792,242587.5174,264319.5651,274848.5613,272638.9698,260787.8622,249980.2446,243525.3252,227445.1971,223948.4514,226116.5897,227900.959,230483.0317,232271.9412,239103.2526,239598.413,243918.59,270678.4513,297963.4293,325570.6261,360352.9493
Scott County,MN,27,139,180313.6612,199244.4198,222860.3412,242556.5768,261716.9134,281214.4966,297940.0391,297643.94,284769.0505,256421.1189,237746.6177,224362.0054,211463.3029,226952.4819,252244.5558,263371.0788,279515.2338,292827.6825,307423.5676,323943.6311,336306.3845,367563.0495,415296.67,428565.1829,429574.436
Sandoval County,NM,35,43,,,,,,,,,,,,,,,173071.1567,174876.0599,181694.7091,191050.0691,201219.5268,211442.4567,225605.8108,257922.33,303067.2369,333079.2581,351395.549
Orange County,NC,37,135,,,,,,245716.1819,271159.9593,283358.8435,295270.3681,285676.3681,280230.31,274746.2287,254220.5691,249537.2292,260111.8476,268544.9872,278317.3328,289431.35,306361.0254,323849.8602,333604.2179,367589.7228,427995.77,476748.9533,509255.0717
Rowan County,NC,37,159,91769.05054,98257.48959,102449.1608,105766.3573,109029.1938,109843.6918,117635.0668,121176.6551,125692.4759,125896.633,119555.9211,115513.5774,111265.0115,115152.8837,115958.2936,120355.4073,128979.223,136853.6811,145014.4782,151462.2907,168122.4321,192109.6849,227366.5955,250025.7684,259826.76
Sussex County,NJ,34,37,161766.8698,172610.8743,191479.0224,222612.5009,254090.5712,289200.5566,323639.4903,335604.9838,324845.3614,291648.58,274156.1539,262815.16,230775.3331,224288.4397,229252.4942,236097.4589,248332.984,246159.0724,251267.4781,260653.5796,277173.50,313168.5193,356122.2503,375431.4757,410376.6136
Coweta County,GA,13,77,148541.4983,154957.4382,165320.4065,171413.1904,176194.5832,181187.2186,189486.1556,195473.8249,196659.4549,183682.9065,169587.8241,159961.67,148336.3128,154827.5636,170125.9121,180656.7994,194195.56,205145.8247,222457.8864,235281.3841,247218.4617,271901.4986,324856.0776,361856.8179,381365.422
Coconino County,AZ,4,5,153980.6936,160754.4089,171354.7395,182036.2691,200393.5401,233810.8147,309755.884,332938.2499,326421.3472,289425.7192,269223.9053,236274.63,224528.8736,239856.304,264316.2902,284183.3886,306325.4846,328017.3879,349850.6276,367857.9444,390105.9893,440927.6131,562665.6549,596295.6732,622258.6749
Parker County,TX,48,367,,,,,,,,,,,184668.9959,179760.3902,174656.1232,185204.4487,197034.0138,210509.6927,237683.774,253515.3171,276682.1308,293487.3302,309414.0509,332452.4457,398405.774,431136.3058,428675.4534
Wilson County,TN,47,189,153911.0243,157851.9479,163706.1253,166585.3851,169475.0125,175306.4283,189862.0415,205463.3035,210767.2714,203184.6868,195230.7853,193517.3825,188667.2178,192466.8278,204531.295,221622.6094,247287.1577,271330.4672,289974.3035,305741.3192,319604.5854,346397.5711,428098.5641,471962.2341,476375.3882
Rock Island County,IL,17,161,,,,,,,,108085.1526,109664.4183,105836.9946,107854.4294,107491.7629,104201.3055,104727.9575,107040.3259,110431.5352,111422.0767,111170.2413,113747.7691,118187.7092,122404.8822,128302.1607,137890.4134,140194.648,146209.9691
Randolph County,NC,37,151,104993.091,111501.5459,115461.615,118618.9759,120862.3924,121514.0238,126778.8744,130408.8317,133274.1273,134635.179,129914.6776,125542.8394,121436.4077,126733.6277,128124.7688,130081.2092,135571.3125,142874.8303,148119.3802,155168.0958,169521.394,188549.9028,212921.9223,226942.0916,242437.7468
Douglas County,GA,13,97,121791.931,131807.1355,138746.626,144951.55,148137.7719,152254.1185,155625.1657,159563.1046,154785.3144,135338.0553,103542.625,98201.03,81226.26495,92619.0839,115652.2104,129934.6507,138681.2121,147793.098,164546.6002,178444.7801,189789.0639,215964.4232,276023.1697,303695.412,307917.7403
Schuylkill County,PA,42,107,,,,,,,,,,86685.02025,81306.15524,78112.63902,73575.45,73902.41781,73744.81385,71965.07413,75213.58357,75305.21,77791.63869,81156.16,86513.88,102589.1621,116217.0637,121986.2854,134253.8719
Jackson County,MS,28,59,,,,,,,,,,,,,110734.9197,106934.0245,108732.6692,115385.7634,123352.1923,130300.6616,135151.4821,140102.699,147185.8919,160001.2857,184316.4838,192292.1685,198839.6451
Lebanon County,PA,42,75,,,,,,,160034.4226,167920.9969,175763.6115,175563.9298,174168.113,172772.3649,164093.1601,164300.6136,166928.4919,167107.1645,168590.4862,171759.2208,178623.1447,185223.6662,197710.4717,215319.7029,236964.6613,260898.7107,274793.0351
Taylor County,TX,48,441,,,,,,,,,,107633.0306,106122.9365,104646.9974,102206.1358,105768.6775,111804.4397,117978.7799,123398.7376,128923.5551,134011.6758,141726.4347,144178.0559,156665.117,177222.3797,191344.79,195547.5842
Livingston Parish,LA,22,63,,,,,,,154051.3295,171659.1406,178746.7326,179587.9017,178382.045,177629.7835,163034.9837,165905.7326,167119.2999,174240.0568,180322.5997,178734.874,186194.7579,186073.6147,195559.9266,209866.4832,230954.8371,237875.2319,240649.0904
Monroe County,IN,18,105,,,,,136851.6418,143468.9632,148488.1265,150480.8593,153093.3817,154221.8899,158208.1819,158993.6395,153428.2833,158534.828,163184.5062,167429.4296,174257.428,184058.8828,195490.0207,208379.9583,225500.7719,251472.77,282545.1773,301263.0598,309716.5829
Kaufman County,TX,48,257,,,,,,,,,,153514.8273,157324.3408,155585.6869,141517.6443,137537.4484,148417.3747,160389.6937,177766.1311,195147.4053,212551.3464,223810.3363,231151.6233,249592.4272,315932.9354,338413.9781,322437.6134
Wright County,MN,27,171,151939.8271,167986.4955,185363.9085,199935.5727,216501.8701,232844.5763,248639.6996,251285.7349,236565.9496,200611.3412,180122.0749,176782.1803,157427.9698,182319.869,200359.328,212826.5526,228470.5535,242191.3674,257369.1538,271998.1416,283100.8156,311502.9951,356773.8544,366725.5849,371629.3083
Randall County,TX,48,381,,,,,,,,,,147588.2844,147223.9568,148519.5863,146205.5085,146552.9183,149812.3894,153821.0649,159686.9521,166347.3651,169580.72,172878.9288,177732.0048,191271.97,221470.3328,240458.6896,245634.5695
Napa County,CA,6,55,248260.9779,296736.8195,342568.6434,390176.2392,457252.0965,536508.6138,624203.6128,622539.7575,575521.8849,496091.8252,410104.9086,405982.9162,359897.7801,403913.186,487256.4575,534328.5047,593775.72,635173.2142,672766.7925,698474.3093,712596.1809,772484.26,861216.6706,883331.1341,907441.6226
Spotsylvania County,VA,51,177,,,176319.8099,201560.5192,232811.7654,286658.4932,353685.2941,355406.2497,319035.044,235371.0684,224112.5565,219163.95,211674.628,231105.6276,251697.2014,260956.911,268629.4159,276480.9291,287063.8481,294058.4132,303363.15,336244.6554,372738.6367,393134.0205,414504.1285
Marathon County,WI,55,73,,,,,,,,,,139913.0528,137366.7711,131392.3995,128082.0746,129823.8981,132458.15,134310.0054,140581.6107,147704.6497,153165.1792,163255.5327,176979.5018,189070.9389,203862.1681,215741.38,234637.9153
Florence County,SC,45,41,,,,,,,110047.0326,117636.4355,118083.1652,,116559.0384,111747.363,111427.1849,113919.9034,114507.1008,115503.7428,120628.1131,123420.0224,125971.1881,129585.0489,136646.8361,149376.2212,167931.4144,185261.0069,190524.7696
Humboldt County,CA,6,23,,167877.2509,177598.7451,206187.3207,250372.1608,309575.4569,379938.59,379402.9091,378663.9676,341472.3548,314545.4243,317615.77,295992.7746,278652.9375,293555.6945,298634.5389,317039.8594,342648.813,369921.2401,372526.3315,400821.1151,411680.866,464469.0732,466300.7015,443204.3835
Hampton City,VA,51,650,97655.86,101572.4615,103692.3534,108793.7807,120035.6526,140008.1417,173428.77,195644.969,200644.5864,200679.6034,191603.1753,172048.3412,157410.3782,156057.9549,153234.1896,153602.1264,156637.8292,157963.6963,160680.6093,167982.9495,174110.1993,195102.5582,219544.7386,241538.0247,258813.95
Washington County,WI,55,131,,,,,234046.5793,254483.8469,260424.3582,267972.1292,268454.2074,255675.9654,249702.0933,241542.9877,217570.3304,214385.6241,223942.4651,229623.8878,244389.1467,259618.284,269939.1844,282054.4944,298214.3133,325030.7643,351127.4616,372381.72,395668.3344
Clark County,OH,39,23,74540.88554,77424.62586,79887.71537,81881.45,84403.8908,86812.50449,88976.36,91222.66,91984.46539,87814.57819,85063.55968,79872.43,77160.52,85310.67242,87356.73,90354.17792,92777.95665,98656.79,104027.6184,111193.5762,118733.7688,136694.95,148938.5806,165049.4528,177010.3621
Boone County,KY,21,15,154950.1774,160360.0526,165387.7736,167586.1761,174824.4535,178939.403,182893.7373,185721.8758,185946.6587,179075.0785,174135.1434,168794.9391,167744.2725,169054.0775,177727.3815,184386.3369,187741.8721,190280.7309,204872.6739,217216.9722,230426.2285,255929.2046,289763.4067,311536.8078,315482.2106
Calhoun County,MI,26,25,83304.6963,85188.87283,89203.54755,89196.22,95364.90108,100072.4645,104611.1048,106148.18,97733.81,88077.92583,78849.37504,74868.58303,74697.04183,75052.57446,74599.51,84186.98326,89403.88977,96559.80802,102440.0142,108853.2403,121355.5014,134517.2603,157238.4892,160403.1863,170445.6792
Grayson County,TX,48,181,,,,,,,,,,,,,104904.7858,107955.3112,114068.3246,120667.66,135571.5781,150224.7167,168178.1647,182943.7267,191875.3844,211096.2622,254975.5054,281319.3493,281451.0892
Cambria County,PA,42,21,,,,,,88079.76,98121.22185,100790.5874,101891.7023,95430.25737,89796.68708,91071.70062,87725.92438,91543.24648,98381.75219,92033.03647,93414.61755,91075.61816,91386.47871,96399.19593,108067.33,114044.2502,128027.3101,123889.9069,107943.4673
Blount County,TN,47,9,106684.3601,111929.6528,115573.5846,120629.8625,126398.3589,134225.1479,145849.3042,160836.015,168255.7725,162637.0878,156543.2846,154091.0402,150894.1584,151415.989,157109.769,162100.2386,171326.7511,180879.2224,188232.7146,199179.6147,217505.1329,244805.8552,301329.93,333549.1632,362050.5259
Brunswick County,NC,37,19,,,,,,,,,302756.6077,282086.7385,256341.6182,236396.8568,221632.9163,204206.0403,212031.7594,217620.7651,224943.5596,231455.6789,242682.2291,256202.4772,272556.4862,300282.4089,366202.8558,415103.5115,424812.4223
Harnett County,NC,37,85,,,,,,,,,,150334.53,145790.8454,141331.2823,137027.9015,139365.3245,139151.012,144834.1031,151374.475,158693.4508,167203.9611,171822.9611,183357.7652,203103.0089,236887.0137,269793.0395,286522.9903
Warren County,KY,21,227,,,,,,,,,,,144454.3094,137086.975,136233.9376,138607.3072,141148.1405,145019.089,154514.0487,162532.7966,175010.3112,182426.6163,192075.9038,209762.8211,235075.5426,263216.0055,273385.083
Tazewell County,IL,17,179,,,,,,114075.6753,115836.4653,120438.0817,122393.6724,122295.3696,123519.5978,121756.8306,119405.8505,121834.8929,125305.4822,125828.3127,127428.7178,125322.5378,126013.7454,126093.8266,126543.5467,132786.0167,144217.4423,151493.083,160266.2869
Washington County,TN,47,179,97720.65,100892.8104,101619.9206,105177.05,108475.9124,114666.2945,124712.7007,134395.2255,138232.442,136679.6196,136952.3856,137049.2619,132064.1238,135750.5556,140368.277,143287.5762,149779.5102,155672.9124,161694.465,165575.2696,178430.2103,197216.7252,238036.5622,256973.7575,283340.2578
Wood County,OH,39,173,117733.0203,122950.6837,129889.3948,133451.5659,137210.2225,140993.7346,144802.2717,148245.52,142806.1734,138554.7428,133786.2595,130948.3236,128211.0288,128739.4408,135392.2644,140372.8863,149750.9779,153638.2204,158258.7778,165698.2221,173355.1528,189392.7794,198550.6139,212351.7963,223871.6685
Tangipahoa Parish,LA,22,105,,,,,,,,,179780.8453,168796.413,149629.96,148120.195,147259.2485,151248.6002,156940.4662,165122.7981,183429.5945,182595.2973,181703.065,176229.1101,185285.6578,197535.1547,218174.7242,218567.0421,208609.7798
Cache County,UT,49,5,,,,,,,172803.9886,176821.6916,191460.9206,190334.5123,186102.5392,182574.2535,165555.029,176354.3599,183539.5781,186274.0842,204230.4244,225428.4901,244979.0556,268430.227,295132.6323,339695.97,430574.4829,450067.3433,450259.6896
Black Hawk County,IA,19,13,,,,,,,,,118244.2828,118681.8571,118805.1265,121511.6539,120787.7574,125061.7515,126901.8689,129287.16,131493.47,130609.8573,132604.9555,137043.5138,144575.3009,149524.1189,159580.2558,173443.3069,183167.2454
Kendall County,IL,17,93,,183119.712,193764.7001,204920.7947,218266.7884,234173.5536,252203.897,263380.6736,257938.5879,235104.4414,212464.495,188079.5799,180473.9265,172669.5637,190526.7509,203351.3399,211734.8988,222684.0902,235798.1956,246069.394,250760.0386,265228.2672,301368.2713,327668.196,356770.8026
Strafford County,NH,33,17,134620.9635,152249.6752,175885.4117,196518.0873,222816.5234,245087.209,265559.17,265375.595,249973.6493,224780.3368,213540.244,213303.6887,190102.0035,200999.6153,211092.4733,217398.77,230108.9343,241319.2093,261421.218,277434.6379,291880.03,330643.0495,372649.889,417923.82,459859.7464
Rapides Parish,LA,22,79,75363.13724,78789.10285,81827.42,84935.59,87829.0181,91932.78056,89409.54514,99775.35204,106688.3198,107754.6906,107853.0616,107871.4999,109053.9847,119086.0671,123383.582,125382.0395,128145.768,133089.1442,137237.2299,138952.4583,140568.5938,150717.4963,147564.7769,155824.012,151884.3904
Madison County,IN,18,95,,,,,,,,,,74342.74562,67924.04311,66362.05705,64832.74821,65235.81905,67617.95583,71214.53996,74808.24623,79175.50522,88298.98947,96222.57585,106103.2672,124548.6815,145259.8518,158538.0399,168176.2259
Washington County,RI,44,9,159381.0295,177457.1195,200936.3032,249913.3092,292483.0627,336520.0792,373564.3317,363902.5716,352190.5682,325022.7345,306551.7083,299220.55,291674.8585,302248.7111,310648.5094,317581.1912,330377.3076,346574.0606,369003.1557,386675.6726,401994.8037,448928.1727,524294.7344,571861.2649,614821.7978
Pickens County,SC,45,77,117432.0803,119754.3156,125749.9723,128900.3341,132757.6743,133969.9799,140039.2306,150822.1455,147399.3325,141787.6973,132715.1634,130785.0127,127480.482,127924.3261,128510.6685,132064.1196,142547.4375,149855.1419,162953.9111,171871.9841,183928.1684,206133.5415,236637.7424,270973.0501,280599.596
Wichita County,TX,48,485,,,,,,,,,,97364.5354,95201.97326,94403.91937,92762.94489,87257.5298,86750.86,88377.73406,87873.70585,89260.13973,92746.60378,98364.94713,104794.2087,119599.2207,141556.4428,153387.49,157874.2401
Fayette County,PA,42,51,65097.36397,68851.67062,74258.58144,79783.74329,86373.00394,95819.72738,98349.43923,101652.4713,99343.7867,97586.43432,95916.8573,95715.59643,94239.09485,92587.95903,91649.62407,95006.02877,101882.2018,99824.02269,101288.0859,101017.6567,108164.3396,124102.1242,131144.5616,130008.6797,137702.2582
Berkshire County,MA,25,3,129465.5938,136397.7785,141912.2603,155003.5472,170656.9062,192199.4845,212673.3941,225037.638,224037.3976,213463.8878,198004.2295,202500.4347,192456.9029,193901.5202,199052.7347,199870.0471,206682.4915,209039.90,216111.8282,223253.4744,233253.0452,263979.3238,303142.7321,333524.58,360343.1024
Hunterdon County,NJ,34,19,273691.1946,303113.578,334357.9294,369252.8608,403792.8583,447733.219,496905.4939,502592.5422,482843.5754,444725.6312,421088.4037,411030.1695,395244.7119,383070.4126,397917.4011,409893.8591,419252.157,421378.8139,430007.588,436157.0643,439737.2989,475878.4258,527754.0774,549012.5293,590510.4897
Skagit County,WA,53,57,157407.853,164922.7617,172367.0345,176120.8849,187664.6213,206348.8474,248453.1316,285149.938,293336.0581,274910.2597,245235.0401,231111.6131,219758.0538,221780.08,236811.5318,247092.0402,277021.0526,305364.247,336932.6486,367636.3191,394500.7052,455049.3102,536116.91,549719.6776,563407.2424
Clarke County,GA,13,59,121783.2794,130677.54,138458.25,146611.7751,152502.4841,158136.4205,165821.3408,166989.6648,168460.95,168676.0401,153239.2326,150524.7179,132838.3377,128344.3292,135410.5622,140818.857,146348.6771,153065.5435,166936.75,184630.0348,201613.0247,230144.6174,274036.3453,299518.1306,321270.7861
Chautauqua County,NY,36,13,58608.01078,61866.38625,63907.63603,65234.22686,68240.48418,73560.96918,75879.15703,79539.05494,80525.6024,84412.30539,83509.5765,84623.89,83633.89893,84979.13641,85929.71364,85783.21468,89761.9762,92980.58,95161.17256,98092.95025,105892.7149,121650.8071,138484.9154,153111.977,160110.5255
Bossier Parish,LA,22,15,,,,,,,,,161700.8726,164033.259,163160.6793,166948.361,166884.0739,169596.4104,168134.8857,170336.4904,172667.4199,173194.9828,175034.459,176039.7187,179959.0533,188128.6543,205151.3741,219817.9639,227985.706
Sebastian County,AR,5,131,93325.4441,97598.4364,101355.7891,105049.4771,107931.1986,111316.8926,118233.183,124712.46,129242.0882,128442.6418,128440.0573,121081.2476,120513.3701,116955.11,116010.55,117299.1477,121853.1344,124976.6177,127684.0612,131097.7368,141530.5017,149491.5869,169640.8074,176554.0978,180409.6036
Sumter County,FL,12,119,127829.7966,137024.8251,146802.0946,156964.5544,169447.1795,191710.05,214966.6024,249137.6322,235675.1984,217087.4303,198867.438,206630.7071,194375.8176,201113.9618,222245.4411,252034.3252,255083.9055,253119.0397,259987.7813,277822.3027,291842.9431,304799.3715,365510.28,417835.4396,404204.6453
Linn County,OR,41,43,,,,,,,,,195008.8218,187855.9829,165230.5892,155984.3714,149806.5074,154306.8052,161243.6714,169740.9745,187950.595,208878.9578,236184.8388,260017.5814,277472.4803,315580.1223,371489.5936,390275.82,399226.0544
Ascension Parish,LA,22,5,,,,,,,,,,,204386.39,202153.8624,189488.2482,186352.945,194053.796,202344.547,213179.521,216860.1142,216748.3419,218115.2081,217675.9908,230255.9286,248028.7131,263187.0173,289211.5574
Cochise County,AZ,4,3,,,,,,,,,,187093.6017,170389.6988,161613.7743,156858.5873,162186.3681,156534.1847,150376.0904,150428.7281,151370.607,158273.3898,165866.7456,186484.9834,202444.8465,235040.3762,248418.6057,251833.829
Richland County,OH,39,139,81978.49119,85067.21512,87862.96109,91715.08954,94644.23371,97908.51913,101747.832,105530.1813,,91477.00542,85882.04591,74762.72523,78111.00223,77373.72524,79019.73216,79735.23809,85662.34377,88952.00201,96266.93575,103455.8137,113166.75,130688.8402,147442.6061,157867.9576,168578.2809
Gregg County,TX,48,183,85288.64793,89198.61592,91957.67554,95093.86344,96820.20111,100690.4988,116817.8371,123515.6293,136900.11,132478.0281,130089.1276,129990.8875,130179.8458,130965,131162.1697,135643.7579,138728.1527,142073.0595,140820.2244,160648.8851,171127.6373,171481.1568,190363.8673,207886.1854,214637.2809
Kennebec County,ME,23,11,84879.29877,91598.00958,98582.97,106438.9313,117015.7271,133753.5976,147354.8635,151572.3846,153152.6338,147676.4992,141415.429,138963.8565,137312.2409,139287.7893,138301.596,140176.0122,145911.521,150105.2597,157815.9238,167016.9144,178443.2816,211507.4487,250339.401,275505.8405,306277.1628
Faulkner County,AR,5,45,104008.6401,109012.8566,113086.6311,116271.0292,119663.4874,125749.7788,137349.9379,144654.4123,148708.9573,148800.26,149537.8262,150260.7673,149913.3873,151393.1711,152315.841,155741.9678,159209.1122,162718.2896,166649.7451,171624.0381,180661.1827,193608.5555,214745.5105,231107.5123,239293.21
Blair County,PA,42,13,87554.09,93070.22688,99617.77,105248.6849,113500.086,118929.6409,125210.0223,130276.2766,135224.1863,133986.8057,122278.1479,115989.9418,115304.3858,127086.0425,129431.3693,130821.297,136562.5914,140471.7712,144832.6082,144162.157,152405.654,163707.7744,166783.3854,165364.9041,168096.0179
San Juan County,NM,35,45,,,,,,,,,,,154536.1004,149475.6891,151248.5207,157957.2216,158279.4143,170968.4093,169038.5814,170318.8433,173053.3301,178288.5812,186866.4187,190823.9835,206531.2966,223745.828,235418.7307
Morgan County,AL,1,103,,,,,,,,92431.34,97095.73965,96351.31083,91808.76,88898.74756,86628.98438,117682.8048,127345.4489,126353.6547,132229.4001,135859.9252,141137.6056,147113.3095,159858.6642,180475.1339,207877.0043,214620.0811,222911.4569
Saline County,AR,5,125,113143.4955,117359.8915,121643.8932,125529.2235,128750.7483,134003.9914,144929.487,153605.2743,159185.2951,157013.8891,155699.5728,154491.5882,153402.969,157291.1482,158447.0833,161113.4032,163547.4555,168086.0473,175650.6539,177460.3681,181353.1838,196947.8674,222322.1132,237435.8661,239489.6823
Jasper County,MO,29,97,,,,,,,,,,83778.79646,77825.12942,77361.43703,78793.19,89523.39559,104580.3298,113206.1621,123024.3144,118158.4212,124410.0295,129070.1934,138700.6474,150775.9712,174242.9185,190550.168,199011.4985
Bonneville County,ID,16,19,110442.93,114457.2881,118991.1031,123054.8509,128382.6397,143149.168,161874.0155,166478.3542,186389.0247,188285.5233,179790.4776,164488.8782,145651.9964,144372.4966,152760.7882,154710.0479,166664.9999,184041.1446,198957.7526,222084.8284,250125.2522,300732.9398,393274.6261,385137.6967,383065.857
Comanche County,OK,40,31,89755.79615,91383.97591,93737.80184,95579.02293,,95490.44,103236.0797,112802.0948,119229.5077,114992.8728,114758.0797,114900.4767,113950.2332,110195.9821,107840.9254,105275.8896,100023.5928,96757.92109,98165.60,96857.65421,99536.83177,109679.106,122492.6463,133465.8067,136830.1431
Berkeley County,WV,54,3,,,,,,,,,,,,,,,,160868.8755,163424.5606,167331.4572,178874.80,190685.4876,198456.3979,223475.4606,261203.5873,282677.3871,293497.8787
La Crosse County,WI,55,63,,,,135821.1432,142310.1574,151786.8509,161652.4223,162541.6955,162886.1342,156947.59,160110.2516,158649.5344,154627.6659,155313.8256,160181.8194,163180.1936,171020.1691,180052.7543,190175.52,198786.0024,210229.4815,228226.8282,254214.9102,271361.14,284669.2752
Clark County,IN,18,19,,,119942.13,122873.2761,120548.9809,124437.4888,128441.984,130480.0815,131375.1039,129573.9585,129122.1763,123283.8926,118023.878,119323.4192,121982.6897,127997.5544,131220.5226,140452.1767,150473.7726,164831.8284,175262.6059,194560.8195,219010.3229,234493.5478,245709.8093
Allegan County,MI,26,5,125564.0205,131793.9228,138945.3855,142293.6038,146798.1618,154156.9477,158606.8022,159662.8732,156565.1308,154520.0159,140906.8683,133964.9588,126663.7949,130314.7717,143356.5122,150287.2981,163884.7312,174921.5025,191657.6794,200366.9455,212450.5368,238952.557,270334.0979,284342.6569,299893.26
Tom Green County,TX,48,451,,,,,,,,,,,,,,,,129583.2937,140641.9245,145902.984,144630.6833,152732.6257,173183.1935,184853.4695,216468.5496,219332.6719,224511.1081
Potter County,TX,48,375,,,,,,,,,,,78268.38235,75531.11066,73138.63,73524.47485,74132.04897,77498.95728,80142.1494,83308.15213,87064.13751,89754.23077,94923.39966,105248.1043,118712.7175,132089.4619,135879.929
Robeson County,NC,37,155,,,,,,,,,,,,,,,,,,74680.73826,74321.81118,81025.16039,82211.70939,96749.75753,109829.278,125973.9064,130469.8709
Douglas County,KS,20,45,,,,,,142847.8721,152983.6581,160442.3963,162012.7172,162033.0685,160201.5806,159010.5447,160708.9401,163138.3252,168073.5874,170898.2326,175439.2515,184111.5769,194607.4896,202921.6907,215354.9144,237091.4267,268489.5802,286583.721,303593.8706
Carroll County,GA,13,45,70987.91595,75736.95,80834.39742,81449.63,85771.05984,86958.40863,91672.17352,94228.51412,94418.61691,89896.00514,82935.39888,78756.37576,72563.18634,84555.48,106218.6415,114263.6994,124834.6974,131709.3393,144906.9463,159848.3796,171823.2331,196984.5264,241503.7639,270860.174,281633.3569
Oswego County,NY,36,75,66176.51659,67315.10971,72940.96855,75997.33,74870.90944,78504.47762,85836.31288,90773.7827,94968.13779,96591.08,98495.0049,100509.7997,98273.04902,99500.4537,102903.6051,103033.8895,109042.1886,111143.7969,112798.6246,118033.5393,125120.8003,139299.1937,151563.2357,163555.2678,176389.6018
Wayne County,NC,37,191,81126.73,85056.19864,88452.90,91349.56,94464.17347,99697.40429,100388.4529,103033.8497,101130.6688,103085.8354,98558.7541,96505.13018,94001.36,97414.49876,96151.62701,99841.24226,105587.6253,109532.9031,113881.3756,118767.1312,121595.5569,134636.5279,142499.9004,158906.1233,168230.8924
Fayette County,GA,13,113,184181.4577,195107.4013,206042.2682,214366.9368,221378.5593,233107.5128,243465.9036,253689.9496,254598.0669,241986.3161,215898.3292,205170.951,185565.4465,205248.4506,222812.2384,241297.2762,259545.9794,278836.9095,296167.0407,311962.5341,328364.3044,352599.5733,414449.1834,446510.7608,471534.8197
Jefferson County,NY,36,45,53467.07162,56403.09356,60246.4929,62727.38,70338.83548,81436.32756,98086.57678,110338.6542,121983.7263,125851.0945,125697.386,128261.1275,135130.7131,142188.0836,144079.4895,141764.2626,142634.031,141446.6342,142778.7294,146063.6499,152229.149,164618.57,176912.8831,193674.2748,203657.1283
Sheboygan County,WI,55,117,,,,,,,,,,167392.1911,152944.1237,147382.4241,127921.0828,131824.3291,135155.5439,139677.9829,148781.1256,156934.9201,168167.5378,179912.3939,189739.7772,211018.7814,229414.0937,246931.8855,270755.5392
Lowndes County,GA,13,185,119155.9768,125316.2285,130923.8115,135038.7216,136353.5546,126676.751,137045.9086,147009.926,155929.2296,154432.0123,135784.21,129223.0401,121381.3423,123879.3802,123567.6001,121527.7118,123576.4822,120260.7214,123173.2204,129335.776,135810.3419,148852.8501,174219.525,191294.6807,201556.2242
Missoula County,MT,30,63,,,,,,,211424.7757,229639.1787,241763.906,239767.4045,228188.5717,224518.096,217570.185,235896.709,247017.1792,255844.3809,271123.4087,284399.70,302464.08,315356.9143,334973.5321,391157.7343,500822.7008,532998.53,557002.9709
Wayne County,OH,39,169,110107.2222,115223.8361,119625.4479,123128.0982,128202.1873,131637.1149,135080.2226,134524.4915,140863.711,131119.3473,127209.5559,121519.2365,126586.0401,122687.0194,127651.9428,130318.4207,137557.5942,142136.153,149518.3577,156766.6085,163808.62,181909.7459,210724.444,333671.4862,245666.7093
Windham County,CT,9,15,116361.4145,124901.524,135775.2986,149299.4892,164077.9945,194268.5477,222717.9777,226469.8642,228317.3321,202089.1682,199796.8118,175783.0053,174056.5447,177084.626,180840.6927,181067.5722,187012.9265,191225.2144,204982.5959,211999.32,222085.2793,253610.2472,278515.5494,302405.8616,327787.6454
Calhoun County,AL,1,15,,,,,,,,,,,,105494.2461,100735.5615,112135.0589,128269.0492,119558.1321,106191.6018,108591.0261,110375.0107,116805.6892,123699.3654,136386.064,150080.9865,154293.2781,153186.8117
Gallatin County,MT,30,31,,,,,,,,,,282582.5972,267167.6355,258556.3575,255376.3234,276232.4939,295793.7862,313230.5111,349675.4277,381021.3338,419860.4368,454409.2236,481580.1926,551642.5851,682656.4328,701140.50,731725.31
Henderson County,NC,37,89,,,,,,,,,,207554.1067,191511.526,182533.6302,175180.5625,177368.8726,187525.1612,196898.09,216122.2011,233737.0965,254557.695,269689.4789,281366.6311,311921.729,367087.6024,408397.2323,426851.4043
Lycoming County,PA,42,81,99984.82364,105820.389,110757.8364,116653.4095,124322.0548,137736.3124,139408.1186,144119.8679,147488.3376,144834.6292,141703.5044,141896.9509,141251.22,143976.5033,147168.9564,150474.1492,155511.9975,156862.9382,161828.4035,161125.6802,170774.1496,184619.1801,195163.5085,208680.2338,217126.4314
Flagler County,FL,12,35,108108.15,116647.3663,124180.5295,135739.5276,156606.945,189034.1824,238903.2566,252553.2102,217120.2178,176642.268,151223.5142,141925.1641,130770.9308,141088.5612,163556.3857,175425.9296,190017.2792,205768.2227,220211.292,231761.5937,243845.6938,266139.2025,344085.9174,378120.2877,365868.5618
Saint Marys County,MD,24,37,165621.9366,172759.8581,177791.1448,191345.5148,221883.4239,275854.3795,338220.7248,366703.3386,360759.8357,324608.6456,294630.4929,287311.0508,273709.0973,278670.2767,286579.0602,288125.8885,290556.0077,288532.9889,300169.7703,306110.7261,319557.8078,349010.2063,380199.72,391253.2293,399923.7544
Delaware County,IN,18,35,,,,,,,,,,,75460.02751,73953.70529,72700.29917,73739.56068,74598.38,75867.85836,76837.7114,82410.19177,86413.93574,91870.61449,95287.74746,109875.8296,125568.6986,137285.6947,144956.4371
La Porte County,IN,18,91,,,,,,,,,,,119573.9808,119235.4588,117850.2758,118882.7398,122161.8215,122917.9495,128009.2566,130035.9173,137484.4294,147492.5781,156040.0236,173757.1749,196152.3711,214474.9677,223993.1991
Ontario County,NY,36,69,108903.4507,114356.1609,117882.4489,123129.9639,129649.355,136726.5314,141619.5194,145511.141,150100.9978,151049.426,151235.3797,150513.2939,150450.3899,149460.6807,155053.3179,157482.6342,163663.4842,168511.2092,173868.7658,181128.4292,188852.3814,212112.2573,229583.2946,255637.2668,275220.6003
Albemarle County,VA,51,3,206117.3073,223901.5994,243856.6456,265979.8144,294153.2107,345030.7832,379140.0097,385967.7281,380025.45,360816.9383,334335.0777,330083.003,313239.7191,310321.5444,319709.8216,324269.8826,338726.9507,349765.7472,365799.702,378549.4591,392398.792,420401.7137,457341.6092,495321.6544,520119.5765
Newton County,GA,13,217,81408.6091,87843.88593,92232.28511,95905.85464,98301.84693,101476.8739,105013.1119,109162.1185,108374.5034,100936.9801,89181.4554,77931.52913,78086.39188,81986.1049,100207.2396,117637.4024,131094.0346,136921.7079,151037.5024,166458.6703,181246.8702,202927.76,260117.6106,290775.6545,295760.0112
Mercer County,PA,42,85,,,,,,,,,,108729.0313,103108.1128,101290.8661,97731.101,98421.56931,100087.3553,103589.1823,114039.3165,117366.7824,119917.49,116285.3486,128442.1056,144835.3226,159311.5601,156657.5774,162030.2491
Douglas County,OR,41,19,101343.5343,104481.06,109380.34,113317.3831,120359.9507,138669.4492,168429.1808,187905.7986,182703.5298,179596.8877,162308.0837,152606.7963,146430.9447,147815.4527,153506.3881,161230.8752,174757.6632,184561.3067,203298.1925,216134.3832,232113.8494,264192.9243,312862.5968,328616.6949,334705.9479
Androscoggin County,ME,23,1,85658.11869,93223.07836,100004.2929,109142.4398,118563.511,135950.7772,150048.5038,154934.3631,155899.1334,150465.9963,138632.3531,135784.1976,134907.4212,134838.3992,138135.5169,139132.1715,144997.2424,153386.9202,167040.4414,176909.2294,188910.8256,222427.9146,257814.5352,282557.7143,314767.7063
Hardin County,KY,21,93,97564.31,101392.5915,102784.6615,106653.087,110781.9045,116340.4475,125204.0916,131044.7678,131335.9896,128467.8044,129085.5632,130680.6443,118464.5588,122844.9042,122180.8989,123328.5532,122252.3046,128556.1053,138322.0526,144948.3681,154291.5571,172139.7768,191374.2693,210931.8635,216957.4257
Terrebonne Parish,LA,22,109,,,,,,,,,,150626.3396,151885.3872,149955.6608,148866.857,149835.8979,165069.3191,167316.9358,175129.0567,168698.6283,163878.9637,159964.0042,178443.2652,180967.2827,177512.6426,163144.8429,177479.0301
La Salle County,IL,17,99,,,,,,,,,,120172.8522,112533.4036,108812.29,104946.6043,103531.1698,104651.9467,103965.7677,108499.8449,109245.8705,115062.8181,118756.3866,125017.6949,134356.5831,151436.5153,153991.8614,163444.0455
Craighead County,AR,5,31,90685.076,95235.66,96795.30291,98483.76055,100071.7083,102753.63,109242.7569,113756.3361,116373.2921,118061.8002,117226.3896,116980.7623,120447.5386,122514.5306,124795.037,128139.1238,131412.1774,135481.9792,140206.2801,144519.4879,151866.0808,163148.7186,186976.2552,199470.8318,204371.8184
Cowlitz County,WA,53,15,,,,,,,,,,185885.5751,170948.6851,162344.4669,154407.3616,156816.5183,163202.7105,171077.3312,191309.6813,213010.5588,237999.5893,259347.0819,285993.0864,330331.1671,379600.995,391420.2044,402635.9499
Warren County,NJ,34,41,172477.8455,186350.2708,206321.9054,234152.2045,268142.71,301710.7305,337964.5208,349416.829,336728.4871,301088.5586,268918.4521,251868.0162,221520.6244,218779.026,226333.0651,237822.94,248876.2092,246715.287,254094.452,258459.034,270377.4319,302555.2644,343205.1265,360776.7915,389713.5104
Hanover County,VA,51,85,163324.3985,170946.2256,175559.9129,185807.0726,199434.5856,222779.0579,254397.6281,277375.6364,277530.02,265145.5986,244982.5767,234472.5637,217342.2721,231033.60,239444.9883,246459.0685,258671.6955,268464.2475,280010.8416,289443.5432,301625.0764,325683.8111,352477.33,379465.6977,407672.0703
Eaton County,MI,26,45,,,,,,,,145984.2662,137490.6081,127956.5276,116730.7825,113944.8629,111947.8747,118800.7137,127100.3512,133874.2154,142281.3713,151385.94,161292.5123,169289.1615,182270.7946,199931.9979,214708.9546,229261.7793,241057.79
Saint Lawrence County,NY,36,89,48681.63268,50702.23493,55990.50857,61035.90521,67106.03659,68612.4214,77655.41918,82846.79631,85514.91785,80971.10406,76615.10869,76311.20519,78991.90201,83960.87877,87408.49649,85854.10,89348.49,91254.61874,90318.87722,93738.05504,98540.34889,108199.4189,119697.5808,127812.9903,135233.2981
Pennington County,SD,46,103,,,,,,,,,,166005.3776,163063.2709,165908.4902,163924.9641,169717.9802,177184.9644,182311.3798,190357.2204,196729.80,206595.59,215129.2818,231149.4884,254167.0711,304391.51,336162.8729,344192.7471
Madison County,MS,28,89,,,,,,,,,,210285.6976,204740.8541,206419.4163,202350.7105,207608.00,207851.392,215455.4183,222947.385,227220.263,231681.5563,237151.4737,240187.4388,254097.0137,288903.8393,310156.55,324038.5676
Kankakee County,IL,17,91,,,,,,,,,,136461.2118,126234.1844,122729.5214,119132.9745,134838.0289,126286.4489,127248.2857,128452.3482,130130.5041,135419.0857,141583.0165,149767.1858,163855.3192,175566.4018,186279.284,198061.5629
Bartow County,GA,13,15,97109.94809,103709.2505,109982.8385,115328.5623,115561.114,117971.1176,122731.0203,126383.3539,129115.7511,121451.1825,111419.4996,104456.8179,97105.60,104973.0051,119516.5575,131158.995,140815.7505,150895.19,167678.98,180277.6566,192989.6145,220126.8024,268506.0703,301035.4711,309318.0324
Miami County,OH,39,109,,,,121201.9108,129019.9742,133667.2436,136668.2338,135931.1025,134292.6581,130414.9362,124704.513,121580.1409,118669.2192,124844.4882,126897.1967,131242.2621,138653.7899,141456.5053,149589.3503,156886.8466,167548.6514,187729.9,205245.0145,220730.3756,234635.0711
Bradley County,TN,47,11,101709.9016,105998.8155,110033.1583,112421.2044,117792.8965,124912.1203,134049.5882,142178.3704,146590.8218,143290.78,136095.6595,139974.7329,127958.7385,127640.6294,131765.4772,138609.7367,145881.3897,153983.7136,162235.2854,172746.742,185080.5677,208451.4334,250736.0141,269206.2604,288915.7367
Yamhill County,OR,41,71,148187.4085,153936.5634,160546.6284,166472.0003,170776.60,188264.0303,207200.5882,244531.957,258207.03,236976.8657,214691.9093,204118.7534,189036.1495,204873.2227,224772.9406,240829.9472,271320.0608,303610.4972,326520.7216,349101.1281,365792.2984,411953.2778,476097.1454,486145.5412,493165.2878
Cass County,MO,29,37,,,,,168775.5657,173747.1996,178775.5818,185171.9517,183705.4496,175667.61,164493.3323,165139.34,156389.4596,137570.6884,150804.2023,155702.7089,166099.5096,179871.1077,194664.8389,210526.6114,225847.7219,245529.6225,284720.4529,298799.2535,304954.5508
Matanuska Susitna Borough,AK,2,170,,,,,,191870.8725,204150.9083,218455.3131,223567.1128,218900.6802,215598.0433,215938.2533,215814.6667,222942.7664,225943.5873,234857.6391,247700.0055,253444.1531,257830.5937,259638.1253,289279.3996,306673.323,337425.4576,350294.0221,360992.7226
Navajo County,AZ,4,17,92477.18497,100673.6404,105101.4966,110373.2306,116187.2176,128297.1229,154510.0738,189736.8918,200671.754,185977.2776,162406.7999,147033.0386,140697.1007,150741.5142,159391.6366,168879.2187,179057.8565,188850.3455,202410.6519,217060.1901,236239.8689,278944.9117,355806.1041,373480.4372,380278.8236
Vigo County,IN,18,167,,,,,,,,,,90737.47719,88138.15264,87807.92217,86459.99974,87086.96405,86097.17628,85895.00235,85885.58369,89943.79209,92699.73105,98714.57504,104389.9622,114332.0099,127126.148,135954.3291,143321.1222
Houston County,AL,1,69,,,,,,,,,,,,122455.9132,116308.8459,115520.8215,118288.2778,121030.4074,124979.8811,128339.0553,128512.212,129065.539,137675.4384,146687.6905,164299.9225,178304.0951,184647.0577
Walworth County,WI,55,127,,172257.8081,179693.0556,183966.1926,193153.668,212614.4343,224220.9185,235910.4232,242571.0544,229920.0877,211605.86,194676.1267,177200.126,177703.993,187058.3671,191958.1468,202731.2882,211819.983,227003.761,241602.0133,256693.1727,288692.9481,323857.3999,347860.2913,364113.4991
Carver County,MN,27,19,209638.68,226834.1389,251513.6822,276008.483,294983.6743,314279.8308,334671.03,334351.3995,326902.1175,286096.1036,274113.6911,265322.6557,248480.3573,256220.8006,281809.2789,294648.3532,304927.372,318710.421,336145.677,351466.3381,362123.52,390673.4044,444247.32,459072.2019,461979.9469
Monongalia County,WV,54,61,133397.3855,138632.8816,143611.2546,148784.8343,155941.4734,170082.0941,192297.8211,201684.9138,186189.1552,183248.8055,172548.107,172636.4622,172941.5049,182774.9421,185758.6864,192031.8005,201487.6514,201550.9555,207135.0014,210192.8109,209636.7829,227633.9421,238518.3035,247481.6458,255254.0087
Tompkins County,NY,36,109,89139.40,94647.82417,94752.73382,106334.2617,116857.431,130498.9089,140770.874,146960.8195,151861.122,172337.8136,173161.391,181005.2697,174438.6227,183822.1605,192089.5725,199530.2177,209779.93,216419.6547,224920.1723,229071.7526,232321.7477,251071.6726,279297.1215,302064.6403,324761.5958
Sumter County,SC,45,85,,,,,,,,,,129709.8434,120712.7668,117131.263,114261.663,110964.2014,115740.0121,114341.3687,117711.2683,119501.6584,121733.1574,132060.7169,145557.0917,153801.13,166497.2801,176603.6215,182906.0974
Rockwall County,TX,48,397,,,,,,,,,,198768.2706,196283.1065,193133.0596,191121.4959,188163.1418,202257.1518,218233.4069,239983.9663,260335.2593,279885.4089,286815.7184,291745.3105,314796.1019,394419.4007,431554.5935,423814.3201
Eau Claire County,WI,55,35,,,,,,,,,,158628.7213,154059.33,149828.7997,143601.5488,147190.9811,153031.6229,156592.0982,164525.9319,173713.2149,184521.43,195579.1606,208782.3224,233460.3372,258763.1471,279384.322,294352.7477
Platte County,MO,29,165,,,166607.2379,175168.3655,183691.0358,194401.1568,194747.8083,201911.9012,201130.4786,194263.2268,187393.3153,179838.2899,164890.4054,183979.8859,195584.7149,200891.9909,213356.0714,228027.0945,238043.6786,252312.5844,264488.3863,290769.3555,325393.7312,345017.01,357638.8877
Woodbury County,IA,19,193,,,,,,,,,,87889.18635,88085.15,88500.62447,,92496.35727,94279.37016,100633.5236,110633.9623,118348.2243,123722.8684,133777.5923,143861.3489,155571.0503,169222.6631,181339.4269,189882.4021
Macon County,IL,17,115,65961.84757,69869.80321,73930.84395,75864.21097,77585.45674,80558.33917,82843.13,85920.71363,89143.57474,88684.52,86370.85154,80656.10803,78513.6074,80472.77,80041.38602,79148.26801,80467.99642,78511.4669,77378.97723,80655.37467,83619.44266,89224.03381,95429.1071,95925.07344,105926.2567
Franklin County,MO,29,71,,,,,,,,,,157943.4766,152565.4465,150788.98,148051.5671,146534.1553,144489.1606,146827.5945,154027.2446,159535.2115,165324.2602,171786.6954,179191.0229,199936.9037,221171.0674,237756.6034,248706.2353
Bay County,MI,26,17,86001.34604,92049.86943,96374.4281,98194.48518,101250.7723,105376.2619,107014.486,107202.842,101958.6625,92837.77932,83916.06589,81584.89521,81289.48239,84420.35136,88204.68314,88907.05,93185.74,93941.84502,98937.19659,101374.2952,114486.305,125272.1635,138360.856,146565.8471,159729.0313
Fond du Lac County,WI,55,39,,,,,,,,,,144464.4924,138255.7107,135731.122,134648.6247,136942.5678,141178.9372,142176.9657,145138.0778,148451.4437,157396.1671,166597.1245,176305.1054,191951.3638,215258.1292,233870.9079,251036.3755
Adams County,PA,42,1,100403.1464,106414.4938,112817.4576,120197.3766,130255.8538,146272.6843,179176.0249,197658.5393,199110.9671,192406.3664,186389.4784,182797.413,179219.222,183482.7394,184954.6675,186070.4409,192000.0328,199599.3621,208658.5336,212631.3907,220923.1717,243779.71,264804.5034,284370.9631,296759.5894
Etowah County,AL,1,55,,,,69838.405,72784.43188,76595.93286,83221.93358,88798.66,91487.25,95359.25308,89834.62961,87261.99518,85419.05954,93028.93264,94559.06506,96954.84624,97491.50,102145.8329,107971.1283,109706.4198,123461.4928,136077.9897,159253.8192,160722.2264,163478.1613
Flathead County,MT,30,29,,,,,,,,,,,271541.1362,245139.3139,227065.1147,219255.2907,241382.332,255124.1377,273468.8487,290185.7356,309768.7872,328533.6142,350357.5555,416606.4144,580243.4931,624251.5072,623849.5917
Cecil County,MD,24,15,143558.3567,150158.9559,157847.4518,169677.3379,189903.7816,223129.4986,266410.4929,284536.5119,283765.637,257745.5644,237923.0956,233115.2425,218016.3999,210150.7936,213131.6553,220491.9592,225078.4088,228254.9267,238074.6673,246081.2401,259797.7037,287178.9295,319929.9529,332188.68,351661.1964
Wicomico County,MD,24,45,113382.02,118185.4244,121470.6004,129718.029,143419.5429,167535.1919,201472.5209,220618.3315,225504.3645,203328.3235,192187.9772,171793.8199,150896.0052,143615.9115,147770.51,152353.0881,153290.84,156603.8909,163851.1324,171007.0586,181003.2296,196664.36,224234.4061,238353.908,255314.3175
Whitfield County,GA,13,313,80906.418,85931.80323,90478.27834,94334.49632,96783.91618,100895.2085,109146.5217,114007.149,116183.6112,112218.6285,103627.3858,97304.00195,90315.06351,95017.80642,104781.1879,111261.6379,117284.5258,126119.1178,137310.0756,144690.3723,155909.2539,168681.5518,202479.9593,213562.6237,229250.7944
Daviess County,KY,21,59,89803.80611,93805.90649,97393.61278,97650.83392,100694.4023,100441.3793,102552.3144,105966.2866,106998.2949,106371.7928,105249.4797,104336.0461,98319.39668,99622.39894,101720.2714,105617.7239,110654.7054,110305.2758,122500.623,131485.7329,138158.1773,152243.9759,168188.9421,184537.5557,192529.2467
Allen County,OH,39,3,83162.18607,86463.88,90349.88504,93468.41976,96721.99,107512.0219,107624.5232,111527.2024,107941.3071,109700.8938,100824.5604,97127.5151,92486.57132,89421.55461,90492.22,92457.67135,96783.89431,100942.9475,106404.8614,112350.9678,118961.3958,136530.0208,148049.3995,161533.0669,169001.8526
Columbiana County,OH,39,29,67187.06269,70955.15317,73934.09,76122.52859,79305.86,82662.49822,84449.13941,84589.624,83812.87359,81976.45546,79004.08,76964.9244,75561.85601,79503.32709,81808.09381,85401.63762,90291.26,92134.28893,95276.71653,103333.866,108411.1702,119850.90,127731.7876,138683.8844,145059.4373
Nevada County,CA,6,57,,209617.9065,241546.1395,269828.0841,300223.5876,360737.1646,423922.0627,428694.8928,403139.1763,345269.16,312635.8939,315500.5186,278590.00,288919.851,341959.5884,368438.8089,394250.5071,421147.6059,456669.2838,479383.0516,481398.1203,541001.8094,632515.97,622350.0342,611820.0066
Limestone County,AL,1,83,,,,,,,,,,,,,,,,,,180142.3333,183862.6716,190993.0513,207171.9503,239930.3252,289831.1644,302314.7297,311027.0856
Craven County,NC,37,49,106142.4498,110883.681,114436.1716,117956.5282,121451.1333,130890.3892,144936.7824,163344.5096,172184.947,165889.3905,154853.7244,150640.1673,145920.5793,144530.1246,143314.8606,140230.923,141960.6674,146927.8706,151177.9556,157892.3679,168501.9036,183328.2298,208109.8773,238828.8813,257872.3831
Highlands County,FL,12,55,,,,,85682.12,102384.1021,141878.2261,163356.9952,142559.1448,116347.5038,100774.2138,91549.24226,84023.34862,82165.5005,85805.76548,92873.68338,104620.7047,115952.3741,127025.2105,137035.6966,146655.9182,162039.2302,202614.5048,232489.1462,243250.1652
DeKalb County,IL,17,37,,,,,,,,,,159378.6693,149071.1934,143421.8711,138446.7909,140769.8011,149075.0127,155405.4824,162978.3869,169330.9045,177686.4658,185584.7692,190217.0934,204801.9596,226075.6437,240459.2042,261505.1241
Laramie County,WY,56,21,,,,146891.1197,154835.5736,168993.5848,175583.392,187717.0197,194246.8481,197603.9211,201409.0321,204439.9916,204170.0255,212721.0938,218332.5122,228294.9826,246079.6335,255605.9053,266906.1907,278435.29,310712.7076,333813.446,347865.5996,358788.7362,364863.3225
Garland County,AR,5,51,87202.61,91709.37542,93801.25439,95627.51954,103385.5789,109480.127,119024.4214,130006.8032,132853.3222,132907.2307,115407.0168,117317.1518,117267.4161,125745.2862,126798.7059,127675.196,131293.3333,133806.9611,137809.52,144867.9191,153271.1911,172829.0018,208542.7967,230274.3399,236602.6478
Roanoke City,VA,51,770,,,,,,,,120215.83,120623.44,114451.1033,110107.1769,108528.0197,106834.1724,104896.3759,104541.7581,104372.3213,106374.6989,108722.4333,114503.6399,118975.5781,127978.5336,145656.6189,159295.5508,184119.6327,202006.656
Lenawee County,MI,26,91,91472.72462,98946.84163,102383.93,104507.3469,109117.1615,115166.2685,121243.0955,121848.9258,114590.117,107702.2391,96750.86457,92261.25197,89237.72044,94715.04,107213.8331,111731.5019,120513.516,130108.1923,142560.7923,148541.3676,158100.6875,175777.1481,193816.7815,208205.081,217940.3566
Montgomery County,VA,51,121,115333.6487,124856.7714,132837.7171,141257.4653,153299.8239,179011.2817,205951.1238,212321.1825,206813.1634,192101.749,181099.4604,177604.9534,175222.1181,179864.0706,188173.6562,183383.5536,191269.4537,196995.7672,207158.2294,216613.2616,231292.94,257915.0171,286472.3889,305687.8779,318919.754
Sutter County,CA,6,101,,,,,155549.314,194671.2322,237072.6319,232016.413,200951.1859,162488.2143,153494.1265,149495.58,143877.7643,155262.5018,192229.8253,212263.561,228237.8354,251600.2228,279076.6556,296175.7001,315935.1787,356373.8921,414320.67,422629.0157,424685.1314
Maury County,TN,47,119,111729.5719,114347.5352,115738.9259,119157.783,120584.598,126795.3803,133352.0176,142397.439,148421.7631,145007.3966,134370.5581,130121.1233,120687.5616,132644.5192,141276.3845,150699.5705,169082.9661,187732.1662,212456.6171,227398.7514,243787.5456,271152.9949,348791.2376,379636.0969,382885.5291
Cleveland County,NC,37,45,79287.11846,83646.14578,86681.35165,89189.69623,91952.65,96226.36827,102925.8701,109314.3118,103939.2122,101901.993,96730.58503,94459.87,91108.49467,88477.10034,86895.94737,89956.21119,96759.81168,100635.3609,105456.5104,113361.6873,127084.6406,149208.3649,168571.3532,184187.6714,191658.6971
Hunt County,TX,48,231,,,,,,,,,,109091.9397,105816.3968,103851.2669,101836.1742,104157.2639,110471.8509,119171.7042,130279.5281,145531.8695,167267.1053,183134.3442,197126.9158,218650.5697,269041.1486,291601.1659,285936.2363
Dubuque County,IA,19,61,,,,,,,,,,,150408.9082,151674.0705,152378.7662,153893.7279,155532.3758,156549.7294,161763.6866,166355.4646,171712.4244,177165.6164,188586.0016,201485.956,220761.9183,238179.1418,245288.7383
Moore County,NC,37,125,,,,,,,,,,223531.1283,208621.5163,204662.0457,199189.3225,196438.4918,197199.9309,203652.1589,209236.5304,217100.986,227865.315,237645.6983,249190.2493,280938.6334,337506.5595,385505.9777,401199.4847
Madison County,TN,47,113,110465.2034,113008.0089,113747.717,114495.3943,116630.0836,118940.9789,126051.4535,130098.4498,130251.641,124630.2042,123786.8356,114546.9223,108848.8271,110621.1001,112800.5698,113175.317,119119.3882,121308.2844,128031.8704,133866.75,148687.8321,161549.3182,198729.4686,214765.04,219513.2845
Floyd County,GA,13,115,82871.7831,88779.15,92793.3686,96308.92,99596.29986,103289.6012,105872.7947,106152.1705,106730.1909,103896.478,94818.09088,89925.15,83739.76137,92778.41681,101060.7303,101142.7154,109761.4685,109605.7909,117867.5119,131230.9777,144640.6571,162570.301,193702.9717,209224.7451,216651.1354
Story County,IA,19,169,,,,,,,,,,,164738.9436,165394.1318,165594.165,166809.0692,175816.3804,183094.182,196408.8446,203809.9016,213571.2937,218188.4964,223040.1971,236544.7143,259741.9219,276042.8616,288518.4072
Sevier County,TN,47,155,115608.0169,120670.2284,129924.9304,136751.4038,143298.0447,151667.05,162851.8143,178041.9925,182952.1416,176225.9741,162278.723,154770.5235,149383.2206,147279.1186,155787.1128,163540.3905,177511.58,191130.6755,206852.1593,223162.0287,252642.85,293308.368,390750.7133,420891.8675,421196.3487
Putnam County,NY,36,79,206245.7333,229922.7749,260490.4936,302007.1889,342488.7862,387027.04,424676.6417,425479.65,414888.6634,387308.7407,362957.06,352919.3726,315780.0251,301386.6435,306397.52,312795.4075,319539.0834,333528.7112,350368.4325,366210.4384,374851.6517,409076.1207,449756.9623,484409.0146,518546.829
Burleigh County,ND,38,15,,,,,,,,,,176300.5131,176223.1585,181353.4126,189976.98,223575.622,252291.8889,273717.8156,284273.8183,278148.4728,280139.6405,278101.8112,288637.9425,298512.2412,326112.0334,343132.0627,352706.1932
Grant County,WA,53,25,,,,,,,,,,185649.2579,170844.2925,163383.0022,157613.4115,160632.9309,161846.7028,161016.2219,174043.4377,177779.1044,190676.6252,211170.7742,232449.6564,267475.3337,328327.4989,345490.4889,351968.4313
Ashtabula County,OH,39,7,71237.62849,75090.30,77156.57944,79288.36289,83169.63398,88759.64,91825.26776,95121.71811,96277.85,94794.77,91748.2429,89970.60692,88648.64867,91072.67073,92936.353,92480.06497,91810.12029,95516.15064,99745.94032,105164.67,111342.1155,130153.2356,144942.7704,157861.03,162505.3207
Lafourche Parish,LA,22,57,,,,,,,,,,,,,160941.9019,159621.148,174085.6645,183530.2334,196639.9876,198292.8369,183848.2856,183769.9609,194387.5914,203179.6327,200345.904,180751.4969,174285.8863
Portsmouth City,VA,51,740,84083.86915,88105.46886,90669.87566,92967.4809,100988.6459,119068.5051,145839.808,167178.0474,177211.3312,173008.3025,164350.52,162111.9651,150353.0528,141156.7248,141332.0377,143320.8751,147658.7814,150413.1087,153842.7196,158993.13,172205.6064,187999.1829,213807.7966,228812.20,243824.8187
Marshall County,AL,1,95,,,,,,,,,,108052.1457,103517.202,103467.4166,98646.44391,111380.4511,116172.5994,119565.0397,123958.2519,127093.6119,130323.4799,136885.5866,150642.951,168052.7556,196177.4379,207822.9193,213137.9967
Fairbanks North Star Borough,AK,2,90,,,,,,,203637.8566,222618.2021,237618.121,231956.8715,228237.2509,230765.1367,229493.2969,229290.592,225742.4127,224837.5435,233653.0653,243422.5658,256688.9871,257733.7071,279866.1292,286705.6615,302464.0358,304379.5333,301024.3204
Dallas County,IA,19,49,,,,,,,,197513.8394,196439.7026,197887.4272,194828.8072,194319.0028,195658.8802,208605.876,221196.54,233139.5844,251523.4551,267461.7974,278071.5458,286716.84,296256.4829,311015.7107,347255.4068,371348.1511,373892.5383
Roanoke County,VA,51,161,,,,,,184430.8555,185657.8673,192061.7371,195418.4772,184637.5563,171187.5225,169182.7307,167397.6385,169407.993,171600.4791,174291.8363,177355.0409,181583.1478,187674.9903,192949.0373,208575.1532,235437.2514,258637.4231,285909.0835,301978.2604
Sherburne County,MN,27,141,146562.1154,160287.6971,178761.931,193995.9125,210852.3799,228378.7163,246588.7721,252733.6818,234972.8219,176236.9956,168779.2596,167161.6387,148550.6719,159425.103,181696.02,194125.2736,209446.5307,225933.3805,241600.7051,259384.4961,274856.3805,301591.1698,344700.203,360383.1402,369693.9235
Cape May County,NJ,34,9,157910.7517,175716.6179,200175.0129,234542.932,287149.6343,350969.5285,414175.4802,425744.282,398438.01,395287.3758,371037.1652,360248.85,342713.16,349227.4597,352079.5214,353463.7131,360849.911,366283.5971,378135.8012,392705.8378,415064.0986,477882.2995,586733.3987,625156.819,666670.2551
Walton County,GA,13,297,183776.7848,196692.8351,205524.94,212681.0917,218373.8921,228212.4079,234970.2,244537.2323,249429.0338,214726.0323,196447.9774,155660.1086,128270.7488,125320.7622,144019.5468,158489.1339,175271.6725,187359.249,200762.1343,219480.83,233194.3845,263137.488,328619.4601,355075.00,368411.8369
Geauga County,OH,39,55,184056.8651,192963.9265,200326.9132,205620.4011,211581.9158,215645.7841,229455.5623,231616.4904,217423.7804,215531.1038,207250.3611,204187.1958,199481.7508,207283.8726,216031.6066,219061.861,227092.937,231027.0056,243547.962,253506.2575,258764.8423,284796.9539,313183.827,336875.235,354348.3037
Franklin County,WA,53,21,138216.4331,144490.9234,151085.5305,156352.9421,155731.5644,158174.1298,206126.7277,201950.204,188935.3512,171084.7984,155906.0506,172074.5364,171784.6361,172553.5665,171610.6166,176443.99,187579.7737,206734.1126,230267.7744,252011.1667,277023.7399,312897.3186,372171.9398,392371.8286,404197.74
Bastrop County,TX,48,21,123190.1247,130899.9884,136471.0054,143040.5049,144927.7952,147406.0575,154654.714,152010.8683,156093.8612,156117.3512,152216.4588,149572.6871,148475.7064,149542.5854,157246.4271,173962.631,193410.5084,211578.34,227003.5463,240404.3027,249977.608,279619.1135,365152.0043,396865.1686,363804.8225
Benton County,OR,41,3,171767.2262,183873.6415,191958.8367,196395.5704,208896.247,220776.3052,246250.7701,281845.4608,301494.9493,282150.4076,273791.1811,264617.074,251862.3918,255013.3776,268029.6017,278073.0989,301074.927,322214.3571,345961.4224,368649.1808,387552.8907,421830.5699,486434.4469,517309.1346,536250.8591
Lancaster County,SC,45,57,146726.0242,156286.9512,162637.9912,166838.2642,172010.4093,171204.8652,174598.91,178346.4999,189804.9559,173131.2223,171689.6271,165467.2364,160584.3848,164280.5253,173059.4343,178477.4598,196224.7663,208122.4964,218177.8336,228321.6335,244482.7355,274068.8922,328778.8844,361694.1919,372788.8619
Rogers County,OK,40,131,117011.0138,122743.4178,130232.817,136218.2929,140405.7689,144171.8066,150364.3742,155768.6017,160325.7868,158729.1531,156469.6595,154333.8453,,144120.7885,147338.4902,151415.2344,157686.0454,164221.9862,170292.1905,175682.9709,183812.2375,203898.8252,232901.158,255849.0018,266190.14
Nash County,NC,37,127,,,,,,,,,,126232.6448,119411.3398,,110938.8179,110514.5742,109040.5611,111003.8429,115444.843,118178.2707,124723.6457,131866.5258,138911.8251,160290.6874,181777.9169,209645.7752,222008.3674
Cabell County,WV,54,11,,,,,,,,,,106585.6549,102047.2788,102526.03,101354.0342,101848.8126,100531.9718,100611.4126,106370.4019,104691.4201,108424.2854,112916.0526,113355.6809,125385.4075,131982.9831,138476.248,142426.3982
Grand Traverse County,MI,26,55,111359.1316,119483.3821,125584.5367,132443.4446,140879.4049,148712.6086,155080.5847,158587.9153,153843.8214,146983.5794,133854.8026,139661.2835,136087.3769,158549.5208,172367.4869,187026.1394,199137.3014,213950.6773,232686.6331,246074.0431,258620.9727,287937.03,340030.7172,374232.9466,400110.4775
Steuben County,NY,36,101,80369.35,82763.92351,89275.60888,89383.84,89405.73,92806.70374,101444.40,108352.7282,113501.349,108277.3834,99000.17134,95954.44398,95837.50206,98788.68255,100793.9004,101380.8166,103090.4578,104202.4466,108876.0259,113793.1197,118857.9205,131516.4555,141215.7766,155290.8557,159181.8647
Lauderdale County,AL,1,77,,,,,,,,,,,,107622.2597,105144.2393,113161.6269,123980.3187,123532.5594,127754.9748,130738.0138,134200.4805,135407.4961,144887.0924,161217.4989,183485.3775,199930.9732,207901.6198
Pottawattamie County,IA,19,155,,,,,,,,,109136.9463,108380.9486,106927.9897,106929.892,106979.6145,111080.4569,115943.3573,116296.544,124619.8482,128769.6826,135600.9636,141116.94,152422.8763,165392.1621,180316.2399,195842.4139,209917.4832
Suffolk City,VA,51,800,,,,,,199118.8269,230484.5358,243378.5547,241139.9757,,220432.4763,212521.0363,202554.6988,208339.876,211077.6242,213942.5626,222529.3966,228186.7031,237705.7179,242587.3492,251026.1233,277183.4277,309735.4743,333439.9138,351598.4455
Tuscarawas County,OH,39,157,112139.831,114912.2846,117986.8274,122354.9044,127087.0412,131261.6453,149132.4008,96250.55018,100681.4905,100044.7085,97673.65616,95842.00737,94915.11734,99323.92877,105181.9063,110567.4728,116828.4706,124173.7867,126502.7366,133010.8043,142362.9194,159578.6375,175392.4822,184008.7634,192053.0704
Rockdale County,GA,13,247,139418.2806,148722.7889,153536.3654,160698.0685,163953.1665,166336.0567,173794.671,180676.4214,176588.0975,142789.9862,116741.7375,106533.2015,96943.49586,97398.76021,118918.41,129893.1159,137675.2034,144447.2677,158367.341,178894.1759,187918.1994,216250.8542,271260.3751,307185.3477,310390.7744
Bowie County,TX,48,37,,,,,,,,,,105985.7585,104224.2857,103903.1584,105912.1467,107702.4145,112214.8488,117378.9864,121813.5276,123260.1982,126031.8024,133351.3917,141811.9374,153346.796,177047.1512,180707.5497,181762.6681
Campbell County,KY,21,37,125317.7462,130637.2928,135594.5234,141192.6487,148270.8087,155242.6621,160692.1579,164476.1962,168270.8089,159622.6195,153690.7354,152228.7377,136025.8342,139022.9072,143998.0702,145439.3057,155390.7018,166607.9108,173666.032,181655.1329,191349.9915,222742.7365,235101.857,254305.8798,254970.7541
Saint Croix County,WI,55,109,,,138532.6962,150051.0151,162120.0601,178255.1997,185337.6981,188594.1236,189429.3046,198103.40,189913.084,179440.2221,167063.4864,181448.3022,200708.6562,212724.6934,229461.1727,244908.56,261027.0315,276815.5022,292220.9089,325182.2112,366601.5685,383873.5219,393987.7038
Calvert County,MD,24,9,175432.7555,184995.7497,195717.1462,217215.5531,256604.9254,311265.6578,374371.2709,401798.9451,388663.2276,349037.0573,311342.5403,315535.74,291693.1211,310936.7177,319299.2281,321870.4954,329523.0396,336599.85,344220.2922,353073.5935,366064.8723,398209.7558,435714.5104,445722.9164,456002.32
Madison County,KY,21,151,106272.4593,110764.6549,115141.5297,119228.3406,124505.7273,132106.1656,143045.4997,148537.8362,147881.4168,145771.0834,141411.1111,143468.4176,142887.2868,138536.7757,136484.79,139919.1911,147827.701,155127.0691,167632.9236,171881.9233,181717.1562,202879.2765,223858.01,240908.6802,249770.3971
Northumberland County,PA,42,97,,,,,,,,,,97991.15729,96424.48,96170.76883,95656.7265,97669.97182,100556.6051,102108.89,107448.4107,106855.6976,108982.3388,113330.9974,123497.1265,135334.4707,139755.12,137905.9822,136157.0412
Mendocino County,CA,6,45,,,,241028.3623,276907.6085,343541.7315,378640.2129,408466.2076,412286.9667,330036.5287,309168.9305,299984.0164,288337.4325,293144.0195,331530.4689,359860.8864,387214.9369,411527.3241,458249.0602,466826.1661,499069.7414,541105.9924,595486.1064,541292.7425,498488.7275
Wayne County,NY,36,117,103428.3146,104466.5276,116333.2121,108902.8094,112488.127,114962.9711,122865.7224,126186.1998,128099.7,115032.8841,116070.0629,117213.6551,112576.3086,111106.835,113292.1639,115125.0258,120313.6709,124770.486,129674.0506,135353.4758,144648.4734,164715.3719,176075.4223,193921.0088,211815.1058
Victoria County,TX,48,469,,,,,,,,,,,,,,,,,,149530.2665,146193.8666,152494.9776,162367.3539,172259.0831,192757.75,207463.5569,210518.3658
Grafton County,NH,33,9,104093.8941,115313.4515,127170.5407,141308.0791,158625.338,189768.5045,206694.9806,214962.7845,220014.8087,210937.6008,195294.2015,191525.5261,187107.3904,187641.28,190502.8445,193119.4853,199795.5944,204152.623,213516.5028,223983.5286,235151.9178,272004.2823,324592.1515,367125.86,397711.3849
Ozaukee County,WI,55,89,,,,,,302971.6996,302983.4099,310182.6096,309138.8258,298111.2359,285534.3091,277611.6583,256050.1429,259921.6212,275397.2216,282628.8981,296136.4562,310495.8545,321961.5268,336289.5176,351577.4168,377099.1574,408748.0254,430904.6684,444085.6625
Rockingham County,NC,37,157,,92144.22865,96247.83199,99638.3547,102101.8876,106712.59,110860.1931,115918.8053,115594.1425,113463.4935,107477.0904,104470.6034,101205.3798,100766.4109,104236.8974,104092.4274,110690.2211,111621.5411,116604.3751,125168.20,136062.5051,154429.9566,168058.6693,173668.4203,179364.2394
Saint Clair County,AL,1,115,,,,,,,,,,167649.5757,159534.1221,153961.8478,150234.0121,155066.8602,159999.0067,164753.5501,171680.9562,178099.0495,183760.5805,190945.3641,204660.0049,224712.8148,258144.1407,275185.5598,272611.8606
Frederick County,VA,51,69,,,,,201019.3563,251840.9625,316348.6055,323730.83,288826.0822,242814.8691,209900.0433,211778.7164,206822.0556,207816.0406,222709.2222,230140.7417,241706.1728,250810.6733,263117.6662,270769.0388,285910.9215,313873.0712,360777.7923,379536.9437,394823.21
Liberty County,TX,48,291,,,,,,,,,,,,,111798.9545,111996.4713,116785.4475,132123.7125,143886.1283,155941.0497,169238.7607,175463.4319,185951.5995,200210.0044,226364.2651,234114.6649,236214.2419
Dodge County,WI,55,27,,,,,,,,156885.0972,156057.4826,152072.8738,145281.3702,141378.0287,137406.16,142205.2237,146288.8948,152858.2109,159013.8332,165533.2164,173463.104,184445.0895,196783.3838,219217.5168,241996.55,255399.5031,271937.5246
Twin Falls County,ID,16,83,,,,,,,138012.636,154080.2769,157082.488,152763.0274,137264.1263,126329.099,122488.6978,133365.6192,142110.6257,148803.6031,159044.0314,172028.7637,186347.6848,203634.5582,224663.4884,263392.438,348302.6475,357198.4008,353423.6379
Lapeer County,MI,26,87,,,,,,,,,142287.2917,130153.1609,116356.9471,110462.1035,107225.8089,112256.324,129497.283,144580.3383,159829.0746,177827.5316,183434.0221,185220.4058,202890.5636,225377.7794,265732.4713,267084.3401,279003.5824
Nassau County,FL,12,89,127298.3356,146632.5814,162269.9243,172534.263,182121.4718,205253.9939,244505.5979,276762.0558,270042.3019,228694.7509,200775.7526,187197.4497,179941.1098,180940.9958,199209.3055,211017.04,226971.7461,237629.033,258366.3331,278805.8919,295792.8442,326134.0613,396996.6847,452236.8659,455416.5055
Burke County,NC,37,23,,,,,,,,,,,,,,,,,,121381.1259,128968.6687,137585.3478,149576.9472,175565.64,192887.2002,219912.3894,233282.6669
Christian County,MO,29,43,,,,,,,,,,,142378,138411.1979,133844.0574,140722.0796,149132.8264,151283.1634,158280.6451,167422.1156,177350.5028,187253.7131,200342.4919,216757.6835,262889.28,288616.7321,293101.5988
Josephine County,OR,41,33,115712.4053,121114.0019,128933.9471,136198.3192,147353.1836,177743.969,226145.3444,234633.8577,219271.3884,219049.96,196488.8416,182479.9117,172504.386,177048.7622,196648.9932,209528.0775,227099.2073,250032.7214,274717.0845,291362.5421,301897.3451,340240.3214,396642.2504,397560.4796,395128.3402
Elmore County,AL,1,51,,,,,,,,,,,179855.2451,164319.4352,159223.3319,155927.9472,159194.152,165881.2907,168480.4248,170614.7961,174695.5812,178744.2987,187628.8858,202189.3869,227862.5732,243900.8281,252574.6218
Cullman County,AL,1,43,,99416.05,104437.7697,107172.6638,109037.9482,114317.8715,124137.0605,132264.7475,136040.6694,136101.8089,130921.4044,127264.0542,125505.0952,126070.5501,130344.6518,137851.1674,144834.27,153366.5727,155946.8563,160959.2665,174973.2729,189575.189,222487.2909,233408.0067,235008.0224
Dougherty County,GA,13,95,62835.46446,65979.08972,69093.45936,71243.54107,73413.06211,77249.87202,79058.98206,83921.498,86549.47364,83112.93835,77130.84888,73652.61311,69539.54367,68948.75818,66344.08111,63577.86201,65841.58,62512.45947,64527.17017,69205.56241,72351.10622,81591.05172,95622.71351,108849.1501,113569.2704
Angelina County,TX,48,5,81897.33137,86126.95997,88286.2958,91188.50731,92333.90161,96693.31279,97345.91462,102373.7356,106407.2974,105904.4009,106014.2324,105207.7773,106591.8967,107428.5568,109320.7401,114080.7229,115344.4166,119830.5983,121216.983,127875.0046,142799.0929,156121.4082,180542.7087,186583.3387,187912.1195
Bannock County,ID,16,5,,,,,,,,,,160199.6402,158108.9105,148377.5243,135354.0343,143534.4664,145630.7777,144718.3688,150362.057,158990.6482,166439.2101,186989.4931,212115.6767,245966.5476,316017.8511,327890.8416,338736.1909
Polk County,OR,41,53,150131.9746,154985.4405,162120.7049,167989.0013,173501.8182,189474.6402,205786.0698,235957.2879,248184.2267,229501.00,208890.7152,196669.293,188801.2834,188909.5358,198991.5712,212090.468,234541.4879,260531.666,286621.9633,311904.3218,327700.637,367661.7179,432130.2888,454264.4939,463138.1534
Muskingum County,OH,39,119,69357.23972,75568.46618,77955.41836,80793.93207,84063.34375,87358.85,91331.76535,94935.09368,97738.98965,94224.67391,91128.54696,89739.39,88434.3443,88244.91597,91819.36335,92560.99681,99026.37386,104282.347,110481.5234,117305.6332,125325.5184,141976.3424,156043.1722,168706.7881,182994.3794
Lawrence County,PA,42,73,,,,,,,93433.60238,95037.3529,96097.49152,92734.93029,87897.43031,86221.70,83886.34355,87598.86723,90241.30,90080.06,94685.82305,97332.84769,101028.125,105301.3372,109828.7171,123706.6019,134024.2692,145589.4538,151389.2894
Island County,WA,53,29,,,,,,,,329542.076,339825.8673,311972.0728,283676.6329,269441.4895,257824.5523,263817.942,276134.2455,289042.5724,319252.647,355096.0663,384852.9728,411717.6396,435866.5699,507007.0341,602622.2039,611993.7462,613820.6979
Lincoln County,NC,37,109,132881.1336,140305.1711,145960.5851,151307.2485,153504.708,159393.83,168174.9125,176295.6277,184486.4796,183647.4677,173655.1426,168502.6703,163646.12,168319.5836,175275.8845,179848.7548,190024.9898,200269.8761,215300.6094,230929.053,245274.9452,274123.8368,324724.1486,362885.2284,374653.9806
Buchanan County,MO,29,21,,,,,,,,,,,111768.4591,109902.6002,107343.0022,107596.8795,115227.5875,110420.6468,111005.2574,111136.0496,114524.5485,116067.999,124927.9991,136381.0066,150872.8276,156257.4733,159255.2915
Newport County,RI,44,5,183589.7379,203170.6275,233632.2064,279580.9959,343222.0925,392357.3261,426686.12,432678.6546,418407.7145,382051.2917,328820.5985,359664.2194,321687.5699,322768.4155,342799.0709,350243.3821,369050.1076,387975.1979,413942.54,439272.9893,453969.7352,507556.3475,597360.7287,660562.9806,704171.3887
Orange County,TX,48,361,,,,,,,,,,,126788.7163,125345.6661,125196.6789,123913.8743,124366.8309,128015.228,134561.0083,135990.9962,144946.4664,153957.3176,170876.5465,179566.3181,188106.9326,185195.6895,170908.066
Orangeburg County,SC,45,75,,,,,,86304.51816,90131.55479,97640.56,99009.01109,97774.50031,93359.54112,91078.26172,88348.82546,86300.86547,86265.95167,84613.66798,88135.47036,93151.17243,97413.09719,100620.0646,106886.4724,124043.6275,144682.7783,136191.791,141089.0066
Jefferson County,WI,55,55,,,,,,,175472.0839,183293.3958,182319.2527,177258.4738,169877.1521,165750.1077,161436.5695,166582.1954,173327.2497,181229.4082,187659.1164,197469.8157,210309.2307,221983.3063,238060.7581,261578.6405,289960.9926,304243.467,324650.9098
Wood County,WV,54,107,79378.75394,83369.71872,86029.16056,89197.69725,92375.10341,,101684.8917,103905.9024,105103.0812,105148.8601,102241.6666,103114.9298,102360.928,101184.1589,103132.2388,105502.3747,108811.6462,108033.866,111967.3968,116682.1163,122214.79,132518.142,142568.4958,154294.927,160885.3092
Crawford County,PA,42,39,57429.97223,62368.84407,66431.55377,70478.25,76560.53965,83459.5981,89420.7836,92024.2469,92357.96045,88125.29622,84675.35779,86138.10991,84931.73541,89701.15747,90462.44132,97967.78,100219.2412,103230.4824,110482.3211,111705.9033,118619.1513,133382.1648,145892.996,155750.8386,149512.7227
Chemung County,NY,36,15,59546.2144,61590.16856,65236.40845,,76339.06,82073.81089,84651.45509,87519.18366,88491.37274,89861.68,93522.20,93365.2026,97419.56539,99650.7401,101822.3881,98947.07,100176.3799,101635.0882,104056.8078,108792.3345,112603.939,122927.0596,134237.1716,144779.6924,149708.7499
Glynn County,GA,13,127,,,,,,,,,207492.3363,197024.1516,181345.3511,166142.1523,156630.3771,153064.8423,159727.9922,164299.2919,173540.4003,175413.3009,195931.2575,208516.2295,217901.89,237167.8459,275349.56,311143.0973,321829.3875
Cascade County,MT,30,13,,,,,,,,,169302.8838,169147.8016,160244.06,158479.6243,159019.8586,165135.6606,166675.9583,171863.8343,179007.4287,183477.4647,188739.5667,197735.0854,205763.3103,224465.5856,265628.0812,292557.2248,314771.0793
Indiana County,PA,42,63,,,,,,,,,,,93913.7845,95858.00284,95456.78,98040.00295,100768.2609,105190.1272,110543.7387,110667.1945,114805.5738,114197.2607,118350.127,129321.5758,133314.7263,142325.0551,148849.2674
Midland County,MI,26,111,106760.2817,111619.8304,116958.23,123521.1478,128441.1584,128617.4634,129523.4171,131979.0131,130075.0614,121637.2874,111674.2003,110839.7168,110516.4282,118428.7836,122481.4742,122308.7346,130630.4502,132061.2578,135944.6513,136282.3885,155023.0618,170259.5892,187145.5385,202514.6322,211456.8248
Lee County,MS,28,81,,,,,,,,,,,,,117909.5825,124145.883,124112.1356,126627.475,128767.2116,137312.4054,135994.8659,139575.4241,143343.7307,152824.3998,179079.0087,180650.5234,187410.4189
Howard County,IN,18,67,,,,,,,,,,83514.94328,80211.13227,77985.71298,75892.63393,78011.44759,81590.77927,84266.61,89740.45555,94485.09388,101426.9172,109401.5062,115225.4186,128184.9507,145130.9373,155277.2808,163443.3943
Rockingham County,VA,51,165,,,,,,,,,,,202772.5633,178654.9109,178689.9726,186042.9456,187207.1282,193640.8087,203518.3828,207746.2378,212922.6709,219539.5694,227507.4674,252841.0526,282759.1887,306490.80,325524.2716
Saint Landry Parish,LA,22,97,,,,,,,,,,111384.9751,110439.441,110710.4774,115735.322,123525.7107,117939.8862,124754.4723,139139.8239,129538.7552,132397.7889,132215.7724,139888.4633,136941.1281,139483.5453,137442.1924,130292.989
Monroe County,FL,12,87,,,,,,,,,,,,,,,,,,565207.3184,606857.7222,623194.6733,635833.803,711020.9771,897460.4169,1050758.599,1094995.82
Barrow County,GA,13,13,142881.5984,153553.39,161882.8075,166329.7832,168906.76,173552.161,180720.9311,185395.18,189108.7035,168837.2732,134920.3195,126574.76,102861.3405,98542.09,118789.4916,132856.4607,144453.4083,158893.68,172305.6981,188734.9149,201716.6172,228407.5682,288921.84,320252.1896,336555.3117
Talladega County,AL,1,121,,83599.74466,86897.02838,90808.22248,93609.11358,98554.23402,107752.5513,113434.8358,116089.4137,115178.9621,109201.13,104729.1905,103083.7531,101633.1752,97479.82741,101710.6693,102576.6283,107205.7752,113133.6142,117345.4628,128948.9974,150610.7139,172324.4671,173789.4779,178818.541
Payne County,OK,40,119,92677.44585,97036.0056,101165.7886,104468.6071,108214.4201,112589.414,118197.0342,126097.4542,129595.98,124006.3949,119276.3485,118463.051,118472.8948,124451.7711,127840.5143,134672.2046,140902.3969,144157.6562,149579.8761,155217.425,163719.268,176458.3902,195580.8141,206622.3123,214253.2558
Henderson County,TX,48,213,,,,,,,,,,141283.4944,139889.4322,138621.3289,137666.6481,137864.0451,140012.672,147055.2995,152067.2184,161385.3445,173038.246,186331.323,190572.5169,218553.7159,268443.1084,280076.9283,273333.5505
Bartholomew County,IN,18,5,,,182262.1778,179017.4989,183105.4755,187668.5084,173998.4639,136459.0549,137773.8331,136214.2267,132264.3952,130767.773,130275.1692,133283.3211,137864.3882,140657.9951,147101.2719,150855.1093,157096.5703,166805.797,179883.2642,194285.0821,220406.141,237066.7531,251606.6036
Bullitt County,KY,21,29,105457.0748,109425.9325,113502.7465,116626.3448,121486.0986,125515.3039,129939.7473,132443.3442,133352.2337,132653.877,129320.6871,127750.493,126728.754,130802.4874,134642.6871,144812.7433,155762.8581,165459.3388,175253.8237,188350.6963,202025.8985,223663.916,242695.2959,258214.2393,265751.3529
Coryell County,TX,48,99,,,,,,,,,,120687.49,118748.3554,117169.1109,116164.2721,115571.3395,111744.2587,112738.6828,117928.0035,122588.6423,128007.4254,135290.7287,146363.2602,165192.481,201890.6579,228161.0335,222738.9105
Leavenworth County,KS,20,103,,,,,,,,,,151338.5733,148747.6378,147430.5086,146013.2705,150453.7057,153263.45,159335.04,167390.9501,176893.9393,189531.5137,198217.4594,211095.2161,236981.9948,271690.0216,293150.5507,307406.4736
Lewis County,WA,53,41,,,,,,,,,,189672.1632,174882.6544,166282.7207,155608.6821,155743.47,159860.8774,166678.1845,180987.9757,198197.1896,222365.2629,248760.0357,280462.7381,332202.566,406310.7346,413375.5034,425722.6135
Manitowoc County,WI,55,71,102282.6964,107407.7649,112769.8411,117409.37,123563.7229,132600.5883,127834.1349,128249.6808,130078.8515,126240.7005,120760.5043,118207.6112,115110.5233,118180.8818,118913.7914,118561.2065,123853.4982,127386.6582,130262.5256,138646.0974,151896.5985,167642.4902,187613.1045,202292.1035,220076.4043
Cape Girardeau County,MO,29,31,,,,,,,,,,,142153.7576,140126.877,,132683.0857,133310.5374,137987.9025,144629.5033,150178.8043,154598.4868,159876.0679,164755.1956,180914.6416,202601.6501,214867.1314,222549.065
Caldwell County,NC,37,27,,,82626.44048,85131.66501,87285.98492,91028.43921,96797.76621,102394.6342,104201.2434,106488.1065,101505.6757,98331.71454,94843.54652,93828.33072,93470.77499,90400.46891,99701.71,107553.4246,114213.9596,125429.3379,136815.2679,159280.8145,176573.5469,202161.7239,212618.1871
Clearfield County,PA,42,33,55641.11414,61936.5617,65637.19814,68311.06191,71525.11847,78662.62986,88463.57695,91741.31611,92709.87413,91680.25231,90677.67299,89445.95163,89481.06675,91077.44742,91033.15462,92181.50171,98481.94102,102488.534,117194.7406,110175.206,116347.7808,127072.2781,135813.9803,130467.1742,122581.0423
Wagoner County,OK,40,145,126074.7251,129070.9133,131530.9447,132609.127,136448.3111,140474.5132,145305.4838,151994.7441,157075.4773,149966.5354,147467.1029,144661.36,143713.4687,147514.8403,150362.6956,156208.714,160668.5758,164581.041,172170.5333,175237.2711,183600.4217,204226.8183,239317.4555,255276.5329,260686.0129
Yuba County,CA,6,115,,,,,,154331.9486,199546.0364,192360.1568,183917.9179,144724.8336,137854.4818,133243.7592,127679.6025,135442.8013,172752.74,191831.9124,211118.8389,232269.1382,259627.2923,274851.8575,299191.7508,335108.4111,397297.322,400768.7189,408878.4436
Kosciusko County,IN,18,85,114440.8011,118054.3698,126797.5854,132617.5811,138767.5641,,141976.9025,140394.9039,141326.1764,135886.5205,132736.3105,131896.1931,131183.281,135394.724,141389.5712,144963.0071,152824.9256,157668.1641,166884.4356,178499.8851,190759.3779,209638.498,236413.5362,256424.3052,266758.9955
Clinton County,NY,36,19,82541.28907,88431.70923,95059.47066,103333.8405,105012.3911,108854.1835,119298.0366,126794.8079,134684.8339,129444.2284,123495.9708,123228.5518,120900.5316,120204.13,123462.9339,124535.4899,127215.3272,132205.3586,135794.2428,142183.5909,150335.8098,164387.2998,177542.0164,194699.4583,204175.318
Bulloch County,GA,13,31,,,,,,,,,,138345.2909,128115.8959,122362.7654,114123.2006,119818.9921,126326.6839,130253.5799,132918.3415,136952.1487,143294.1063,150533.1951,155092.9881,172227.1405,199584.2517,227847.8971,254700.5435
Umatilla County,OR,41,59,,,,,,,,,,162751.9068,150263.0817,142366.434,137180.6584,138669.449,143701.7355,149600.7062,155571.6361,163114.3253,175403.1113,189437.33,207704.3248,235179.5876,278849.1691,293914.9203,295098.7651
Natrona County,WY,56,25,,,,,,,,,,,,173434.5108,172526.4107,187813.6629,197261.7199,208010.1395,217810.4792,206597.231,201622.3682,204859.9289,218016.7169,234170.0545,253488.5465,273393.3017,285611.7795
Floyd County,IN,18,43,,,,,,,,,,149461.5991,145063.8154,137254.2538,138874.119,141098.6479,143903.8761,147667.952,153570.5222,162521.2966,171696.924,180791.0794,193179.6669,214642.117,235964.9105,248551.403,261871.5746
Bedford County,VA,51,19,103596.849,110374.8362,117607.9326,125219.2187,135635.2337,157871.6928,181118.5142,203598.4204,213795.5338,205101.4711,194523.6022,189760.1359,185194.9629,188407.5011,190123.6716,193065.6743,200635.2744,205736.1811,210812.0247,216576.609,228632.9929,253970.308,283727.488,308085.6791,328082.2069
Putnam County,TN,47,141,102986.3094,106792.6523,109033.117,108149.8508,112493.3251,118588.6994,129588.5498,139830.5978,143721.0043,140219.4638,137379.0521,135466.6296,129408.1512,131908.0271,134807.8596,139829.4045,147935.3558,155666.4819,164385.8152,175818.4394,193835.1162,210199.0339,261586.0004,284126.8259,292584.0132
Clinton County,MI,26,37,119080.6414,126731.6373,133073.1529,139073.1079,149063.585,153844.2152,161206.1709,164520.3076,161747.6538,152935.965,140828.494,137556.3275,135820.0583,144168.4247,150882.6452,157420.2022,165248.4342,176396.14,187318.653,196067.2943,212081.011,234358.9504,252078.666,271404.875,279844.6442
Lynchburg City,VA,51,680,90064.46627,95896.36,102196.551,108910.1924,104903.3558,108338.214,122935.6541,136356.5425,143054.3154,134512.3837,127250.8917,124521.3918,122034.9939,121775.8629,123392.8812,123586.9217,127811.0856,133420.8862,138890.6681,145438.0503,155562.007,169436.6056,190107.826,211268.2159,229494.2295
Wilson County,NC,37,195,,,,,,,,,,105797.5437,100308.2219,97235.54279,94587.75582,95993.35548,99279.62,102683.5482,102360.9527,104207.0354,110551.3482,115414.6014,120067.5131,138005.8354,160608.2119,190327.6696,200628.4552
Hancock County,IN,18,59,,,,,,,145463.9399,146925.9357,148607.126,150597.3701,145628.1906,144490.2517,142931.2634,146376.41,155084.9491,159234.9049,164966.14,174385.4016,184794.6952,196368.9497,208828.0113,233376.3728,271588.6772,296390.0687,303400.4624
Chelan County,WA,53,7,,,,,,,,,,256725.0517,241195.0074,231293.7487,222001.2602,232367.1936,247857.8784,259212.6328,286292.4049,303024.8754,327180.7696,359506.3832,389709.8413,442910.2751,519198.7862,531054.5468,530297.0832
Sullivan County,NY,36,105,72609.22941,79432.59455,87514.88395,99962.36381,110461.1332,127301.0353,134677.5734,140988.9345,151546.8839,148660.7006,143756.0871,144528.194,141763.2337,135980.156,139035.2308,141064.3732,144197.0399,147684.5959,153616.1308,161438.6469,168483.1441,200525.8996,243088.25,277515.578,296172.62
Oconee County,SC,45,73,,,,,,,,,,,,147062.41,136442.5612,137189.2485,137152.1999,138718.5819,145607.7663,148685.7189,152740.5719,160717.5386,171075.1832,198382.1059,228285.6697,250285.6533,260840.90
James City County,VA,51,95,202569.6028,216522.5845,223068.7857,222626.6862,242046.0744,278560.2746,326458.0978,356652.5027,354029.8974,327798.7428,309666.7399,303311.8008,289995.0515,292102.4496,301613.0558,308617.3776,315118.5997,318825.7985,326031.7884,331306.9577,335814.3171,357057.3431,397253.6413,433340.284,455696.1673
Forrest County,MS,28,35,,,,,,,,,,,,,123225.3616,123491.1733,117863.5248,120167.2258,131414.9884,129425.4763,130411.6102,134935.62,142889.9231,150757.2349,166102.4621,168619.7484,169269.7332
Cole County,MO,29,51,,,,,,,,,,,,,135068.0602,137365.9931,138205.0684,138510.3069,145144.7077,148232.1357,154032.8695,162244.1583,165610.2906,185235.593,213499.7909,235698.6273,248528.2294
Cattaraugus County,NY,36,9,54717.67323,58363.95625,63119.63513,69769.32496,76803.09676,78990.39677,83276.38417,91966.18,94485.19,89731.2217,84738.99706,83964.83726,82270.05737,81049.55264,81397.47879,81904.92208,82905.27,86875.07149,88369.02566,90144.94467,95100.10781,108083.5032,125210.3358,138643.5025,144472.5118
Ross County,OH,39,141,95901.33777,101309.226,105116.3747,107725.1737,110732.2444,114838.9286,115583.8815,115186.7326,114143.5625,114193.6445,110884.4993,109144.8662,108086.0495,107021.2611,107148.5151,107823.5166,115796.8318,118989.0096,118443.9911,127930.9619,137280.3796,154969.9886,171516.0473,178613.1432,193099.6085
Augusta County,VA,51,15,,,,,,,,,,,,,182231.4705,186614.2063,200639.5659,213212.9131,218851.9729,223719.9804,233072.9293,240738.2898,258992.4837,279029.579,303562.1294,324467.0015,329568.7066
White County,AR,5,145,93719.4114,97393.29802,100537.0752,103461.3662,107065.0157,104913.3354,112846.1102,116033.859,121498.2725,122424.3729,120192.2821,120144.8277,119468.6626,121178.7475,118550.2605,121411.0501,124720.751,130411.4363,129966.8838,129850.606,133985.5884,145770.4009,167236.4929,177549.5933,188183.0736
Clallam County,WA,53,9,,,,,,,,,275356.0002,256220.9778,232260.0531,218411.3671,207585.9971,204649.6197,208863.2529,216856.6864,233850.54,257888.7063,284269.1901,313670.80,340000.4259,383242.9609,463134.9385,481210.8368,490332.5236
Anderson County,TN,47,1,86855.16261,89248.10,92100.14,95148.08361,96505.8521,102986.0523,111828.9155,123873.6791,126171.3654,121175.817,117124.056,116990.1441,117934.9268,119606.4863,123746.1576,125285.5114,132320.1403,136540.67,144412.8137,151136.3938,170451.2877,192666.5113,235458.6735,252897.44,281561.2536
Cayuga County,NY,36,11,61132.11579,65630.19175,70817.93852,76489.6492,84444.75876,95162.30777,106889.6357,118200.7985,124734.8155,119146.0592,113232.1431,112516.3027,110566.6064,113430.4699,116750.2822,118944.3608,122061.3714,124978.1423,129988.2311,134126.1405,138518.1064,157010.8468,171189.3703,184804.9306,199343.1028
Walker County,TX,48,471,,,,,,,,,,,142682.8203,141560.6987,141238.4452,141769.3326,144878.76,154065.3883,166382.6693,174643.3071,182324.1294,194345.7076,206775.9746,223951.9045,257568.9657,274102.3588,263679.5705
Cheshire County,NH,33,5,98617.57839,110065.1856,121763.6205,135672.9789,149600.4993,164650.8264,179865.6789,195665.4575,199505.4492,185895.0072,174188.4382,171425.848,167905.6987,167916.9682,169169.8434,173225.7463,179517.4706,183081.7114,194157.9894,202977.1517,215650.6585,250986.1458,284686.7543,324527.98,350673.0049
Valencia County,NM,35,61,,,,,,,,,,157242.1896,148902.4891,143586.5261,136969.5127,135300.5774,132502.9146,135842.877,145330.2656,154829.9607,162675.5358,173191.5103,190389.9657,218235.8028,259606.6201,277080.0193,293764.1784
Erie County,OH,39,43,103240.9182,108262.2194,114046.2604,117267.29,123972.6772,126643.6481,130426.7662,133594.5205,135867.8857,131530.2772,125157.0291,119670.2856,114016.6342,113764.7692,117749.7504,122185.155,123358.2473,126129.245,132074.7432,137638.0928,146805.4478,164379.6221,180604.1894,195290.4684,207281.386
Van Buren County,MI,26,159,,,,,,,,,162458.4524,152525.29,147844.8195,133054.2041,119790.3288,118784.8747,124377.2583,131882.2632,143268.431,146699.68,164289.9722,170918.5756,182847.617,201245.8628,224444.201,230870.5045,240954.0846
Hancock County,OH,39,63,116477.8223,121877.8322,124032.9585,126545.6108,132671.812,136932.4068,138983.4495,142821.3709,134438.12,138692.3855,133987.4731,127784.4138,121889.4155,118318.172,122567.1895,127630.3671,135866.692,141698.0376,148400.9067,154884.5707,161219.6216,179858.9372,192856.5408,206262.6119,219668.4533
Chatham County,NC,37,37,,,205920.8333,212843.8088,220379.8118,232409.1108,249507.7681,266884.5987,275712.3236,272012.3938,258245.1064,250398.70,242689.4367,251294.4132,262196.7518,274105.07,291061.4487,305761.7292,322692.1229,332644.7898,348508.7772,381080.1484,454268.3346,509575.8069,533089.8148
Vermilion County,IL,17,183,40932.78745,43128.01793,45900.55375,47645.6825,51211.96604,50806.08802,56064.97005,56633.93857,58740.25748,55979.83998,52226.8979,51237.7957,47828.58141,53998.68157,59733.36811,61043.73338,64440.85,64498.43037,64376.77156,64270.53793,65232.2832,69965.61818,74953.96142,78639.21804,82339.93
Raleigh County,WV,54,81,65083.32145,67221.39,69624.79204,72268.25,75521.67,81553.88635,89680.96915,92072.7572,93325.7287,91062.915,85494.54568,85928.44741,86752.95947,88969.67,85881.10414,87517.6494,96375.41953,90964.68706,91193.55883,91611.95203,92453.86066,104621.8161,113596.9442,127278.7347,135229.7251
Grays Harbor County,WA,53,27,,,,,,,,,,166442.7282,151348.9974,141418.3753,135029.8591,133586.9861,130607.9249,131475.2931,143445.0369,154923.7316,175981.0922,199220.2423,225803.9167,266218.9887,318397.9743,321054.3271,323946.2358
Scioto County,OH,39,145,,,,,,,,,,,,86911.1538,83028.61699,78367.35358,81099.55719,79829.51077,80304.60265,81423.52409,83912.64,89269.44508,92737.50981,99950.08389,109607.04,116443.4467,121927.0979
Somerset County,PA,42,111,,,,,,,,,,112740.6591,108829.6691,107731.2167,105607.0156,104390.0555,105528.7947,105383.5551,104106.3012,104831.5189,107117.6649,107982.216,116227.8735,130407.6987,146834.5404,157798.0926,157403.6588
Wood County,WI,55,141,,,,,,,,,,123326.8117,120224.0765,118983.0895,116380.742,116454.5876,117404.3688,115919.97,120667.7643,122499.1262,131312.7054,140608.3811,151992.8785,159300.70,174274.0556,187556.7637,199979.1549
Jackson County,GA,13,157,,118708.4091,127156.026,134011.6427,139816.659,146965.3287,151967.7789,159324.0161,165326.2933,160935.212,147823.7908,137905.2238,127338.9635,134995.9906,154945.2601,166519.3151,180467.6625,192827.993,211518.3139,227595.1654,243076.0857,272391.9651,340039.9157,369999.2048,382822.3895
Lonoke County,AR,5,85,119110.853,123710.6464,128666.2254,132980.9002,138029.2442,143615.0992,149522.6781,156286.1855,149061.2325,151198.6949,147720.5233,146723.5606,147498.2728,146575.7838,146141.8514,147975.024,150790.7383,151910.75,153431.1315,155298.2137,158047.4193,171899.7881,192381.2733,207447.2621,214800.5011
Lauderdale County,MS,28,75,,,,,,,,,,,,,108871.2509,108717.1498,108234.1302,113958.9429,114399.13,108713.4367,99186.62108,102960.9213,102805.5654,107794.9731,125179.5845,125799.1851,118315.6817
Walton County,FL,12,131,199328.9161,185449.1374,201027.6869,210357.2044,245486.7658,305470.1207,398068.0277,394807.0073,348134.5523,297654.6879,266204.8453,262116.3912,240290.306,259822.267,286477.2049,307542.9676,327676.6951,343578.363,376601.8966,402093.234,424380.5832,479308.0361,647971.9116,721626.3802,707701.4305
Kauai County,HI,15,7,180348.8129,193734.04,209523.3867,231472.5748,281001.3279,365883.6587,473741.9099,494342.0878,449324.7894,418627.0318,390216.6579,386810.8588,384046.6006,405066.5269,463869.2722,492340.0316,534241.1902,551074.983,578105.2996,619803.1089,636417.1991,708535.7547,819909.7319,930016.3119,968299.02
Putnam County,FL,12,107,,,,,78912.10319,88966.33706,110034.8032,136978.6168,133776.6398,103903.8738,91165.61397,85457.41288,82226.54586,80529.20779,80849.7559,81658.36453,90029.50,94786.98362,106258.4397,118201.0218,134434.2379,155832.5422,187387.7875,202173.8495,206105.143
Grand Forks County,ND,38,35,,,,,,,,,,,161630.88,163005.3163,169739.3054,185288.1015,194089.9656,211061.8033,222148.7126,222314.7698,224530.8724,222761.3314,227529.44,236353.6094,250066.41,254466.4439,253333.0484
McKinley County,NM,35,31,,,,,,,,,,,,,146905.505,147510.2782,148126.4724,150705.4002,155369.1255,143126.7006,146295.1279,159290.1586,168587.0938,184369.7756,196819.8694,196269.0531,198936.2994
Lea County,NM,35,25,,,,,,,,,,,,,,,177458.0804,191642.4165,190226.5377,188015.352,191081.1905,196284.455,212041.0963,221876.6698,199233.0315,181421.3593,165074.3776
Riley County,KS,20,161,,,,,,,,,,,,,155316.2884,163912.6314,164970.0769,174009.8534,179910.5854,182731.5302,190378.0793,190762.1433,196093.7053,202688.3549,221532.7345,234853.249,240114.2681
Fauquier County,VA,51,61,187406.0536,204200.2358,222258.2177,263537.1112,296059.8232,361395.9847,437435.6843,454585.1846,412697.173,320824.4701,290470.0829,291743.3785,292934.0498,315698.57,346702.8233,362578.532,380298.2495,389508.8073,403527.1704,417795.0546,428788.754,476293.0436,526708.7807,556246.3835,576132.6665
Christian County,KY,21,47,80872.6451,83698.44343,86464.37,88833.99152,91933.79126,96066.93945,98510.69557,102990.8798,108239.9588,103757.5133,102123.6714,,97068.71733,97822.42901,97497.11415,94674.59938,95133.19965,98288.49653,103770.9847,105315.8177,112797.7534,127975.4793,146382.4658,167778.5279,180924.5181
Broomfield County,CO,8,14,,,,,,,299446.1243,302126.7392,295651.4932,298060.74,287393.3441,280693.9544,277559.9872,293826.8159,316116.4939,341005.27,382405.7727,418693.1316,446225.8374,467155.3084,485655.1663,522994.10,625278.2952,649526.6654,654971.9119
Pottawatomie County,OK,40,125,61340.04543,63853.5215,66450.17,69187.08745,71457.93379,74056.38352,77891.98967,80927.52355,83191.91061,85179.88,83559.05282,81301.12895,80200.00926,82954.8317,86429.90478,88629.87876,92161.61114,94330.95793,97059.85946,99079.77034,112287.6531,125240.4615,146846.0907,158443.8183,167723.5697
Robertson County,TN,47,147,121479.6858,124733.0197,126009.4236,129935.0253,132519.1361,137677.4115,144389.9798,154196.0088,157595.9025,156076.7643,158537.7299,151109.1381,144534.9336,147161.3043,153608.3835,162348.2287,177879.2581,196377.5855,211185.0881,227278.6713,249250.7388,268743.8772,328466.2179,351681.445,361665.0958
Creek County,OK,40,37,78076.52557,81969.14,86339.82431,89795.6774,93262.84642,97635.57,104241.8182,107574.051,110775.4915,108009.9315,108019.599,101208.069,99594.26,107851.3255,110499.5117,118543.902,125621.0588,125458.9008,132584.1199,137297.0363,148850.5981,161529.0406,183609.7232,186591.5342,189816.4399
York County,VA,51,199,,,,,209736.5989,249850.186,302505.2791,332586.8139,322695.3015,301224.4326,285380.308,281970.357,280007.61,289438.1805,294761.5382,296898.8084,304558.2988,310502.3698,316921.3571,321475.0988,331414.8534,349985.3004,381101.7148,410055.6759,431969.0114
De Kalb County,AL,1,49,,78947.42,81793.45261,84597.40795,87237.80353,92398.20485,100088.7175,105786.5688,108898.7578,109733.4668,106840.3592,102982.3501,103388.2079,106678.9597,102812.2059,100125.0014,109041.6591,117848.4061,123020.8607,128130.9305,138967.5019,159058.0188,177801.0158,188086.9392,192696.8278
Surry County,NC,37,171,,,,,,,,,,117821.145,112284.5807,110276.4716,110432.7676,109722.2437,108032.5695,110128.5064,114693.6435,117892.4955,121621.0859,128917.424,133940.9568,156550.9481,180909.37,197388.0475,212869.3932
Morgan County,IN,18,109,,,,,,,,,136741.1318,135623.0746,132226.3073,130389.9674,129390.4606,134372.4042,139274.9264,143732.8188,148901.7871,156263.8627,166275.6219,176940.0013,185849.8501,213506.4087,245802.8063,266276.8565,277313.42
Tooele County,UT,49,45,,,,,,,,,,196861.7297,178840.8203,170606.1353,166511.2508,178347.94,193685.9745,198001.6691,217686.9127,236888.7277,261253.1426,289434.1049,309449.6349,356029.5488,447773.64,456962.75,466693.4995
Franklin County,MA,25,11,126368.3821,136185.7378,149703.4739,168582.3401,175259.4618,196077.9248,223701.2791,233191.8742,233848.3236,230371.0901,224729.7223,220282.7829,195701.4449,192133.5359,196544.5345,201122.8946,206305.102,209719.2418,220696.7822,227706.8376,237464.6013,265931.1432,297348.753,320176.305,343731.2769
Iberia Parish,LA,22,45,,,,,,,,,,,82485.19895,85926.36253,86416.27649,89647.10384,103001.1789,115635.3208,118469.4507,119315.6797,122696.6608,127989.9282,133431.8267,142987.8243,142421.2303,130380.1006,131852.6008
Portage County,WI,55,97,,,,,,,,,,,,141279.4336,140591.1306,143253.9116,153527.5225,160524.6279,168786.2531,178971.5113,187894.2914,196985.5662,211417.1178,227722.5008,246465.8413,261690.1375,274470.1735
Lewis and Clark County,MT,30,49,,,,,,,,,,,201995.615,198585.2816,197874.2983,206491.481,212236.3956,216506.1395,234964.5711,241683.1499,256456.7609,267726.7488,284634.4779,327126.8452,401981.1834,430527.3068,446957.5335
Greene County,TN,47,59,73604.41,76716.54369,79873.73,80362.47,85093.09,91289.32515,96190.02,102530.4843,110087.55,103349.719,100103.1705,98996.97096,97859.69513,94703.9832,96752.04432,103604.2425,112634.6206,118661.8252,122816.3245,129197.6303,141876.1385,158181.7435,193571.8263,199749.6002,219941.7457
Boone County,IN,18,11,,,,,,,,,200135.7137,198445.1609,192125.0386,190779.9658,189412.5561,194156.3175,203872.1788,211986.2638,220093.0994,232618.1523,243290.0922,257509.84,275544.1756,299238.1955,347746.4524,375831.48,385874.3857
Ward County,ND,38,101,,,,,,,,,,,200463.7313,213445.4565,226149.482,269654.51,280099.7516,277669.3458,273580.1927,250784.4171,234702.2712,212797.3569,210197.9579,220715.4404,230414.19,246603.5756,256390.2171
Troup County,GA,13,285,78732.47,84229.10502,88861.36,92851.92536,96533.0932,102924.9042,107456.6568,111917.6828,113668.1211,107541.5204,98632.79661,94335.97908,87651.50443,92701.22262,100149.6988,103978.3138,107410.8483,109538.7873,116726.4061,128584.8785,133314.3903,149752.2897,170864.6255,193834.0263,211099.6543
Greenwood County,SC,45,47,,,,,,,,,,,,,,,,,,96024.20928,97692.15327,100987.6995,113892.1892,126111.7331,139528.9273,151755.4849,155577.4458
Columbia County,FL,12,23,78877.39399,84725.72508,91359.82611,99210.86452,102624.4066,108322.0251,133942.8911,159153.212,160791.7823,134959.9464,120480.2685,112876.1855,108142.2172,108452.6897,110584.1564,114207.6794,120288.4185,127379.5962,139573.7666,149716.4555,159892.3031,183973.5569,219982.8689,247448.2366,253889.4894
Klamath County,OR,41,35,77092.85,79659.0553,84457.34945,85967.44124,92508.78,104087.9623,133361.5844,152780.0891,155325.2709,146616.3194,132519.9504,124167.5722,118256.1343,119991.7003,126567.9939,133284.1224,143493.0818,149459.1612,159871.1085,174254.2884,185906.9622,213642.4762,256632.76,272459.3384,283429.8175
Allegany County,MD,24,1,57105.82493,59845.16737,64393.51448,69923.98847,74858.30434,80283.55722,92463.70737,107219.1262,109924.5638,100148.3416,91260.78929,87887.94223,96744.23,96796.37512,94005.23355,99469.36487,97761.73,99767.91,98950.55771,104424.4813,111183.4984,121387.6085,136506.7923,140302.9257,143353.3274
Harrison County,TX,48,203,,,,,,,,,,,138959.6038,138973.3187,138746.5695,143141.2757,140917.0401,149422.0114,151407.814,158276.767,153705.9983,160027.9902,169098.871,174587.6418,195510.6255,195478.2888,196142.089
Blue Earth County,MN,27,13,,,,,,,,,,,,158791.7315,155863.713,155790.8715,161686.6465,165360.0291,174791.6413,186377.6933,196876.3736,206070.7537,218249.4077,231431.5513,257168.7555,279069.7808,285063.2073
San Patricio County,TX,48,409,,,,,,,,,,121449.6409,119262.1582,118285.7635,118130.6688,122459.9752,127392.0496,139816.4062,154338.1591,163301.9868,166219.1445,170248.6467,184012.7927,188008.2063,203749.3637,208171.8322,204126.9513
Madison County,NY,36,53,92497.09519,99128.2412,107024.362,106465.0966,111970.0696,117405.2047,126101.4962,133894.1331,141066.6346,134108.908,127710.4767,126898.0832,123886.0879,122513.9778,127755.0821,128328.3488,130807.6743,135182.9474,140033.3286,148717.7667,152051.9413,168318.8274,183749.2588,202415.3378,216563.42
Shiawassee County,MI,26,155,85385.73493,90043.5855,95217.18699,100774.8114,107309.6089,112696.6024,114316.5621,111661.7754,106013.225,97374.50864,87896.78155,84548.97756,82648.13339,83358.76,90384.13,94425.08018,105510.7356,118111.9604,122838.3942,134840.0185,145184.11,164134.4001,175315.92,181240.5389,192452.09
Jefferson County,AR,5,69,43366.23751,45545.36434,47008.43406,48827.54826,50893.69735,54009.13,58118.77202,60774.29829,61627.63088,62314.36502,59445.24114,60541.12869,59450.62307,61930.47489,57667.80595,52349.95,57179.23092,61656.11184,63581.72431,63657.3929,66595.37,76906.41626,88381.55596,85897.90543,88663.37048
Wise County,TX,48,497,,,,,,,,,,165239.2309,161893.8619,159796.5712,158387.2786,162591.0428,172837.2466,187152.518,200961.2335,210739.2165,235949.09,252162.934,271625.4828,298014.1344,356954.5579,377000.1031,375949.3752
Carteret County,NC,37,31,144213.3383,149014.1587,153182.505,160911.6501,173592.141,189531.0474,243060.1166,277821.2275,274153.0025,251798.5723,238001.2172,234465.5021,228493.9121,228460.4245,232653.6345,233640.6206,243409.693,253258.6921,260492.5683,270656.0738,283581.8439,315424.7824,375460.5831,419737.2537,442841.1127
Walker County,GA,13,295,78782.7582,84568.74539,88914.65,92259.79738,94975.39334,99868.00815,102807.1452,107582.788,111012.7995,107909.0675,99919.3509,92636.94764,86623.63275,95843.79594,103611.5295,107341.833,111947.436,114760.5217,123661.1417,132642.04,145460.5844,164544.3358,191320.1568,204500.2269,219361.8754
Lake County,CA,6,33,,,,,,,,169240.74,168535.9033,140769.5374,130943.2062,125640.6054,120501.1298,131005.3572,155736.682,173218.6785,194163.8928,214101.5308,237825.2938,253518.4346,263655.8277,290127.0179,332778.1645,330782.0006,315459.1794
Franklin County,NC,37,69,,,,,,,,,,172593.152,163240.9331,157727.417,151611.3307,152626.8444,157582.2326,165612.3305,175096.7524,186654.1836,200837.014,215419.7002,226067.15,254125.6048,308774.2251,346476.204,350492.346
Oldham County,KY,21,185,184855.8249,193281.7794,200628.7934,207399.4153,214946.1514,226701.3407,236203.8792,243888.5816,248744.2156,243840.1746,229951.7294,229528.9282,228684.8668,236491.8349,246573.6239,252800.5006,263675.1129,275490.3537,289359.9204,298871.14,310780.0422,338882.7634,377497.4914,406857.7014,413307.7093
Catoosa County,GA,13,47,103367.9949,110835.8714,116370.1122,120690.1115,124871.5309,131400.4371,141264.6188,145285.1253,147042.1322,140914.2179,130615.7728,122738.9522,115469.9247,122418.5656,133029.4212,135247.1898,141508.5713,147140.7642,153946.1002,163283.9292,177396.7826,198403.9182,235535.3022,256383.0632,273723.186
Butler County,KS,20,15,,,,,,,,121926.2546,124906.8648,130975.7151,128606.3134,126285.364,125285.6797,127209.3173,130419.6805,135087.3779,142640.6445,145585.064,154101.8981,159303.5812,170218.9975,184921.8904,208284.57,224261.5545,228268.2215
McCracken County,KY,21,145,70248.04348,72724.03264,75112.041,77376.80603,80331.54129,82266.47942,,96561.24711,93787.81478,91740.51718,90613.02,90953.29592,95976.91926,96394.53719,95769.26445,98760.73347,105799.9504,107195.6156,107512.3454,113986.1123,120655.3292,129938.4326,140170.6209,153681.7586,164039.3315
Jones County,MS,28,67,,,,,,,,,,,,,110573.441,109210.074,101361.6474,108656.5409,114847.6325,110313.3312,111114.5175,114032.2606,119506.4472,127467.6599,147659.5149,145112.3609,145754.8356
Otero County,NM,35,35,,,,,,,,,,,,,,,,,,122089.36,126776.6428,130461.482,138937.6139,153298.0535,178178.0151,201569.5065,212675.078
Aroostook County,ME,23,3,51271.15381,57161.90095,59462.30596,66809.90,65689.1078,73557.10807,75710.96378,74985.1962,80546.89324,87225.07804,84917.88407,86582.32803,79342.1992,94493.66438,94554.58251,92754.24061,96865.47363,93066.82598,95345.11128,99817.85272,102984.0022,120067.3151,138533.5254,153505.3641,161807.9352
Williamson County,IL,17,199,,,,,,,,,,117542.1736,113043.0565,108367.1669,106367.8672,98500.35645,103642.1903,104415.0994,106747.0239,109227.091,112001.7758,108372.2586,118115.45,125137.2169,132088.2718,134987.1619,140806.4255
Laurens County,SC,45,59,90849.01553,93147.93,96508.81634,99016.07981,101182.3482,106792.7737,112679.7111,111331.9685,113704.9712,111668.33,104127.2213,100972.9327,89935.10564,92108.68632,102395.6362,106894.8895,117752.7571,124805.1878,127199.1054,135523.7696,144016.6399,162559.4775,170045.8938,182702.0155,163968.3577
Belmont County,OH,39,13,,,,,,,,,,,85485.01,87894.28319,87097.11264,88469.73223,93097.5036,99973.52904,104205.4629,103164.4898,103568.5923,111209.4722,111731.9524,126025.4378,129008.5882,133470.9456,135807.8189
Saint Francois County,MO,29,187,,,,,,,,,,,,,80117.06545,80823.70,84273.50521,90653.69,104590.8693,112243.3966,112342.693,119045.2131,124827.2245,140582.4688,159205.7696,170984.3673,177760.6228
Muskogee County,OK,40,101,65549.16,68126.95898,71065.75986,73381.77358,75859.70108,79051.39993,82358.43,85699.3689,88371.10758,,82318.17855,81808.94549,80581.26911,78143.00959,76064.92063,74877.01317,81707.18568,82871.31,82935.9185,86240.95827,92575.66486,104747.7847,122352.0862,132595.9911,138120.5888
Grant County,IN,18,53,,,80778.1033,82193.94938,80016.38765,79340.88892,86363.08646,89095.71074,83507.53227,78183.98718,75945.15189,75000.68,73732.40313,74651.3692,73641.70785,76557.72155,80375.53157,80532.76402,84284.02086,89968.17536,94306.1403,103882.2218,118849.0687,125131.8884,130406.8497
Rice County,MN,27,131,,138441.8585,151369.6144,163536.6831,178191.5945,191264.7229,207500.6685,209115.5584,201343.4873,190519.333,173983.2361,171975.1626,153401.5736,165426.5207,175058.7206,182973.9528,194073.8744,208365.3174,226891.4826,238529.2748,251139.5323,274847.9757,306674.837,321114.7869,332203.7892
Spalding County,GA,13,255,,,,,,,,,,,,,,,,,100231.3959,104621.6717,115833.9776,134316.481,145228.6796,168177.8516,200438.3301,227800.9902,236425.966
Wayne County,IN,18,177,,,,,,,,,,,92432.02992,91587.10285,90558.56108,89850.76803,88718.06982,86200.49081,87200.40346,93048.92364,97361.7854,101456.2204,105945.2194,116932.049,132896.5546,143307.3745,148133.352
Ionia County,MI,26,67,,,,,,,,,108733.2088,100848.3349,92073.28,88876.74563,88003.68087,92164.81802,97601.88606,109430.14,118446.292,129052.0495,144197.6573,150780.8597,156116.8463,177834.5349,196721.9276,208222.9401,219985.8702
Apache County,AZ,4,1,,,,,,,,,,,146473.5024,139681.251,136095.9546,135385.7147,131834.5445,138947.3939,147476.2276,160994.5402,172695.7717,173572.0645,180946.1509,205185.95,265859.254,277724.4665,289813.7966
Montcalm County,MI,26,117,93451.75277,99660.70406,105375.8006,109129.0764,113528.6697,119987.61,118579.2577,116158.6663,111892.4025,100655.3527,91436.30,88025.19047,85261.56033,87411.27545,94953.47,102662.0417,112117.3027,124946.5431,129330.4041,141313.8947,156635.6729,174282.7696,198378.2023,206396.8241,206706.872
Marquette County,MI,26,103,87814.21132,92037.5849,95758.06294,99449.81487,104195.9033,110411.1071,,114025.1969,109941.9035,105257.2865,109259.4298,112636.0523,119931.15,129007.2042,131635.9055,130033.3721,132883.2035,136252.5892,141251.3486,147938.4784,155148.8894,170201.1323,193326.0638,213061.812,221716.275
Wilkes County,NC,37,193,77913.65,82194.7424,84984.67446,87053.23,89195.3252,94160.05396,101258.7252,108228.1506,111464.9137,109770.5713,105261.3489,95414.69535,92276.32769,110441.114,119900.2202,115414.8216,126436.6021,126120.192,129251.9379,131235.3697,147145.5125,165808.8352,183548.1799,210550.992,215142.0315
Harrison County,WV,54,33,,,,,,,,,,107234.1917,105093.9931,103794.2676,99619.12114,104425.3693,102916.5799,103703.1791,111365.6223,113336.4032,117039.3099,121086.5948,122253.0855,133390.1301,142175.6317,145835.6696,149564.9605
Armstrong County,PA,42,5,51762.29692,55479.09898,59119.62349,63138.29389,68636.52951,76605.89201,84312.69081,87651.97867,88284.89222,86341.31993,83023.23286,83059.46834,82514.53428,83657.89695,86367.72476,91791.81645,94558.56996,93878.27699,97182.90732,92556.92555,100408.7047,118499.5069,130834.4561,140005.7806,145633.2504
Crow Wing County,MN,27,35,,,,,,,,,,166960.9947,152741.7027,149976.7867,144436.5371,159714.6947,169560.5959,178318.7346,194284.1643,198653.7524,204196.3032,213854.2127,224091.76,251069.2468,293732.2603,325157.8077,334797.8683
Adams County,IL,17,1,,,,,,,,,,124811.8597,117542.4066,116145.9638,115693.4584,118159.6073,120787.0298,124855.6639,125430.4578,136344.01,134860.2506,133264.7756,140278.866,146968.3279,156468.9219,169726.8457,170733.0066
Chippewa County,WI,55,17,,,,,,,,,,146598.0691,141205.4821,138115.416,134736.1582,140460.6558,145520.98,150716.83,161276.0989,167007.66,179348.5026,189910.8199,203405.9838,227060.8274,254449.78,273098.2678,288919.2834
Isabella County,MI,26,73,,,,,,,,,,,,,96584.95111,104341.2857,113004.197,121883.5498,124560.9717,124872.7725,132490.7203,137555.39,151501.5171,165650.3742,186272.9666,195243.8853,198184.3877
Warren County,NY,36,113,98546.36155,104953.1985,113553.209,124966.7941,132534.1456,147285.2805,179088.7327,189475.3286,200312.2327,195504.3413,188126.8386,189803.4275,186517.6263,191454.0529,195985.1274,197266.0851,203379.1732,208184.7376,214477.2593,220233.9385,227375.5393,250353.4137,284892.8573,307938.1054,332924.3891
Starr County,TX,48,427,,,,,,,,,,,90340.85052,88782.91578,85056.12563,88170.64164,98233.98601,104570.8343,111279.5881,104885.7196,109344.7024,102365.2552,107969.0304,129727.1747,143093.4517,126456.0038,120890.095
Marion County,OH,39,101,,,,,,,,,,,82587.75484,81567.09603,80204.36634,79012.50311,78440.43143,80098.59811,85391.84501,91320.69,95135.84077,110195.4242,110878.442,128354.0137,141429.6768,151093.7218,161919.4238
Jefferson County,OH,39,81,,,,,,,,,,,,,,,,,,76349.01875,78698.51,83886.39462,88891.22757,100132.8192,105579.8567,112483.7455,119363.8581
Tehama County,CA,6,103,,,,,,,,,,,,,117149.6035,127351.2408,152121.1199,169650.2707,184392.5047,192535.1574,209707.3184,221938.3058,247639.7876,279779.5156,317867.5025,316455.9266,313218.253
Sauk County,WI,55,111,,,,,,,,,,168351.4027,161263.9468,157289.5691,153473.042,158623.7713,163399.52,168701.8768,180650.4314,189702.6714,201435.1662,210558.4048,224740.4011,247703.3138,275044.7328,292286.9822,304167.4942
Walker County,AL,1,127,118890.2515,122988.2785,126389.6405,129801.9817,138419.6633,145583.2299,118198.128,127373.5154,128630.063,129973.488,122607.5657,117456.9849,114261.3608,119990.1073,118112.5722,118913.7301,123693.4645,124435.7533,125295.4709,128379.1285,145769.9807,162742.257,179897.3697,182139.5006,179461.1323
Clay County,MN,27,27,,,,,,,,,,173236.1673,162000.9161,162625.11,160081.9782,162626.7694,171193.9934,182319.6126,199013.0378,213734.5432,217074.3156,219862.9659,226399.2114,232983.6017,257920.1329,272301.2304,275485.9595
Chaves County,NM,35,5,,,,,,,,,,108220.678,105426.6441,103117.4588,101669.901,100904.7282,102988.4371,104520.2621,100017.2778,104469.325,105737.2516,111392.0634,126833.0778,139328.6161,153577.8259,153032.1273,138907.3901
Columbia County,PA,42,37,99389.0652,104927.7976,110364.2224,116464.9356,124099.3079,137188.6835,150921.054,157345.4527,158575.355,158299.2342,154341.2333,154539.3418,152829.9997,154438.4002,155352.55,154166.823,160794.2439,163296.4361,165350.2841,167149.1825,185527.84,200616.2367,216833.6998,220893.582,224494.4478
Kershaw County,SC,45,55,113829.5325,116931.4136,122990.965,127020.8025,130921.1822,,137609.9745,141043.4566,148841.1698,148527.0962,135352.9941,130074.6701,124283.1859,123299.6227,125138.2271,127829.2871,137501.3993,143676.4913,149757.0373,156883.3128,169193.176,183376.2636,209675.4607,223655.8348,234722.688
Mason County,WA,53,45,,,,,,,,,235111.52,218187.512,199052.7856,188429.6087,179036.0467,179468.4504,181105.7527,185215.0184,201035.1407,218947.4128,249496.6763,280903.4991,301613.3722,364866.2149,436106.924,445546.7903,452097.345
Nacogdoches County,TX,48,347,,,,,,,,,,,139050.321,137116.5588,136506.9537,138102.6785,138039.1658,142487.9858,149109.559,150316.2642,153007.6799,155713.5172,170275.2905,180529.8814,209983.0658,218156.567,222707.4724
Carbon County,PA,42,25,,,,,,,,,,136860.8038,132448.6447,131424.933,128732.512,126947.0662,126894.4098,127181.6735,128350.5098,128959.749,133809.2386,144390.9966,150727.4129,173114.0758,204946.4055,232712.6823,244104.5026
Salem County,NJ,34,33,100422.6199,107284.555,116625.8174,128033.0345,141596.4025,140757.603,169021.1574,183639.8946,192281.0542,179349.8692,169149.401,164128.7025,157713.9802,158467.1612,160312.3263,160741.4188,160800.1817,161241.36,163903.4277,157272.3396,167946.0393,192094.9131,226209.0906,243222.7026,266049.7568
Pulaski County,KY,21,199,44573.76614,46996.55631,48714.23692,48330.01904,48995.51191,50186.83731,51904.70786,56901.24318,57423.47899,56474.70922,55535.39,57443.96156,59463.47753,66735.76,68637.61616,68252.33942,81950.96038,88643.87399,97224.03,111118.7625,126632.0546,147319.8531,164828.0526,163023.9482,162871.6984
Coos County,OR,41,11,,,,,,,,,185567.502,173650.2608,157312.9825,148752.9907,142837.9992,146867.9555,156522.23,163564.1231,180627.7468,195678.4728,207387.2728,222725.0339,239482.5529,270090.7673,320512.6679,340466.9967,347094.4647
Rutherford County,NC,37,161,72926.989,72686.31,74812.20,75666.82259,77082.60963,80351.36608,86410.67,92684.73725,96593.82,96657.56822,,94726.80793,92449.53915,94074.75065,96180.50757,98573.41217,101681.6906,106957.0784,115640.5468,124453.2015,136258.7948,156712.755,175384.6129,196937.4323,200387.3235
Liberty County,GA,13,179,101099.4459,105537.5753,108958.0119,112092.0555,115565.0812,121815.5809,129384.8102,151924.7981,156983.3183,151781.8586,141481.804,132635.9382,126252.682,126546.5318,123678.9998,125053.7831,125371.0834,121474.9034,123828.1749,131818.5088,138636.3567,150277.2078,175743.6585,205567.9177,222488.5841
Hamblen County,TN,47,63,85049.09434,88313.54607,91323.89889,93113.40591,92796.18202,95586.79606,103346.1738,111126.5851,114120.0958,113173.9587,122766.098,118595.1439,109121.2775,114426.3334,118411.3991,119094.5556,127833.0157,133482.4525,142522.2545,149017.2849,167872.454,174865.1438,205763.0904,222400.7751,241075.8847
Lamar County,MS,28,73,,,,,,,,,,,,,165179.3009,163856.7835,162943.6317,165443.69,171715.7583,171662.5287,,184809.7353,191885.8895,204451.0289,230045.2174,238649.7009,253415.9288
Warrick County,IN,18,173,,,,,,,146901.5146,147835.875,149654.2545,148292.6689,143409.1143,142411.7299,147467.7131,146453.7936,149770.3928,154089.8601,160125.4487,166394.427,171591.3537,178575.851,188448.9491,208104.2424,235672.2391,248603.0244,263591.9543
Belknap County,NH,33,1,115099.2922,126974.8092,142288.4198,162645.385,192133.92,213816.4422,235848.3695,239084.7553,233293.9033,223273.9756,209995.1233,207686.1486,202994.9393,203233.0027,209205.9408,213069.8742,223250.2168,230119.3864,245847.5144,261262.0542,278403.3352,323892.5658,390539.3814,436248.4871,471628.96
Effingham County,GA,13,103,143209.2979,152109.6482,158336.9704,165197.2008,171732.4745,,192978.16,207933.076,200991.4964,197707.1626,170784.2338,154088.9428,145723.5148,146908.294,157122.3714,162107.3887,170041.6069,173716.0191,176939.6705,188738.0868,202592.8568,216592.4305,256552.9219,286794.0566,313299.4965
Darlington County,SC,45,31,,,,,,,,,,,,103249.1727,97497.71936,96351.51159,102858.3458,102596.8997,101240.4054,103315.4241,100372.5216,105912.7171,110158.1651,118363.9233,137104.0908,141444.7272,145780.731
San Benito County,CA,6,69,,,,350283.4834,388724.7528,485090.949,580318.17,580290.0265,499295.92,389894.3312,340406.0965,322013.4719,300203.1413,327288.7102,410518.0658,454334.7421,514222.1641,548919.7182,581543.6991,600300.63,611681.3651,677832.6545,803115.7119,776951.967,765879.8865
Lincoln County,SD,46,83,,,,,,,,,,,,,,,,,,239674.8897,252228.0434,263620.5428,276447.5943,288460.8773,335846.9908,359148.7797,368926.9871
Pope County,AR,5,115,88511.65906,91874.66779,95385.16791,98442.535,102136.2954,108465.8414,115183.1844,120815.881,127348.8495,126852.8959,123321.6746,121250.253,120555.1826,120350.1312,118876.69,121088.4199,129843.7006,134134.6256,138707.6512,142767.8017,149348.9488,159705.5536,176285.4007,184007.7504,189450.1174
Georgetown County,SC,45,43,,,,,,,,,,,,,,188076.7516,196248.665,204402.50,214875.9789,226702.2714,238152.6184,249574.7704,260394.0438,285785.4811,340459.3516,379218.963,401231.3024
Athens County,OH,39,9,,,,,,,,,,,99617.90,98659.45551,97318.12074,96009.84662,101047.4401,104758.6646,110533.0282,112468.9607,115976.8221,125309.4762,129579.5474,146340.4031,154855.3219,162738.4355,162657.2609
Lee County,NC,37,105,96214.93475,101589.6881,105058.9266,107648.793,110560.8752,,123681.0017,128083.2357,130792.7462,129170.7974,122672.3889,117796.1267,114787.6475,113583.2423,117709.4725,118240.8142,122957.9929,129010.12,138809.747,151035.646,162217.4473,185179.5765,215460.7441,256473.4169,272931.4515
Garfield County,OK,40,47,69618.14,72800.65,75508.70,77765.19431,76786.58,82705.78,82669.95,88615.98846,93799.70252,87289.51406,85331.02883,80876.17339,80202.43547,82902.82389,87047.1115,91501.19878,98829.08036,102540.3622,105678.0431,103493.8796,103677.09,110648.1027,117665.7955,119532.0972,127556.2253
Hall County,NE,31,79,,,,,,,,114926.6592,116423.3192,117566.2692,116070.865,116910.2635,118172.9706,122474.5345,128999.0718,134680.0533,142336.759,147574.0267,153963.5294,160377.4265,171513.5885,183505.6652,211936.201,227640.4638,233536.3006
Knox County,OH,39,83,,,,,,,,,,,94657.06924,93221.90173,92217.06178,93318.27604,99262.82797,109379.2572,136353.2903,149168.747,157098.2068,168483.9648,174803.2407,199870.589,223742.32,241492.6332,257070.0628
Livingston County,NY,36,51,91637.46214,97052.29384,103913.8366,112932.6389,121663.355,128069.5534,132282.9918,137389.9515,140933.3121,132147.4934,124746.9861,122304.2423,119340.3704,120449.1775,122514.3691,124648.1403,130828.5668,136666.2831,138639.4979,141664.8047,149965.7256,167139.0409,182926.9146,201566.266,216823.2408
Walla Walla County,WA,53,71,127594.4104,131543.0021,136977.7285,141833.9035,149627.4925,170072.4589,187044.80,205857.0954,229222.3675,212108.7708,194189.3162,186134.4304,179101.2653,183049.0687,189586.598,194217.4102,206899.7009,220620.9346,245451.2435,266971.5332,285741.8558,318259.9879,378497.9631,401411.6632,406227.1713
Stanly County,NC,37,167,,,,,,,,,,,,,,,,,,138618.8164,147695.9952,159465.9145,167785.1653,196810.1209,229437.4681,262707.9387,274396.8607
Laurel County,KY,21,125,58618.95317,60754.90227,63110.69154,65034.56027,67460.82134,70595.04454,73581.85017,75280.16024,76923.97111,84446.73878,80865.21699,90471.87951,84679.00473,92632.23717,92108.39177,93264.64932,101498.5075,102395.6888,107902.3963,114017.7995,116966.5485,130143.17,140723.5479,158977.8798,161833.9482
Reno County,KS,20,155,,,,,,,,,,,,74450.74519,74992.7409,73374.88,75599.35731,82305.27855,91564.68689,92200.45093,92393.52869,95665.04664,97160.59651,105755.2399,118040.1734,129426.0698,134746.0757
Barry County,MI,26,15,121750.6648,129321.5007,136623.5208,140741.7922,146160.8,148284.4099,151872.8676,147693.656,140281.7151,130435.0978,119216.3043,115564.8635,114169.7438,119059.532,128969.3108,138745.4129,146719.803,156032.1219,170019.9323,178610.1643,190738.6872,214367.4149,237876.7055,249930.2463,261398.9743
Union County,OH,39,159,160991.7921,170335.9639,176578.739,179698.2319,185578.4727,192492.4323,198151.3938,204578.7928,202603.14,204428.2995,198160.7015,198549.3846,190693.2248,191501.8042,196743.4645,202475.5843,218131.6579,226431.8889,242203.3246,255108.8462,271552.29,302054.66,330013.7878,357423.1184,375868.0743
Haywood County,NC,37,87,,,,,,,,,,174190.297,164355.7294,158886.1751,152640.4416,152003.404,155806.717,160031.8771,169599.0007,180846.4928,195722.1751,205326.8108,221566.6675,248641.2788,297275.0764,317829.887,337224.5525
Columbia County,NY,36,21,105102.4054,112879.4484,122826.1735,136787.3773,151944.0499,174780.8452,202722.0391,212330.5007,226589.8176,216053.3521,206796.8261,208402.7947,207075.572,210151.2036,215983.5174,221731.1786,229671.177,233901.2918,243701.7746,253830.7364,263142.0961,309944.2728,369774.4543,408012.0416,426282.2263
Washington County,NY,36,115,71827.86992,77503.44801,84211.76177,92636.13,101882.0807,102297.8594,117225.0277,131007.4175,144980.9579,140961.4709,135531.7902,137203.4784,136551.612,135798.4586,138296.4878,140024.3789,147257.4565,149297.756,153737.1784,160471.1434,167668.5974,183968.6397,201750.8001,216507.7874,231174.4456
Garfield County,CO,8,45,130038.9277,142981.867,152298.1226,161051.4284,163071.5704,171269.979,190516.6013,219726.1657,254091.0553,263789.4021,257350.1657,251464.5654,247749.6944,259568.9053,297013.6251,324992.261,362338.9138,383152.6503,408192.771,432111.2059,444989.9484,496215.476,597541.2503,651946.5297,691226.9418
Eddy County,NM,35,15,,,,,,,,,,,,,,,,,,191187.096,172216.3843,184893.7537,204105.6741,226923.0777,227685.838,213640.1769,208994.0672
Tipton County,TN,47,167,94157.1232,95814.21755,98777.32857,101676.2,102704.5381,104264.4243,111588.9991,118185.1914,117157.9045,120710.9426,119045.2054,119094.9473,115779.0031,122701.8833,126682.2209,129410.9168,136591.8031,143453.4628,149734.3824,160355.8165,177003.4529,193730.3282,226296.6147,243322.0004,257841.4618
Crawford County,AR,5,33,92438.27,96392.34,99420.22466,103501.1004,108051.6845,114914.175,122909.3982,128513.5219,124858.9079,123817.7554,121639.213,121227.9682,121253.8828,121106.9057,117557.1856,119858.3714,122851.9166,127080.5222,128810.0594,133496.6212,143237.6587,152705.7758,179475.7118,186714.4804,193735.0952
Granville County,NC,37,77,107622.3282,114774.1722,119858.5821,122912.8037,126107.0035,,140237.3811,148729.8248,151751.416,147412.2034,138767.0857,132997.7642,128437.896,130789.008,136316.9846,139972.2038,148747.5468,154575.9916,164597.9899,173872.0919,189184.9086,217183.7674,256245.0808,282865.6789,300340.3204
Pittsylvania County,VA,51,143,,,,,,,,,,,102647.5627,103163.7669,104499.0508,105206.6362,104429.5272,101673.5749,104530.7683,110372.6311,110743.3642,111998.88,118775.1019,131576.1768,147245.0557,162582.4195,170363.93
Saint Joseph County,MI,26,149,100026.6189,104456.4153,108545.1938,110733.7062,105008.0044,112945.0946,117564.9956,119487.12,118355.7634,110515.4431,101341.8855,99620.32447,98535.96054,100420.7527,105379.3983,107379.7218,116267.1062,121189.0997,131066.3142,139399.8462,149166.4183,166299.3511,184082.2904,189212.1299,198501.1951
Herkimer County,NY,36,43,59114.84673,63472.57674,68810.24698,75399.51013,82441.22235,93393.12,102389.283,105562.277,111513.3886,107186.4919,101995.6657,101247.293,99424.37697,98307.94166,100500.5207,98975.75938,102943.85,105209.1298,109863.6927,116672.8096,123567.186,137313.2709,147978.3278,166077.1045,175663.4875
Rutland County,VT,50,21,99867.55622,105250.815,112846.7682,120771.3099,134013.1309,143960.0558,164585.3793,178487.8754,187504.7283,189266.393,184926.5083,184384.1497,182050.2995,183263.8615,183437.181,180686.0956,185890.0129,187177.562,199228.3024,203234.8926,206234.9876,225494.0891,266122.8704,288727.4538,303842.2757
Cumberland County,TN,47,35,98553.35584,104193.9673,105849.8582,107375.057,113984.7741,119414.538,134483.8108,151523.4081,159227.4236,140956.5355,140987.4857,138280.6699,130449.1514,123401.5369,122083.5277,127572.9701,138018.2871,145270.4459,149806.90,161322.5964,176703.3596,198064.2543,250171.5269,269568.7909,292313.107
Hood County,TX,48,221,127530.0358,134807.9658,141414.9267,147516.2047,149810.44,155327.9592,165886.7824,176639.9564,184315.6836,176047.0937,174333.5912,172697.4734,172162.2996,174429.2269,178498.0802,184292.2085,192126.0848,209691.5894,228570.1522,248860.54,260688.4145,288079.0314,353824.8037,373876.869,366606.244
Bradford County,PA,42,15,,,,,,,,,,129033.0313,125973.0091,116510.2931,124247.0782,140947.3571,145253.4468,146587.8749,143928.4269,137709.3596,137863.1445,140084.5272,145225.4465,158362.0359,165225.7117,178212.786,187716.0946
Pender County,NC,37,141,,,,,,,,,,232221.4048,219790.061,208294.46,203266.6615,208134.8343,213549.8896,222247.1136,235550.7633,244383.2159,255783.9192,264796.3069,282140.3728,313333.4541,372775.7055,414809.9451,431795.0505
Washington County,OH,39,167,94027.88121,99226.46719,103685.2409,106615.3818,110447.2243,114893.7917,118621.1678,118875.5785,117691.1638,115124.524,110743.1035,109093.8901,107087.0884,109068.622,113281.981,119216.4396,127857.869,131432.2186,135851.0961,139604.4592,146090.288,160517.4638,174493.999,179477.7239,180402.9291
Mercer County,WV,54,55,57062.3372,60335.89478,62561.11545,64314.44285,67114.82138,71843.75379,77845.66173,79022.83,79462.52452,73270.39394,74842.39,72682.08025,74046.5234,75793.79,74432.82163,72475.52,79352.0947,77061.79,77417.81397,80311.17876,80893.48,93135.82895,104549.2832,120890.7567,128287.7621
Otter Tail County,MN,27,111,,,,,,,,,,,,,157581.2295,164091.1512,169748.1641,175713.2061,187660.7645,198381.0254,206944.0268,217918.6824,232302.765,258668.6489,292724.1879,307016.7405,320482.9255
Washington County,VT,50,23,115607.7446,122244.7165,132406.5841,142246.3633,158382.5513,175216.3198,191167.6877,211538.8506,224570.0265,222674.3015,216396.4727,216967.4525,216015.3172,220436.4799,226543.891,232097.5096,238588.4389,244936.6727,254407.8743,261334.8171,273327.7691,299348.568,339431.5221,370793.0435,389484.5911
Sampson County,NC,37,163,56699.96338,61161.56,63797.63718,65601.58,66912.86969,71009.0843,76295.30868,81111.9293,83069.2235,82772.74227,77291.61,75662.74569,74307.09,79525.08989,80551.85875,81666.99415,86223.88727,88303.38325,92935.03549,96813.0763,102080.8656,117400.515,125069.5274,142444.2128,143308.8385
Sandusky County,OH,39,143,95549.56593,100655.0744,105025.4269,108664.7963,111847.334,115239.7904,117093.259,116204.6242,114029.6458,110503.6191,105888.5176,102763.0518,99438.82995,98228.6747,96222.0157,99987.97643,103015.7114,105634.8782,109413.9904,117074.351,118302.8317,133902.7545,145698.8173,155630.0102,168791.254
Otsego County,NY,36,77,53429.10407,57717.57836,62867.02826,69429.1152,76578.76615,87464.36819,104052.8209,122096.4458,133571.0853,129862.1144,124234.5621,125226.8369,124488.9427,125308.1673,124371.8133,124547.91,128970.4855,132742.1506,136504.695,139814.50,147425.0013,162163.577,172521.3687,188411.6186,198817.7746
Lawrence County,OH,39,87,,,,,,,,,,,94761.10459,94086.28324,97906.97246,100330.8165,103305.2332,102700.0925,106375.9239,104496.7338,104167.5121,107744.2209,112811.9081,126082.8262,129979.6667,138844.6306,140114.5892
Pike County,KY,21,195,34621.10708,37747.66117,39617.49443,42126.86902,43800.27637,45966.2538,48335.53384,49651.81949,50757.02083,51018.30826,53387.11398,58364.40744,61352.09821,56986.44542,58150.27848,58681.27,57237.21691,55850.69797,57559.49349,58876.76356,61488.40619,71605.09541,76644.0574,80897.30988,75332.79831
Lowndes County,MS,28,87,,,,,,,,,,,,,113778.7008,105218.4813,105775.1329,115600.1161,131413.6684,127409.7136,127220.7861,137708.3016,140426.9107,143956.1721,170574.8655,159147.5536,164928.4866
Blount County,AL,1,9,,,93932.95891,96530.31185,100318.5304,105632.211,114698.3034,120942.9773,124785.4178,122419.6433,116675.957,112333.4646,109941.2002,125516.8468,132371.1917,137624.0074,143988.1728,147167.2072,155246.4018,160127.5916,171976.9616,186853.99,212049.4571,224852.7529,221663.2813
Van Zandt County,TX,48,467,,,,,,,,,,126296.5464,122063.4541,118545.9826,122043.2603,124514.229,131556.5485,136863.939,146193.3391,152710.1387,166210.2025,176912.4961,195019.2842,216540.4982,266320.9152,263375.9488,265838.3246
Kenai Peninsula Borough,AK,2,122,,,,,,,197613.9601,198309.1866,206080.7869,208004.332,206001.5304,207887.7758,206877.1257,213630.0636,215541.6499,223201.0788,236195.5123,242696.9564,244489.7714,251525.0596,272147.0226,288002.8006,326156.8302,333067.2613,322290.6769
Russell County,AL,1,113,,,,,,,,,,,,,116580.3109,111816.9962,104067.818,104200.1852,107093.4959,112595.0612,113283.9006,122008.6651,131512.3223,145913.1547,160909.9293,167145.5461,171412.87
Lincoln County,MO,29,113,,,,,,,,,,140346.6374,134553.1778,132771.5787,131156.3789,131181.1565,140063.9358,146166.4556,152122.6731,164734.5163,176654.7116,187664.4589,197183.1194,218517.6466,245195.7799,262805.187,274959.5806
Newton County,MO,29,145,,,,,,,,,,,,,75699.8979,84777.36123,90568.31,98918.22356,102087.3632,115271.8731,118111.9519,125799.8661,141244.5185,155959.3591,178771.1614,200934.1431,210540.2085
Huron County,OH,39,77,76058.57458,79647.76389,82930.80112,85484.35544,85857.57072,88517.35668,91599.06148,93421.42618,87482.37272,86522.88491,83222.42486,81186.36,78889.29,82009.68249,91817.62761,96634.51167,105312.739,112224.1046,117210.7585,119706.387,124989.4904,138961.8456,150377.4361,158007.0838,165881.0291
Pickaway County,OH,39,129,123095.1816,129747.6033,134537.5169,138055.1963,142324.5089,147770.3193,151021.4716,150358.4403,148521.0247,145100.4825,139323.2642,136644.6561,134172.0642,137173.2175,141104.5009,147517.2687,155729.1406,166603.7866,178047.3687,188530.2062,201357.025,231159.5621,255845.9073,279426.8986,296694.12
Genesee County,NY,36,37,79138.38332,83552.69295,89730.42518,97393.94312,105047.5312,117605.3848,128287.4792,130423.6371,129513.4022,118844.9594,111012.0015,109234.0463,105928.9248,107426.5613,108334.7473,110085.7653,115161.229,120166.1534,124924.3115,129706.0717,137595.0065,157358.8468,172545.2318,187002.6588,197898.4155
Pike County,PA,42,103,,,,,,,,,,148517.9186,142456.6881,142689.5453,133154.22,139800.5737,138246.755,138810.2242,143761.6258,147774.0638,153890.0248,163343.1871,172913.3524,203755.106,250412.2654,271034.6757,280717.0263
Autauga County,AL,1,1,120165.7431,124378.4793,126724.4563,130082.0724,133494.6704,141062.5259,152190.0112,161712.5904,163891.1624,161998.5947,154565.1529,149697.6688,147278.1161,151716.32,153473.7846,156798.8554,161741.0397,164379.9498,169576.8039,171645.5033,180461.9273,194588.9892,214713.5175,230148.9938,238102.4328
Columbia County,WI,55,21,,118465.0345,126914.6216,132855.2547,142857.1922,157622.799,164137.0223,169750.961,171119.3218,167423.3473,158545.8804,156668.2015,152816.9384,157806.6806,164053.5718,173125.6246,182387.6847,194323.2963,207711.7372,219196.5725,233363.1151,257897.3236,281448.746,298469.8339,317435.7738
Acadia Parish,LA,22,1,,,,,,,,,,,,,,,,132202.78,139164.6532,129889.8952,128509.5491,131624.8757,140296.8417,148762.8629,152316.6787,153417.3288,142251.7053
Anderson County,TX,48,1,,,,,,,,,,,112155.72,111249.003,110807.4133,107658.1097,105813.3999,105515.7943,114323.2137,116690.7044,120058.2675,125238.9707,133028.6297,147609.8546,174445.6607,190673.0821,199520.0551
Lyon County,NV,32,19,,,,,,,,,198491.6905,152461.1816,125846.33,111978.4706,101464.2693,113076.6226,147025.1952,161217.6272,186231.4399,211579.7342,244529.8422,273802.9185,289103.2083,321476.8559,396580.5961,393172.0776,388440.5034
Carson City,NV,32,510,142176.3701,149929.0521,159477.2557,171704.7248,196011.2348,268456.8934,315744.6824,316920.3307,277790.0667,213758.9816,178027.7677,159716.4641,145956.8666,156027.7155,183969.1962,199626.7097,233582.63,262877.5392,291020.6036,319908.8543,339801.2421,377539.5226,450864.7433,450043.8895,465915.8668
Oxford County,ME,23,17,116104.0229,120121.6725,130411.1928,145148.0844,166442.4943,198033.76,207800.5798,198896.6076,164416.3477,156764,145765.3059,142035.0599,138704.4482,139971.3178,145523.9013,142061.7028,149593.6966,150319.7751,160598.5214,171007.9998,180175.1802,218943.7788,261692.3376,282392.1367,303677.6099
Vermilion Parish,LA,22,113,,,,,,,,,,,,,,,,,,150806.4179,153865.2964,151516.766,155799.1562,160365.2092,161252.8404,164704.4829,161595.21
Maverick County,TX,48,323,,,,,,,,,,,124533.7227,124220.9827,124089.8815,128350.7663,140907.9681,152670.3061,158457.2456,155781.9152,157318.806,151911.835,149784.2207,160051.0217,178272.8949,180728.6165,195188.638
Jefferson County,WV,54,37,139110.4828,144914.8978,152859.94,160415.8084,170389.487,185923.0181,212179.097,223879.6112,230108.0592,222849.5443,210915.3095,200523.5542,191789.2676,199707.419,212868.5603,213395.0526,218805.7759,225625.9374,241293.9711,251586.1905,257191.4856,290936.6846,328984.99,349083.8092,367476.1253
Windsor County,VT,50,27,121661.4766,127745.2263,137300.9193,148435.7512,164276.0989,192059.7305,205394.5114,230853.4118,230914.55,226547.083,222027.263,225136.402,222814.176,233113.7288,236439.6564,239226.01,246744.7375,248215.2725,258605.7491,265242.05,279035.5119,314351.2957,367190.4064,398423.871,413139.6977
Putnam County,WV,54,79,,,,,,,,,147772.0597,145957.4776,146114.2706,148435.1065,145514.2039,154563.3114,154186.829,155057.5406,159750.3847,160294.5387,162962.3884,167398.6286,172060.264,185798.2566,204032.13,214314.5694,224832.6506
Coffee County,TN,47,31,88150.89259,91140.06798,94334.91994,95319.34273,97593.88198,103068.3963,106259.67,115368.8342,120908.8431,118905.7764,113775.0218,111284.3032,111754.7142,110353.5985,113095.2202,115821.7263,128716.0647,139067.8705,149222.5482,158145.5873,175752.0605,196190.3483,246185.8903,266401.15,280304.9282
Gordon County,GA,13,129,,,,,,,,,,108264.0259,100511.1194,96575.36766,90378.08,93548.35183,103391.9167,109489.6859,116864.7341,124599.9881,134713.2346,147223.6585,158797.6695,179434.7297,215876.5912,237511.9957,257319.4295
Box Elder County,UT,49,3,,,,,,,,,,,169394.2822,162987.6529,159131.4891,165753.7869,170945.5549,176305.1201,190086.2079,209591.752,230566.1619,256822.6729,281042.4597,328706.2454,407238.9951,417966.5175,427479.6971
Hawkins County,TN,47,73,74696.02042,76458.28993,79072.23,80104.60535,81093.79533,87315.61255,96489.56036,103461.7686,102969.646,102883.0067,99145.39639,98251.49713,97787.08,97309.99814,99551.86,102376.0228,111045.3908,117075.2157,122801.8308,127689.7264,142735.72,153494.8129,181697.1093,198688.4165,219348.7806
Chisago County,MN,27,25,118107.137,129490.2598,143426.2786,156548.57,169744.7102,183375.1489,200444.7969,202913.1695,187574.4248,170701.2907,160564.8307,157590.2937,140138.8468,162770.3759,179836.5472,188144.2995,206337.7288,224480.3112,244103.2224,259640.0292,270672.3793,304121.9429,346901.2197,358629.6366,362190.2469
Carter County,TN,47,19,65102.40461,69046.00891,71221.23151,73280.89345,75960.53448,80441.62276,86875.31,93201.05521,98189.30573,98770.7066,95485.74821,94234.8563,93944.89026,95952.26307,99847.08,105135.2545,109690.7623,115057.2019,121774.2673,126027.645,139533.0867,151791.4517,181081.2761,194113.9895,216373.8557
Scott County,KY,21,209,,,,,,,,,172750.9657,171203.7948,167400.4516,162156.2287,156329.6074,151983.5028,155816.7766,159823.8659,166477.82,175632.1158,187204.1807,195670.3245,203397.8759,225144.9546,253252.10,277569.0365,292496.3851
Marion County,WV,54,49,,,,,,89128.75138,98701.08665,101314.6521,105185.1599,107769.3946,105132.752,104112.9496,103631.4581,113537.9375,101344.6407,105396.7802,112722.1067,112379.2968,116180.7917,123013.4136,126965.3588,141325.7657,150271.7113,158610.4831,159913.31
Cherokee County,SC,45,21,,,,,,,,,,91829.90232,87040.87301,82400.57881,79003.49411,86899.43696,103423.8318,108695.5494,115217.09,121058.3259,118917.9663,126766.9342,139221.9996,151846.4014,170764.0877,174230.6776,164962.457
Hardin County,TX,48,199,,,,,,,,,,,147525.5513,146047.864,145897.6985,145577.4741,148438.2912,154828.4549,159049.2616,164153.1586,168679.0684,178992.8737,196954.4594,201853.0897,221170.7909,222100.8525,219991.1054
Colbert County,AL,1,33,,,,,,,,,,,,,,,,,114371.5376,118908.3547,119523.775,121210.1584,123976.6827,138662.9443,163404.0041,169071.6916,179829.9596
Pearl River County,MS,28,109,,,,,,,,,,,,,104019.8299,113125.3121,128109.9052,131044.8373,152354.9758,149390.5068,156608.8263,160210.641,164386.6277,172984.8572,191073.0672,199235.8113,212636.917
Whiteside County,IL,17,195,,,,,,,,,,102693.799,97399.03334,96345.96405,94559.29355,95400.15229,92435.88202,94427.48843,96482.7249,95828.96774,95645.33642,85242.61,99122.99085,107039.0393,110739.0631,119575.6995,123253.9878
Taney County,MO,29,213,,,,,,,,,,,126069.2995,118350.1268,116314.4993,119391.27,127245.855,131028.1453,137290.7548,143783.6568,150930.3987,162339.5368,173937.9982,194715.1088,237534.3813,264272.8925,271296.6875
Iron County,UT,49,21,,,,,,,,,,188519.6535,171458.0505,164411.9136,153078.8957,156907.0826,161069.26,175060.7278,192426.3778,213564.5522,237948.95,258702.8301,274980.2301,310262.6084,403409.349,420032.7762,420995.4707
Lafayette County,MS,28,71,,,,,,,,,,,185317.4323,181129.3211,179443.8012,181193.5957,187200.2985,196072.2947,212223.0574,225906.1528,229966.9211,235894.94,235879.4855,246270.2507,277828.0916,290681.5375,331015.476
Eagle County,CO,8,37,375825.1459,397289.6308,408644.13,417093.2434,433413.4858,465833.20,555668.10,643008.6134,695948.4861,632054.409,593468.6654,548798.065,484693.4337,525149.6454,573943.7385,616647.6705,670271.48,705487.1973,740733.0827,789574.4654,809139.9772,922541.37,1194300.785,1352402.973,1441574.096
La Plata County,CO,8,67,,,,,,,,,,341856.5561,328972.2578,320210.9781,314128.9883,325049.8109,345478.0489,366642.56,385519.372,402314.4952,422195.9403,435658.3481,446323.1004,482197.3266,585694.0116,648204.7241,680789.3848
Campbell County,VA,51,31,,,,,,,,,,,143509.1917,140470.4985,137448.1371,139789.2877,140169.9629,141551.599,147361.6882,149852.2293,151834.1495,160819.569,169744.1803,190326.9034,207658.5844,230423.9035,248614.5948
Waller County,TX,48,473,,,,,,,,,172636.0784,170104.6998,167034.1391,165323.3941,164434.8386,167453.1089,181450.5427,207426.8914,227793.8576,234023.8683,242335.1863,254339.8393,266855.7641,286802.908,341149.5725,361796.8846,357824.6636
Hancock County,ME,23,9,,,,,,,,,,,232198.06,212252.5791,215197.9525,210908.3348,214583.9105,217115.1992,234167.0481,233168.2747,245026.4869,257877.9166,267850.5441,310032.2447,366470.7483,392589.5045,414493.4648
Lenoir County,NC,37,107,,,,,,,,74466.37,76074.00,74526.02577,70454.36309,69828.93585,68097.93806,66484.24975,68235.27014,68635.08,70341.57761,70915.23888,74932.86,78090.27138,81702.20,93005.92,108475.7723,131716.0763,134525.1299
Tuolumne County,CA,6,109,,,,,,,,,,,,,,,,,,286471.3078,300489.03,312861.2766,315935.8011,335250.4117,398546.347,403746.8368,393945.9899
Seneca County,OH,39,147,74624.86782,78701.84796,81855.12,84185.90683,87024.98174,90781.6722,92939.59087,93156.45062,92076.57,90070.00,86623.54,85427.46157,83854.42,85014.46,86867.89661,88893.91386,97151.05812,98804.58492,104158.4307,108232.0123,111054.6386,128114.542,141104.1292,146807.7935,154818.2955
Franklin County,VA,51,67,,,,,,,,,,185399.508,177224.9569,178064.6731,179091.6934,184184.5676,185122.20,189258.4117,193596.8083,200248.8446,207258.6104,214151.8981,227334.4075,257268.8707,285254.5332,310691.2258,328817.4463
Grady County,OK,40,51,84582.37556,88048.58072,91156.88746,93417.38,97007.50,100987.467,105324.4462,109862.7383,117009.8885,116202.2773,112007.1016,110629.7293,109539.2469,113477.2482,118520.988,123983.5207,124642.7894,127059.6182,134412.6369,140613.5693,149336.4453,168423.291,189110.8671,207697.0433,214473.7518
Saline County,KS,20,169,,,,,,,,,,,,,,,103548.0937,107706.072,109812.4985,110869.8345,116459.2915,118762.9704,125445.8122,135075.0524,150323.8232,161951.3279,167708.3013
Jefferson County,TN,47,89,88326.4307,93769.29263,97659.74059,94611.31,103847.8638,109033.6441,119536.4029,129148.0399,136316.0923,136569.611,131739.2949,131456.7893,129597.0136,132106.3469,133958.927,136069.9268,147955.153,156331.4553,163623.2112,174521.0239,195597.1369,214127.8675,262594.0529,281415.5862,305746.3589
Loudon County,TN,47,105,118936.1836,122960.9115,128275.5324,133794.94,140040.3706,146700.8061,166908.6204,177286.8036,181713.015,182903.3431,176458.5955,175381.2832,173413.1836,178985.1534,185048.9385,193477.3867,202255.8419,212829.1583,224346.9927,237070.8465,255592.855,283007.3673,345571.3382,376815.1312,409651.005
Camden County,GA,13,39,87457.33916,91433.81,95454.77327,98611.6397,102458.3961,108943.3165,135715.8525,155205.912,159277.0037,148689.0358,137038.5538,130625.3802,121358.3399,126431.6477,135598.8658,141430.7109,149818.6012,152169.1723,162827.7671,170659.3244,178414.9924,201022.59,235634.3471,265334.1112,285090.0961
Watauga County,NC,37,189,150466.8966,162433.7484,169840.1356,177511.1463,186318.2146,198912.9498,220239.741,248723.1123,268652.7949,267843.1816,254285.011,235955.6908,230854.1897,231768.7714,240104.4604,245190.5199,247467.2286,257025.0642,270640.7282,281499.2295,299851.5232,347127.3215,424099.8377,471438.199,500189.7242
Washington County,VA,51,191,,,,,,,,,,,140203.4471,137420.4239,135171.2715,136144.8199,136160.4416,137122.8669,137951.5979,140221.5575,143850.7479,150101.29,157051.864,171582.4617,194131.5625,216593.6691,244847.6409
Dickson County,TN,47,43,108076.1409,113131.6382,117613.4396,120305.9735,117070.8561,118298.3576,128227.5766,137221.3256,141075.5442,140655.2658,134545.2507,132607.6624,130336.6989,134706.3715,138086.9939,145319.7733,158885.0002,176725.6287,194555.4306,210622.9783,233104.2532,257331.9436,309808.3275,328766.9576,341701.0193
Johnson County,MO,29,101,,,,,,,,,,147959.0925,142656.5856,141001.8229,140022.3832,142030.0679,145644.6968,148202.551,155461.8921,162331.2767,171576.3442,177379.622,192086.1998,215967.9045,245600.2296,252692.0376,261092.6396
Jackson County,IL,17,77,,,,,,,,,,,139494.582,135225.2813,131966.1644,119118.3052,115483.322,97055.83941,92386.27308,87912.36931,86472.48373,56921.5853,81854.90724,89704.83141,102267.507,105481.9905,106249.371
Boone County,IL,17,7,,,,,123393.6234,135678.9063,140524.4962,147136.3135,146277.1523,137791.6154,126926.1842,121945.1152,116786.9782,117108.9346,122328.6533,125628.4943,136135.7938,147739.9174,157221.6591,164360.9249,175143.29,188507.4312,213107.08,228113.6211,242895.4584
Fulton County,NY,36,35,62503.72309,66200.82,71990.193,79613.33266,87115.69538,97696.23601,105310.2168,112371.1044,120177.0579,116601.1508,111775.80,112056.3306,111038.7117,111913.0775,110830.9097,109820.7717,115597.3922,122863.0319,126959.2613,130512.7402,137169.5312,156790.4268,174624.4942,188582.8466,195602.322
Pulaski County,MO,29,169,,,,,,,,,,,147038.7795,145166.0799,141009.41,139647.7004,143510.3392,137735.2836,130983.4967,127085.8574,134151.7118,137949.5976,138423.4695,150530.123,176307.8867,189520.9144,204837.68
Elko County,NV,32,7,,,,,,,,,,260562.8757,230457.0355,217221.8362,207051.1981,220071.2696,229178.4786,233216.7141,240139.5037,241644.1348,245413.0472,254674.5587,266204.1499,283371.972,317943.1952,329969.1014,341562.411
Roane County,TN,47,145,118584.9086,122576.1167,127999.7742,131605.5931,137112.6538,138778.666,122607.7488,120209.0289,124490.9476,125287.8031,121935.5348,122327.4905,121290.2062,123783.4232,128163.3394,132807.333,141094.3827,148703.9696,153935.3327,162205.1052,184051.1003,198750.9782,235722.2455,253255.1188,273103.8847
Tuscola County,MI,26,157,,,,,,,,,,93555.31718,84623.02904,80899.94474,79630.59547,86325.56955,95188.5625,86272.20323,94629.46822,103051.8021,103365.364,112716.5887,122773.3708,137730.6617,157755.2684,162920.0497,163044.1052
Gila County,AZ,4,7,86937.35446,91010.86563,96437.11622,101183.6662,107967.9452,128209.6213,171080.4797,211326.6524,221220.1363,189961.0968,163951.1251,149293.9814,144008.7635,154180.8527,165799.0827,176342.6724,189866.6394,196023.8112,206861.1682,222449.1545,242787.9122,274100.0741,343258.9922,360184.4918,371166.2851
McMinn County,TN,47,107,,,,,,,,,,,,,101462.1422,105081.7014,108234.8078,112054.9639,123075.6905,128050.1233,132595.7642,141417.5209,161417.63,173241.2221,204598.3109,219201.786,232355.0089
Coffee County,AL,1,31,,,,,,,,,,,,,,131871.3573,135728.9848,130390.2014,133327.1144,131311.7401,136623.544,138224.9015,144570.0158,155109.114,173055.3196,183004.7226,192622.87
Jessamine County,KY,21,113,111085.9548,116165.4161,120851.3714,124923.9231,130053.911,136651.74,141738.402,146899.7984,149176.09,147907.9491,144334.83,142896.311,137801.4318,139946.5353,143647.0489,147365.7542,155051.7739,163269.3682,172069.0658,182770.2802,192000.9828,213515.3031,241454.6666,262317.4499,282311.373
Ashland County,OH,39,5,,,,,,,,,,,112007.2373,109607.2717,106039.4537,107841.7541,107947.0221,112871.7179,120434.9058,128585.0892,132843.5875,141808.5919,148015.3446,171235.1518,188986.7365,205636.1894,216955.5645
Jackson County,AL,1,71,,,,,,,,,,,100242.9532,91016.78566,86933.36419,93819.40579,100607.2611,101377.208,110865.7635,115332.0623,119896.8647,118541.9102,124821.53,142801.0583,161158.4582,173798.4456,180646.0038
Rusk County,TX,48,401,,,,,,,,,,,118068.7388,118176.9913,117754.8516,117253.7632,122904.3517,126839.7716,136882.3441,139479.2613,136951.9224,141534.7188,153835.7205,161472.8624,180077.7117,196183.676,193892.75
Kerr County,TX,48,265,,,,,,,165130.3974,175564.6422,182767.397,181866.98,178308.7377,175054.5107,174136.1814,175275.2591,179900.0844,188212.1341,202159.0324,219508.9531,234008.5318,250784.7147,265274.3839,290825.0655,353627.9449,373746.6908,371634.7275
Washington County,OK,40,147,68561.64543,71636.26059,74160.82426,77499.89945,81221.46316,85171.12557,89694.3477,95041.46314,98561.76591,100140.13,96888.0869,95141.12668,93371.99688,100812.3645,100568.7132,104839.84,106738.2514,107241.1123,112085.2348,112550.7813,119228.1899,128848.9473,151939.1329,162894.1296,166026.2629
Columbia County,OR,41,9,141812.0638,147029.1356,154034.0871,158378.1198,165446.8591,183153.1786,188312.1936,215771.9439,223877.7655,207418.9338,186845.59,174630.5451,166536.747,175292.2865,194468.249,211200.8178,237180.6805,270206.959,296126.9411,313724.2979,331905.5639,372602.3041,430400.401,437949.1116,441341.152
Grundy County,IL,17,63,,,,,,,,195504.6756,192984.1826,180080.3341,164844.0322,161464.4811,152952.5605,157297.5963,170555.3424,175821.6638,189419.3278,198581.5312,207774.3878,217468.5047,227071.4934,238454.4023,257955.7651,271681.9163,288599.9427
Saint Charles Parish,LA,22,89,121504.1877,125947.2425,132353.0061,138422.0044,145375.2032,154311.5814,171748.8341,188354.2773,193108.6568,187976.2832,182964.0794,180769.3392,180582.5884,187100.4034,188750.6326,198802.5211,203239.999,204333.5054,207574.7947,209473.8159,228690.8343,242933.024,260205.2257,252222.4858,244726.8467
Worcester County,MD,24,47,126912.468,139377.3665,158535.8147,182910.4344,223623.1286,258002.4676,304477.1963,312474.7875,289455.1985,264029.7805,240889.6204,223115.4187,221244.7661,233218.7348,239661.4179,245659.2383,250920.13,253727.3172,264791.4856,275958.2922,288428.6065,320375.7404,382333.9428,410972.484,440671.6859
Saint Martin Parish,LA,22,99,,,,,,,,,,,111324.7426,112994.4619,114118.5524,126762.4275,125707.6612,135400.8385,137774.784,132944.2632,142038.5344,137258.3056,146559.4632,153268.1967,163288.1886,160136.5238,155737.6752
Grant County,WI,55,43,,,,,,,,,,,113866.4919,111189.0084,110367.2874,112829.7105,120339.0728,122987.6727,127266.6136,130696.1046,137032.2626,143661.2757,152521.3814,164289.9238,183244.9494,196362.7684,200804.7346
Hoke County,NC,37,93,,,,,,,,,,165006.8724,157960.6576,150741.2175,147364.9754,147112.8023,146145.5399,146417.403,149370.934,149991.4767,154509.1984,157959.8087,164837.8578,179885.0302,204760.2342,233886.2902,255265.3058
Calumet County,WI,55,15,,,,,,,,,,166422.1645,159113.4277,156256.4459,152143.8466,166661.824,169210.6271,173388.5138,188585.6009,196579.5361,217022.805,221424.1988,230763.4981,253026.5074,273748.7192,302411.7438,326431.1629
Harrisonburg City,VA,51,660,,,,,,,,,,,,182725.7497,180804.5972,181603.8799,187175.0285,191219.6574,195946.0458,202875.479,211289.0171,218407.6134,231498.0049,252762.394,274585.9627,286024.8214,294399.16
Culpeper County,VA,51,47,,,145481.5388,157737.9679,176201.464,211568.8227,251590.1635,240730.3739,236281.7833,221575.5641,209577.1376,203795.1021,197887.0411,212925.9835,235223.2101,245878.1274,260923.3305,271920.3598,284499.0655,297425.2486,308394.93,345131.1772,392452.7192,411741.4524,435554.8611
Navarro County,TX,48,349,,,,,,,,,,,96116.76335,94268.96,92242.53584,90438.88,93530.57307,96680.66005,102690.6832,111688.9134,118866.8026,130162.3512,138920.3148,153646.2985,184659.7924,203026.073,204061.582
Warren County,IA,19,181,,,,,,,,,,157501.4685,154132.7918,151801.6021,149616.4225,159845.6847,167849.505,175120.5139,191587.5223,198481.6819,208841.7986,222005.943,234197.5914,252707.0846,278930.6626,302271.8564,306669.6295
Darke County,OH,39,37,101180.1575,105911.1879,109624.6544,112453.9642,115798.5864,119844.047,119277.4348,122771.8571,124749.0815,121629.5345,116891.8489,113225.7551,108923.2408,120972.1754,136807.9144,141369.54,144576.6468,117583.8543,118498.8108,127883.1032,135578.8356,152546.496,171983.9675,183800.0827,193923.9663
Ogle County,IL,17,141,,,,,,,,,,151398.2842,140658.6498,137058.9042,133057.9095,130348.5251,133444.346,127967.4924,116171.041,113656.1142,140815.8241,147418.4603,151935.2824,164388.2817,183632.1257,193781.5189,200393.8886
Waupaca County,WI,55,135,,,,,,,,,,129496.1665,123513.415,119225.7022,116553.2358,122866.77,127268.47,133047.0163,135664.5396,141108.7975,147448.4806,156598.38,163938.5964,185167.7503,209595.207,220845.9686,235052.9717
Cass County,MI,26,27,,,,,,,,,167148.8986,156969.3441,143226.1447,134224.329,136669.0638,141931.4143,152020.217,151421.22,155797.403,163709.3385,165685.4495,176690.7815,191773.3704,216304.6662,238484.721,245621.3582,250544.4346
Columbus County,NC,37,47,69654.54034,73462.84898,76181.42266,76265.20977,78501.63474,82216.51,88708.08976,95454.91712,98366.94981,99426.93744,94784.85221,99243.3263,95882.86442,95185.57,97475.62577,96842.26672,102516.6438,109488.5258,116228.6479,115177.1047,119396.7884,137141.2074,162917.253,177768.6003,186602.9721
Oktibbeha County,MS,28,105,,,,,,,,,,,182900.3119,181732.2995,183322.4922,196927.3606,202171.815,183916.4994,183039.5178,187241.7283,192559.9837,198162.5129,202930.1584,212063.8364,235393.9829,241075.3915,253465.9308
Franklin County,KY,21,73,94833.294,98821.01,102389.9722,105855.4171,110420.1189,115885.9926,121208.4326,127795.0228,131475.2144,130701.5588,128516.3107,127639.1348,126719.6237,127196.8592,122031.1475,123931.1212,134171.4005,138200.7422,143752.9842,144713.7635,152342.4713,173559.84,192374.4511,205146.1771,217830.4834
Wayne County,PA,42,127,94469.01602,99615.84524,105601.6338,113570.5134,123738.585,140593.3247,159799.5364,170130.4076,173824.3748,174514.7881,167962.2195,162219.7409,158568.2887,162152.7451,160999.5267,156666.7454,160460.357,160135.8679,166412.596,172931.6149,176730.7035,202599.7473,261217.236,275171.0652,283365.3251
Henry County,VA,51,89,,,,,,,,,,,,,,,,84435.58265,87227.50037,86774.45297,85789.0246,84476.33197,87556.56085,92065.95326,109413.4945,120234.704,126243.7421
Madison County,ID,16,65,,,,,,,,,,,,,160134.0884,173535.0328,178504.3459,183712.2692,192416.214,206711.8443,221596.1642,242782.328,267644.2132,314290.0671,405029.2085,423446.012,410417.2825
Venango County,PA,42,121,48550.98762,51898.13747,55136.62749,59063.62022,63491.86223,70752.91584,77111.57725,79569.22398,80029.50102,78228.49,75596.43041,75631.56663,74721.61178,77908.59818,77758.4835,80863.18397,85178.20312,84378.50642,85190.42916,84522.7817,89384.14572,103836.4079,114483.5998,122399.111,120884.4821
Bristol County,RI,44,1,148221.845,162756.4954,185934.9186,217137.2074,255027.8474,292016.1528,320721.7253,337264.5615,325565.306,291819.8435,267996.1248,257806.4514,284058.5061,289734.0542,308019.6031,314384.3523,326311.6297,341718.0394,356774.6702,371687.15,381255.9785,426561.8969,483711.9441,527001.35,573738.6213
Cherokee County,TX,48,73,,,,,,,,,,,111772.2186,110117.256,108726.171,108566.4197,107899.2887,111624.1404,120517.0707,125885.4046,125134.568,131581.5556,145654.0629,168804.0345,199036.1882,214410.9461,221526.6839
Dearborn County,IN,18,29,,,,,,,,,,,,148976.359,147173.5293,148399.8948,151488.1629,154426.7897,160818.2209,169934.3967,177736.2985,189540.202,205351.5248,229010.7353,257017.0987,279539.4165,296062.9796
Medina County,TX,48,325,,,,,,,,,,,154531.6144,153243.9001,151262.4114,156878.8666,171958.5473,186456.6658,200425.2361,203051.7888,214085.5147,229063.78,244105.3164,268415.7355,310081.0472,316556.6096,307421.8792
Somerset County,ME,23,25,88868.16945,90167.19624,100239.6881,110147.4006,118188.751,129449.2094,115924.3492,117453.5011,118368.5386,117916.3893,110024.1691,103740.4617,103219.5511,108082.9194,110307.6955,106023.70,107419.522,108061.5077,115958.0099,121400.2143,128204.3018,151148.2784,179197.0547,203176.6902,222008.6749
Gibson County,TN,47,53,82326.81671,85992.74,89331.06608,90813.04153,88406.02499,90745.15,96803.38763,101761.3522,100112.0321,97842.09,92861.81298,91042.10,88556.53845,86565.90,86661.76267,90433.46262,94866.16118,98014.77451,98825.24148,104008.5641,115302.0519,121796.2497,152418.3419,157856.3108,164277.873
Knox County,IL,17,95,,,,,,,,,,77245.25957,72402.68843,72031.9195,71036.4779,76329.19971,77588.49663,78798.48,79185.13322,79648.47,81001.69039,80368.30075,88400.23465,93532.0679,95375.43983,92295.94692,96692.06915
Nye County,NV,32,23,,,,,,,,,,142027.4934,118450.0674,105063.9815,94943.39192,102735.5194,124168.568,138120.8277,149605.7948,155597.4869,172779.6148,205046.8943,232410.3222,253173.6208,325437.9733,336084.1422,328571.1674
Carroll County,NH,33,3,124019.4808,138511.187,155256.4422,174461.8603,196408.4711,224463.9921,262533.9871,262250.6579,245971.9493,233703.2609,220984.16,218816.1828,214986.7137,214262.9941,220902.1006,225778.763,236896.1048,239948.9816,255545.822,274693.4816,290020.53,343068.5024,415702.0411,464519.7319,485333.9081
Lamar County,TX,48,277,,,,,,,,,,,107017.4109,105766.19,105889.8925,103176.8261,106653.6945,113598.4826,114556.7512,122875.2592,128620.5116,136289.12,136475.4862,154600.9394,191208.1061,197579.8137,190682.5842
Winona County,MN,27,169,,,,,,,,,,,,,141335.7589,148006.4797,147969.86,152376.9831,161150.6904,167488.5273,173853.3171,179108.98,187336.8858,202447.2497,224020.5285,240371.0463,253564.6679
Lincoln County,OR,41,41,130654.1369,134708.6089,139484.164,137657.1956,145883.2466,166344.6443,202780.443,240783.5287,256703.7751,241411.5375,219147.4819,206560.77,199066.601,200257.1065,207441.9087,215462.0519,236830.9949,252077.2814,270526.0595,292011.8487,311123.8917,358908.86,450032.077,478509.1866,487894.4964
Buffalo County,NE,31,19,,,,,,,,,,,167181.152,167860.3264,,154491.9697,164680.1965,173688.5459,186067.7443,192080.105,195305.6616,202168.9764,211201.0646,220960.06,249927.6742,268564.1575,276280.1218
Duplin County,NC,37,61,70815.39547,72755.22,75075.67382,76915.39521,79851.93456,84830.25,91459.83538,97784.30888,101382.2549,98971.86409,94104.12027,91310.91649,88144.98471,88612.2852,86669.42932,86943.7488,92826.84472,97400.10,96894.33518,104959.571,107645.6586,126951.7944,137419.2047,157904.5907,165709.0005
Saint Mary Parish,LA,22,101,,,,,,,,,,,,,,,,,118404.7277,115751.8862,115193.8104,110159.8741,108649.0475,118628.3554,116042.3854,116850.8457,116806.5266
Franklin County,VT,50,11,106059.92,114400.349,125289.9794,134623.895,144537.9798,159509.6458,180310.3037,194789.0936,198726.4601,194256.2221,189243.9017,187491.2791,186594.0768,191032.8164,198156.26,206027.7652,209965.3949,218174.9928,226918.7083,235325.8297,246465.7383,267347.8601,302746.6467,330022.6286,361224.2759
Bedford County,TN,47,3,94607.85504,98048.78993,101862.7703,104969.9936,105691.2268,109696.088,119025.4849,126547.0644,121925.0606,118429.46,113513.3814,111668.6063,109429.0311,111149.4867,113895.0395,120462.6631,134791.7613,148906.1414,165692.8425,182999.1717,203012.6992,220674.5778,269696.3493,293395.4106,309624.7685
Queen Annes County,MD,24,35,207896.9069,221889.406,240480.4806,272242.7003,318565.5571,376988.2737,442281.0681,470419.5187,443851.418,392341.4538,357749.0769,324417.48,296354.1748,296576.2071,313650.1406,318480.113,323200.08,325263.7869,340918.7656,353017.4052,362914.3562,397157.4484,441815.108,462178.3833,485989.1055
Newaygo County,MI,26,123,80166.24,85435.02851,91676.05722,95706.60025,101375.7703,104922.0002,107026.0571,113824.4394,103724.7218,95557.98326,86907.39195,84508.19328,85506.03111,87838.81989,96069.8847,103670.0412,111188.8936,117285.2415,128917.1855,137749.1972,149484.1078,173922.2935,201168.6546,209595.2718,219445.2466
Edgecombe County,NC,37,65,45513.23166,48352.32805,50040.47659,51039.7266,51771.12897,54138.09568,58590.55931,62839.74449,64278.97812,62455.75821,59332.84551,57570.60844,55559.28,54120.91299,60871.75159,65377.61926,66912.05,67131.67604,71270.61384,73206.27784,75853.43,91486.27789,103332.1927,123659.9771,133164.007
Montgomery County,NY,36,57,62934.27462,67666.76963,73279.43143,80393.88,88415.94007,100133.9052,111338.7842,114390.8167,116890.2239,112763.0949,107531.4039,107290.2468,106602.6782,105293.8643,102899.9434,101842.3132,105672.4135,110508.4834,115470.2875,120994.3633,129189.8507,147591.7278,163250.6183,179241.1983,189533.7102
Dale County,AL,1,45,,,,,78085.55,81302.17157,88295.54054,94029.20741,98009.67,100044.607,95957.47847,93292.83111,93230.59078,96989.40516,100664.5905,96497.77227,98946.6436,97832.52129,101480.9342,103867.2921,110741.3238,120804.5874,131965.72,141811.4466,150359.4843
Henry County,IL,17,73,,,,,,,,,,,104129.4539,101094.464,98374.39849,104432.211,104209.4134,103476.0817,107359.0109,109392.1439,112031.0332,112371.2237,119157.6428,127393.3685,131956.9651,140091.2804,146496.5169
Wilson County,TX,48,493,,,,,,,,,,,193912.0121,192100.4749,192844.2418,199752.3146,220741.1999,242034.2785,258442.8586,269038.0234,282414.5834,288853.2584,307257.1981,335172.3795,399292.9202,413942.3158,410134.78
Polk County,TX,48,373,,,,,,,,,,,99127.54736,95090.07782,,101621.9187,109767.6129,111552.86,115777.2166,116384.7746,120720.0499,126242.5944,134008.8314,148822.154,171087.4519,181059.9353,170243.0408
Halifax County,NC,37,83,47977.2867,49767.38763,51014.88754,52939.15089,54301.71019,57234.76,60433.62675,64590.68366,66726.64166,64077.54785,60687.7247,58671.02,56589.07802,55474.77115,54902.39795,57296.99,57602.22041,53759.9488,56348.4386,59830.67997,61438.79818,72482.26921,76777.91116,85597.96412,86698.92
Laurens County,GA,13,175,85777.14592,90097.97,93848.64426,96963.18345,99891.8364,104265.28,109841.4476,114536.0844,115951.4974,111745.8901,103519.6681,96983.84382,92104.5134,89151.92213,91257.04323,91114.55865,98220.05836,100472.1143,107611.3263,113102.0194,121996.8052,135486.3387,152148.9701,161153.8324,163438.0287
Douglas County,NV,32,5,219229.5567,233201.2958,252049.2633,276488.7753,322125.85,395616.6195,477155.7344,445499.9445,423674.7037,344058.1592,286589.7705,258775.8918,238338.1065,252824.6537,299933.1675,325124.8392,356193.8359,382192.3,416786.938,456078.3415,490269.0507,555507.863,673273.3883,664628.5709,659143.6522
Vernon Parish,LA,22,115,,,,,,,,,,,,120374.0477,125571.5656,128111.8988,145103.7711,152155.9693,154406.8771,140237.6084,138662.88,131966.5361,149737.5154,156139.8051,156016.1986,157802.2692,154089.6917
Fremont County,CO,8,43,,,,,,,,,,,,,,,,,,180266.7894,195837.3079,213105.0892,231937.5429,261165.6614,313678.2447,325410.3541,331785.05
Logan County,OK,40,83,106487.2827,111379.209,117232.0618,121634.5887,127832.3679,133306.3013,141501.8356,148225.15,154142.9881,158191.7193,157306.3748,155069.8926,154241.9489,160769.4519,168523.2569,174852.085,181656.3885,180216.7672,181111.9037,189331.4516,199085.0981,225679.8851,261451.2317,274024.8462,276169.6424
Henry County,IN,18,65,,,,,,,,,,,78673.87418,76588.96472,75303.38586,74069.23731,75519.65917,79000.62821,83367.17529,87660.38149,93127.28423,99440.9169,109201.0623,122939.0865,141509.5815,153334.7718,160854.9934
Curry County,NM,35,9,,,,,,,,,,,,,,,,,,133982.5613,131540.9051,134745.7867,142879.4197,151151.867,149526.7541,161772.8958,153691.2446
Atascosa County,TX,48,13,,,,,,,,,,,,,132361.0421,138173.8738,149863.798,160778.2701,168076.325,166875.7227,182054.6121,187105.8655,202150.9613,221294.0547,255285.4809,256235.2369,245757.3427
Tioga County,NY,36,107,74331.52781,79502.32009,85233.41939,93371.31744,101727.5029,114795.0791,125879.0309,128026.2084,127314.0509,121399.4995,115734.5513,115365.7166,113810.8234,113072.9909,118171.7201,118278.6534,119754.9004,119610.0067,121567.9351,127986.0186,132573.5642,148647.4009,159521.8373,171617.5867,179071.9328
Le Flore County,OK,40,79,57612.78053,60447.34543,62901.5604,64869.21238,66410.71682,68417.83913,71771.88511,75173.19431,77882.24454,82615.36,82662.33252,76800.94,77412.92787,78764.77589,78816.51,80824.47,81501.74261,86011.13249,87154.10527,91718.32811,97108.97601,112260.1729,133482.7457,144276.3063,144360.086
Burnet County,TX,48,53,,,,,,,,,,188310.7012,182416.0255,183843.4707,181624.3733,184638.233,197350.1103,216888.5461,235925.7446,238467.196,249212.1589,268303.5658,297567.8659,339282.0147,439221.7036,481817.7834,455410.6771
Lincoln Parish,LA,22,61,97303.61,99097.47971,103387.2284,108296.0585,113299.22,119641.7852,128976.9065,139725.7405,144002.3642,143195.6346,141220.6112,135812.6655,136749.6122,142073.2855,144878.8759,148230.516,157593.266,165572.4171,172493.5566,174352.95,179330.9355,189376.2729,201397.4648,205913.24,206370.3849
Shelby County,OH,39,149,89093.61503,93171.6325,96522.1417,99226.6234,102588.4124,106452.0672,107483.5906,111510.8875,117119.1958,114006.3832,108359.7314,106665.5853,104540.6077,111035.3692,116999.3747,122107.9097,126344.5331,130860.8673,136897.9351,146928.776,153857.6353,170245.6733,187733.7296,200751.9904,210590.6863
Crittenden County,AR,5,35,75970.93304,78807.58954,82413.72354,85276.60636,88891.97848,94116.90888,100679.0942,106145.3799,109109.6836,107207.1279,103574.7221,101803.8185,101042.5042,102258.8598,103144.8912,103584.5244,106823.1641,110769.7034,112461.8217,113893.4744,121771.4862,129633.5656,142399.532,150119.3052,145753.4349
Whitman County,WA,53,75,,,,,,,,215939.5869,219054.0531,206437.7781,188839.8148,167689.2899,165957.79,177437.0521,189924.5253,194794.1625,209624.901,217124.648,228426.4038,245815.421,264935.2979,297452.4914,344980.0619,363373.4569,375171.6717
Carter County,OK,40,19,58580.13713,60615.78987,62506.2157,64177.28499,66474.83,69609.87584,72956.13407,76183.15126,78834.83474,81836.01102,83455.5131,79596.37727,79962.22169,83996.80865,85758.75,91248.28408,93950.57429,98194.85495,102045.3996,105587.182,111693.3281,125007.0984,143591.2662,161784.1001,166725.116
Jackson County,FL,12,63,,,,,,120731.251,148108.505,152261.9017,136707.3621,113685.384,99412.83434,92256.05626,90243.63988,90320.9648,89756.32,87488.68439,93553.89779,99938.84117,102992.7275,111224.3228,117612.1329,135212.2418,157418.4604,172357.208,176155.726
Boyd County,KY,21,19,53332.45812,55310.54,57216.25883,59458.12488,61977.69643,65115.59011,61370.4512,63379.72316,65003.1705,64970.78,63497.71361,63426.71799,66803.56849,64574.37,63260.05504,67110.77,69913.1961,75172.34,74488.77845,79648.84691,88379.78272,99608.36127,114425.2396,122129.3991,111369.5215
Greene County,NY,36,39,78488.60782,83837.48876,91312.47,100637.4813,111665.7618,128366.7256,145904.1989,152141.8582,175116.7437,171022.9001,164178.9925,164935.7872,162810.8957,164295.614,168660.8799,170757.8011,176476.4833,181621.1855,189117.2078,199096.7407,204018.6752,243184.3248,295712.0267,324422.673,338767.2958
Franklin County,NY,36,33,61720.60425,67587.17458,72068.96458,79135.73397,86921.40962,98153.63743,109141.1821,111539.6101,110947.7248,106012.2832,100969.2291,100806.9261,101619.5501,99698.54287,100041.8197,100955.4171,106786.6781,107025.3182,112564.589,115750.0181,120210.963,136737.4673,150777.1493,167884.7805,168143.16
Val Verde County,TX,48,465,,,,,,,,,,,121093.2484,120238.6078,120127.6695,115717.4492,113458.9078,117660.138,121994.8639,129968.3825,131029.6629,135484.8025,152466.6811,161901.2616,185661.75,189936.1698,194445.3963
Bedford County,PA,42,9,75748.25163,81308.35422,86004.72257,93005.37868,101910.6184,112347.6946,123944.2659,128879.9481,130965.5502,129684.9623,127145.8237,128402.3638,,142442.16,146047.7146,155499.2369,160063.9693,163139.11,164032.1312,162042.058,168933.44,183336.9815,197853.9803,196946.14,195064.3626
Coles County,IL,17,29,,,,,,,,,,,95687.58714,92274.14747,90349.72,92908.36597,93715.66708,92262.1424,92584.31787,92371.44958,90476.69587,92139.58885,101281.0967,103781.2017,109370.4377,111932.8748,119698.46
Bingham County,ID,16,11,,,,,,,,,,,,,,,147495.5056,149428.5593,157582.5821,166223.9384,178940.9615,198092.9202,223501.4331,272549.4187,349587.6993,353515.4573,348631.2331
Shelby County,KY,21,211,,,,,,,,,,179608.1287,174375.7077,158506.2061,158572.8793,156347.4454,159597.7681,166519.76,176438.7632,189074.4943,190767.5659,203858.7213,217382.9779,244497.4865,275313.9066,287407.7751,290664.004
Goodhue County,MN,27,49,,130381.9571,143364.8885,151698.9929,163803.2701,175436.8605,186073.7475,195691.9296,192938.6667,181252.681,167163.7106,161770.6192,156833.9857,163949.5089,171860.8058,181877.5996,194045.6201,201787.2899,214034.4733,225851.0105,241509.3218,258026.5061,289780.0155,307940.445,314470.5327
Santa Cruz County,AZ,4,23,71531.87623,75559.24819,82153.93,87543.70239,93881.25323,112736.2121,144135.9548,175868.9792,158870.0195,137320.9622,120737.1438,108559.2577,104729.9685,108214.645,117024.4976,122263.4249,135195.67,140190.2344,146489.0302,156917.5999,170202.7245,199779.628,237914.7066,255204.237,265224.4753
Chenango County,NY,36,17,52725.22474,56558.82669,61781.94503,68034.74528,74002.41499,81230.1403,88970.23505,95677.51054,103208.0164,98973.40764,94260.13362,94896.19843,93740.19563,93312.55,94437.87411,92505.60526,95801.61,94731.5952,98234.32022,101971.7292,109621.7377,120355.2546,135298.8476,145444.6477,149704.8627
Cherokee County,OK,40,21,76567.61782,81018.7362,85058.07737,88265.41692,91966.90174,95850.94794,99895.65765,104247.78,107330.4242,104939.3887,107106.6677,103563.0445,105009.3719,106480.2317,108743.6923,110348.2055,110542.7219,114000.0927,115201.0228,117105.3725,124315.5379,142510.2824,169174.5831,184023.5208,189914.9908
Noble County,IN,18,113,,,,,,,,,,,,,101129.6051,102143.1052,106892.5255,116998.0981,124099.2558,131603.5312,138402.143,148733.4508,157321.4457,173224.8463,198157.0637,213020.6716,225806.3291
Cortland County,NY,36,23,67257.20,71796.63473,77350.30083,84577.92286,91482.89999,102667.5602,110109.9041,118692.394,127703.9979,121926.6889,115859.1071,115245.5169,113425.0649,114054.6157,114028.5198,114048.5356,118794.2375,124627.9972,126232.6636,132056.1394,135639.7339,149629.3266,163461.2693,176893.5389,183943.0051
Campbell County,WY,56,5,,,,,,,,,,,254140.9361,249993.5291,248319.8406,254293.7113,250688.9203,250430.3055,261663.5819,261323.8662,256081.2161,253246.7636,263745.061,278044.0185,292258.7794,312695.9182,323570.2967
Allegany County,NY,36,3,46522.39785,50572.81975,54756.90776,60316.00273,65670.07826,73014.62026,79327.53798,81696.53,83980.75906,79057.02144,74566.41194,73872.05256,72115.48087,71527.43685,72209.15,70876.04626,73593.19549,77203.01229,78472.47182,81163.56537,83031.70749,96730.4303,108684.3061,117627.0111,118494.636
Charlottesville City,VA,51,540,,,,,,225283.6729,266643.2677,282262.0914,279084.1083,264951.9383,254281.5752,251288.1938,247894.5722,253844.8311,271071.7873,280068.8045,295800.5007,307629.2123,330766.6392,348939.2551,367866.671,396628.23,433744.1111,464432.1407,469801.0959
Clinton County,IA,19,45,,,,,,,,,,,96676.68,97186.61,96891.40688,98878.16321,104838.7926,107449.6061,114746.9082,116793.313,116266.4247,122290.9296,129590.6697,139394.5734,150668.8895,160823.1885,164020.258
Barron County,WI,55,5,,,,,,,,,,140996.3557,135499.6381,131040.691,127576.6074,129264.7298,132978.8654,137797.0295,143608.0514,151776.4947,159474.3417,170097.1013,178154.5704,202222.587,235082.7836,248949.233,258439.3851
Bonner County,ID,16,17,,,,,,,,,,,235603.665,213243.6961,205257.7811,211101.7329,232076.9708,246930.7303,273513.22,290003.0697,317152.1579,342136.2502,374157.1292,465328.5434,614869.0777,623943.7772,630264.668
Nelson County,KY,21,179,92705.68706,96996.71,100666.767,104494.1926,108543.8641,113482.3095,118305.5265,121266.1802,122967.2094,122215.7721,120062.3306,119424.65,113696.3721,115305.4389,117171.6012,120438.4219,125582.9694,133147.9821,142398.9699,152393.5813,161863.2419,184411.738,207740.5727,226915.9674,238390.0206
Auglaize County,OH,39,11,,,,,,,,,,,118467.065,118214.2432,116343.0187,112978.9203,116861.7277,119617.6696,125761.9935,131377.4679,137883.7488,144535.5246,153629.0337,169838.3683,183060.9344,195853.8114,206815.0969
Marshall County,IN,18,99,96481.0793,100944.9306,104737.4838,106462.4258,109547.2472,113260.4818,117509.7072,119674.7828,122163.2498,121834.6173,119030.039,118686.4627,117496.3452,119661.1243,123348.2558,128485.7607,134106.4422,137788.8812,143622.6407,150489.0543,157496.1629,176691.0441,203357.3659,215314.8187,233618.7654
Mifflin County,PA,42,87,,,,,,,,,,,,,,92157.13404,91836.55379,91652.91218,95054.42244,100725.1418,103626.6683,111222.1125,114703.4512,130838.6844,141391.2148,157083.1064,168021.1543
Osage County,OK,40,113,72348.20,77595.38,81803.61935,84888.69,88000.60,91433.74314,95967.82196,100637.0185,103798.6188,103011.7974,101882.6255,99639.47604,99438.84045,102507.7338,105864.7909,110607.7188,108803.0396,114960.2494,121689.7327,125620.4531,135818.9085,152388.4372,176043.9944,185739.2383,185989.9606
Monroe County,WI,55,81,,,,,,,,,,,128869.9237,125653.3991,123545.589,125499.2666,131765.3313,134556.091,141210.4745,149118.8593,157097.4659,167379.5968,172951.6017,188294.2054,210029.9904,222744.5177,232716.6154
Stevens County,WA,53,65,120178.3977,124321.9602,129261.8696,132691.7472,138910.9569,146439.8201,172375.8835,189837.0983,191403.6545,180280.6317,165151.547,158314.1555,159050.3424,163173.489,167993.2209,171305.7201,184766.91,194423.2766,206593.0897,227009.8626,248931.9261,294980.7757,346680.2474,362228.5262,366571.4705
Monroe County,TN,47,123,,,,,,,,,,,110833.4484,110579.3139,109001.0772,111821.7521,114423.6072,123445.6046,135034.9797,142757.3842,149881.4794,156544.963,176290.2164,189423.2666,231918.99,240329.2608,260532.2256
Beltrami County,MN,27,7,,,,,,,,,,,175351.7489,147613.179,144019.5074,151513.1199,154629.8846,155465.2629,159704.655,163477.205,168759.006,174578.07,186006.1733,203156.8152,229737.0344,245146.4935,257600.7084
Logan County,OH,39,91,,,103854.8034,107091.7946,110837.5468,115119.6006,118164.2056,117642.3615,116226.4436,113201.3098,108482.7039,106063.9392,103973.1609,106650.8411,115032.6147,123979.4551,129009.5068,135422.1505,141817.0425,149581.5014,164177.7083,186629.6276,196745.4773,205245.07,222274.1089
Jackson County,IN,18,71,,,,,,,,,,112567.7304,109922.5242,108601.6758,107425.9701,114442.3219,115304.4793,120399.2444,125901.4713,130820.9718,135498.32,142238.0374,151302.6845,167378.7983,186329.9707,198668.5017,211256.5074
Hancock County,MS,28,45,,,,,,,,,,,,,115570.4713,116835.6307,120605.9317,130568.13,137746.4111,145990.2839,155494.2755,163594.1042,172747.3307,191256.2343,225395.8869,235742.7636,236918.0085
Perry County,PA,42,99,,,,,,,,,,,183646.2417,183876.7915,179526.2892,183001.8676,179710.1875,181105.3301,187298.4697,192111.9567,196237.4279,195763.1575,210880.8417,229315.2062,248284.8916,257854.1484,271013.3898
Windham County,VT,50,25,113262.6994,116279.9098,124515.3053,132407.1088,147150.6947,164107.2863,181656.4074,198950.4281,213132.896,211113.4347,203967.7366,203972.8615,208306.5724,213971.7079,217346.7747,218268.4738,223228.2256,231432.3685,241695.8679,247804.5537,250922.1737,278210.9559,331709.004,353210.8931,372348.215
Bryan County,OK,40,13,69974.33626,74291.69404,78038.17264,80904.41142,83842.56886,87828.99984,92556.80329,97399.145,100383.9254,106396.4113,99195.78219,98527.45103,98566.0455,104293.8318,105446.3396,108621.1593,113503.49,117275.0366,124021.2727,134858.014,144830.4918,167122.44,193730.3371,213089.6521,218630.9505
Colquitt County,GA,13,71,67364.01495,72390.43784,77933.12823,81131.67623,83632.87331,87561.38697,92896.02378,97447.40595,98952.87216,96692.41284,89163.35966,85410.46719,80765.08452,83922.32366,86198.31266,84097.42573,88048.12341,85494.18286,89383.6211,94122.45,101547.7042,110330.971,129434.8814,121005.6303,130435.8997
Washington Parish,LA,22,117,,,,,,,,,,,,78438.40,79555.0225,84654.98578,92916.84068,97889.67,106561.6961,103220.5073,114052.5029,115702.7886,127670.9257,134687.9367,134147.6096,130494.7625,123073.7389
Habersham County,GA,13,137,,,,,,,,,,128600.4454,118886.4383,113970.5434,103048.234,103737.6049,111992.651,121989.6485,135909.1683,140013.5317,151225.8051,161776.3897,175969.1381,205454.4157,243630.3617,267196.486,291437.439
Hillsdale County,MI,26,59,,,,,,,,,,98982.46896,89772.69298,88876.37825,87612.72102,94644.26954,100971.7266,107275.6978,113100.7214,120160.3866,128515.1805,135600.9215,144849.1153,163069.7222,180506.4651,187654.3651,189571.3846
Thomas County,GA,13,275,87573.1216,94352.65151,99589.69902,105274.9357,109268.2879,112884.2109,118205.9787,125793.3974,128494.7115,125187.9471,115832.7144,108341.6751,102189.1048,102617.2577,109572.2817,112194.69,117755.353,117087.0305,124506.2261,132964.9,139451.1823,150860.3995,178479.6477,191610.2567,200906.9331
Greene County,AR,5,55,74992.78931,77757.14675,79056.10941,81483.75214,84405.10913,,96865.72708,100124.0223,100797.1157,100191.6648,97939.99236,97313.68242,97901.50713,108218.0462,102713.4762,107552.238,112275.1398,119473.6563,121423.849,125801.8204,132117.8227,145707.8643,166083.3211,174995.0373,179682.5323
Washington County,MS,28,151,,,,,,,,,,,,,,,,,,,,,81106.55,87550.31,91175.82619,68147.37715,64339.55
Hopkins County,KY,21,107,62489.94995,64433.70956,66458.33091,68860.65943,71831.70624,75157.59106,78353.97598,80869.80608,82745.49843,82748.95919,82242.44119,82354.52739,74577.50427,77773.40341,79367.41,80818.15528,82819.3158,87090.14403,87498.61555,90339.64241,96754.83246,104266.1468,118746.1143,129908.6048,137114.3738
Henderson County,KY,21,101,89195.94423,93381.22989,95943.92129,95097.51945,94991.67,96639.88,100638.572,103115.7206,104742.5222,105060.2567,103158.2301,,98622.45997,100829.2445,105238.8031,108288.781,115164.9637,120784.99,124223.3138,128104.7472,133768.7793,145048.1773,157893.1834,172141.9604,182635.6463
Calaveras County,CA,6,9,,,,,,230697.5651,273525.0752,272814.1198,258365.3035,211197.3214,195749.9227,192276.4423,183512.2276,185802.1048,222209.361,240363.512,261499.1897,284870.7201,304783.0165,320978.4415,331779.1413,372368.9762,446750.1789,447615.9199,444382.6232
Caldwell County,TX,48,55,,,,,,,,,,121322.5632,117606.0214,115538.6853,114601.2669,117678.5628,123906.0278,133495.5036,148532.9374,162264.3607,177465.0613,189132.2205,203746.9815,229924.3734,291614.8883,320996.1493,304084.4363
Chambers County,TX,48,71,,,,,,,,,,,176434.1343,173832.506,172420.2954,179260.915,193231.1813,210616.9909,225051.153,236158.2304,243949.54,254823.9169,266032.0313,284908.4494,323334.94,331436.1534,329312.7945
Dunn County,WI,55,33,,,,,,,,,,141089.2096,135548.7032,132868.4913,128970.6557,132755.7865,136665.7636,145131.8445,155532.7516,163214.5265,174936.526,188556.0095,197960.4903,222685.766,250013.3347,270555.7971,279355.9991
Macoupin County,IL,17,117,69360.2973,72602.11931,79776.003,85352.4786,91821.64396,101469.6764,109873.742,114932.0826,114582.697,108166.5903,100810.7446,104695.1647,98722.01562,97785.92742,97936.58976,97404.45709,95538.98825,90988.6846,97732.67268,92829.66,108653.8048,113450.9389,114807.4248,117727.9387,121149.6232
Warren County,MS,28,149,,,,,,,,,,,,,113859.3924,110804.0154,108486.7308,128236.3346,145854.5628,142139.653,142491.813,139482.1687,140586.4296,150082.377,168107.9684,161932.4868,164614.0624
Lawrence County,IN,18,93,,,,,,,,,,,,89512.12726,88844.81304,91405.02891,94016.69852,99248.37428,100958.8804,101040.4898,110807.83,120722.2535,134134.4646,151960.4621,174517.4718,183525.3867,193136.0844
Itasca County,MN,27,61,,,,,,,149390.20,153032.4567,149990.4782,145057.404,135517.26,138938.5792,138859.3501,144638.4816,149155.9653,148284.2645,151024.6068,151225.5171,156583.8003,164559.004,171475.6328,184554.0035,212479.3793,223972.9181,230071.7595
Chilton County,AL,1,21,,,,,,,,,,,117351.6327,112883.1999,107692.3428,114670.8904,122721.7147,121242.20,126607.8546,131723.6158,140395.2293,145463.2364,151790.5242,170374.8776,193285.6682,208396.9026,208375.9159
Shelby County,IN,18,145,,,,,,,,,,,106834.1127,105467.792,104206.4342,103980.1791,109009.9239,114658.0055,118802.9501,125786.4394,134037.9591,142116.3725,150271.0959,171135.6284,197605.1657,214721.705,224404.8481
Stephenson County,IL,17,177,,,,,,,,91096.28427,89832.6417,82718.62,69964.8999,66338.87311,63715.68144,65219.84057,60549.28835,69737.73917,74235.51675,75440.50613,80171.90967,85548.00,92454.91,101202.6844,119166.189,126493.3441,133135.6786
Polk County,WI,55,95,,,,,,,,156030.4467,157189.6212,153386.3741,147007.0184,140544.8997,134834.8052,133412.419,142301.4104,152008.5245,165110.3715,179746.2713,191806.9675,204298.6689,222703.1277,251235.8155,289024.5231,302752.3778,307992.8331
Beaufort County,NC,37,13,89720.97368,93629.02528,97532.83564,103024.4856,107094.9743,,125296.2084,135157.8403,140081.5056,139464.0334,131089.0712,121141.1992,116179.8293,118151.57,114069.7648,116163.361,126614.4033,130468.4869,134089.1676,140902.4554,146829.4104,168084.4737,187600.8015,215884.8883,227903.7456
Phelps County,MO,29,161,,,,,,,,,,,,,,,,,,128838.1957,132076.5339,135346.571,139781.7596,154725.4037,177821.2458,191310.9884,196487.3502
Branch County,MI,26,23,107905.046,113839.7943,120212.7912,125035.4897,130249.8299,135963.258,137533.5069,134579.8014,132012.5644,122896.9813,112366.0258,111890.0567,110601.1158,110162.1863,113673.2485,117110.374,124695.1076,126268.3823,133698.4559,143898.391,153971.00,163933.982,185094.8458,186672.9541,193632.53
Delaware County,NY,36,25,67009.27,73090.29304,79020.36731,87843.76519,97557.75,112424.3606,127111.6488,131600.6529,140824.0547,134785.7788,130152.2482,131243.2595,131174.4122,132039.7243,132170.963,132701.7185,134893.9829,136180.668,141339.9772,146711.225,151751.6084,176756.513,204329.8991,222666.5682,229164.5953
Wood County,TX,48,499,,,,,,,,,,,126002.5645,125321.4219,125597.3426,130522.5106,134612.1759,142780.6898,152004.4405,156315.1308,165811.9163,176558.7736,191982.12,218383.6269,271757.38,280252.3862,279582.3891
Stokes County,NC,37,169,100605.7623,105699.4467,108272.3478,111322.3928,114723.2172,120470.5218,129654.4079,137495.17,141066.9005,138611.2652,131191.5114,128186.7931,124126.6705,122676.512,121696.9782,124345.0664,127707.7373,132178.5162,138192.5279,147720.6437,157848.0978,180027.0431,190359.73,210152.0367,222941.9495
McDowell County,NC,37,111,,,,,,,,,,,,,,,,,141028.7734,146826.9672,154547.9833,166284.9711,181583.8909,203192.2915,232724.5925,247710.1888,260934.2739
Jefferson County,PA,42,65,,,,,,,,,,,82887.14839,82378.14715,82908.62124,86118.73604,87433.89589,88825.60996,95706.42871,98738.08255,93593.18662,93368.57386,103725.7044,112809.8286,113442.4459,106103.5792,107873.2438
Huntingdon County,PA,42,61,,,,,,,,,,,98891.51169,98737.04249,97654.65455,99623.73235,105770.1279,107829.5445,116507.3004,119777.6445,122577.8523,123392.5639,131753.0654,154206.3406,163426.5266,167472.2982,175230.1356
Callaway County,MO,29,27,,,,,,,,,,128415.6773,124159.9434,122521.8185,124261.7249,129050.1009,133315.0134,134659.4349,139340.9457,153878.7442,158400.4101,177613.7441,180434.1416,200633.283,211919.0943,220444.2309,222807.1361
Barren County,KY,21,9,71786.29095,74868.8525,77283.13,79265.66066,82266.51887,85749.74752,89302.72248,92445.1176,93256.71979,90693.85306,88824.188,87331.74871,86415.09864,89291.67036,93313.89864,97237.96276,104524.731,109347.0347,114544.507,122729.7154,132420.3274,152260.3397,167778.5705,179583.52,186964.2259
Gadsden County,FL,12,39,,,,,,130099.1964,158564.2496,161865.3134,144603.4665,117975.5484,102956.5586,95333.06622,92553.65508,88899.2797,85789.28349,88571.22424,89879.77162,94749.13413,99730.52188,109185.4945,118211.2263,134983.47,149430.3848,176362.17,187755.3598
Shenandoah County,VA,51,171,89535.0073,96566.17314,104480.5257,113393.191,126511.8011,152084.0541,180182.8788,190814.6311,188395.1154,177011.7068,165969.3026,162226.9071,158157.7263,165381.6871,172923.8839,176874.0767,185520.1622,186792.9617,193191.4559,201364.4893,211805.8615,239253.4826,267979.9883,293835.094,310094.3334
Holmes County,OH,39,75,,,,131683.8628,138784.8977,145777.6533,150793.532,150249.7556,150513.8452,147562.6169,148656.40,151388.984,151116.8078,162555.0248,168768.3408,175975.5708,188699.2819,196556.6517,203331.8004,216815.0936,227998.3046,271125.9706,301311.8524,322668.7063,333075.943
Siskiyou County,CA,6,93,,,,,,,223669.7549,225302.8961,196315.3335,158302.0549,147833.1531,142755.1605,136813.4831,139716.5439,150258.0149,157188.1929,167786.7998,178426.7816,192116.2604,206256.4285,218508.0255,243536.9274,286266.0752,292795.1549,285500.3179
Kittitas County,WA,53,37,,,,,,,,,,264554.9405,240636.4048,224511.24,215180.8325,216083.1551,226038.8866,237324.4896,255684.1176,274248.41,302487.171,337463.5916,354398.0935,409409.68,489261.5773,517643.7999,515320.78
Douglas County,WI,55,31,,,,,,,,,,,113647.7235,111082.4953,109063.5214,116598.2389,122284.6362,127544.4132,130290.8623,135708.3303,145744.2376,151322.9852,160744.0038,180957.0602,203429.3909,215794.9298,224473.83
Kay County,OK,40,71,49644.92117,51063.41428,53417.82245,55375.0152,56898.15,,60188.76987,62767.21169,64759.2742,60710.00518,57992.93,57414.24526,57397.06304,59276.46709,62181.80911,65865.07274,68732.3328,71676.09555,67900.64206,72759.55,75701.01561,84197.68,97374.27554,103359.4145,102735.082
Lawrence County,TN,47,99,79283.87125,82194.74,84153.23762,86641.44835,88897.91,87522.35851,91062.87362,93603.98998,99457.46,98126.81213,93460.92101,91785.28883,90147.00569,92927.11895,95674.5566,103728.3483,109081.2811,120063.88,126880.0586,134843.4179,151574.9268,170766.6702,207097.1043,219763.7246,225164.4326
Madison County,OH,39,97,117627.7304,122885.6642,128555.9182,133065.4632,137973.636,143625.2766,147088.4768,146782.0359,145199.0201,141760.645,136695.0626,135138.175,132951.1875,136622.0114,142096.4145,148395.542,157464.8222,166870.9619,179743.0199,192016.7558,202510.7614,229659.4677,250485.1756,271779.244,284978.4523
Baldwin County,GA,13,9,,,,,,,,,,108936.7282,101033.4931,93058.3993,86789.68759,92344.49,93946.71805,95859.00626,106404.851,105693.8268,111073.7381,119413.84,127404.2461,145355.86,168162.8664,175755.1462,178667.2655
Kendall County,TX,48,259,,,,,,,,,,,289568.0077,283022.5307,280167.7007,291509.4107,315134.04,335134.1424,352821.1994,366649.5555,384682.2544,397543.6202,414738.7053,463485.5454,554227.60,589658.4867,589963.8822
Pittsburg County,OK,40,121,64852.10691,67190.44973,70326.40834,72681.42143,75108.88386,78241.12853,79529.88604,86190.18056,89861.4879,95607.08058,94218.74822,88097.18293,86111.05023,85576.94827,85866.52336,84424.72045,86022.238,83858.13437,88100.03,90591.93387,98675.95697,109301.0201,120197.0869,130083.067,133940.4282
Saint Bernard Parish,LA,22,87,84746.53239,91105.45,100478.2222,102542.4216,105770.1401,114068.6432,129569.0894,130759.37,132667.6367,131444.3222,130795.8772,128629.0466,122484.0606,123186.1413,126990.2842,139419.5315,150314.0304,153178.7422,158065.02,164742.963,183115.7583,192645.0205,220893.5706,225639.0815,205778.9408
Ravalli County,MT,30,81,,,,,,,,,,,210711.9573,204162.0408,199197.7804,203169.5743,216531.0162,229117.3944,251606.9991,266578.9573,283262.91,300419.0529,317927.5857,387383.2254,522324.1173,546668.2839,557124.0846
Brown County,OH,39,15,88036.42386,92379.70708,96535.99059,100297.6723,104156.6295,108635.9492,111725.5928,112045.5256,111286.0171,108865.1003,104687.5715,102740.7622,101143.271,106605.32,109154.1301,116182.2857,132880.5478,134499.0141,137807.8975,143884.4392,154814.88,182132.8052,202107.1624,213724.4231,226319.6226
Chesterfield County,SC,45,25,61303.59443,64613.585,69375.91693,70765.69,73429.88093,77957.97364,84273.03551,90143.17,92746.53232,91070.71,89101.66,85395.12766,83522.71505,84803.58873,86581.31706,92942.39189,99925.36025,100553.2375,102308.2002,108966.2991,112064.285,120140.2584,147953.7341,156435.0972,149460.1751
Suwannee County,FL,12,121,,,,,,,,,172621.3916,142000.4411,126238.3389,118953.7366,116031.5079,114764.1683,114553.8666,118701.5842,128703.0166,135478.38,145365.7638,154781.754,166207.6304,190496.8139,239240.7917,243826.3013,258269.081
Kandiyohi County,MN,27,67,,,,,,,174266.7499,176260.3195,171716.5191,163964.1607,153657.1043,146283.5408,146422.9791,150376.6669,155529.8361,157531.8593,164491.4594,165455.0476,169849.7902,178702.5024,190761.9524,208742.7432,237139.5096,249392.4519,258866.7256
Dubois County,IN,18,37,,,,,,,,,133058.3666,131760.8259,128485.1807,129029.2201,129588.0974,131176.6472,134456.3284,139010.484,145299.6876,150826.6717,158681.501,166354.7888,176317.92,192633.8715,212978.2874,224369.979,235413.2797
Richmond County,NC,37,153,,,,,,60586.32174,68979.2614,74419.84,76350.13,74798.56265,71463.48511,69662.25163,67964.05842,68415.32862,68880.9899,66731.83091,70290.59748,75479.82771,77002.12346,81216.61346,85264.49373,91286.20798,107424.0923,118493.3405,120662.5753
Bryan County,GA,13,29,170023.7979,179976.448,188322.1431,195610.3377,202951.2205,223364.8295,237454.6758,262586.4034,251213.9496,241799.499,223912.95,212013.2984,198581.7219,201537.7537,208261.3858,213378.0596,222787.4425,225112.8482,231976.5556,238802.7889,245295.7861,264443.9354,307078.8287,348366.7502,375182.7134
Cerro Gordo County,IA,19,33,,,,,,,,,,,90604.00144,90414.00709,90318.78754,94014.25373,103550.7724,102647.5053,113207.4443,114931.5873,120756.5662,131959.7701,136571.3277,147928.9118,168266.3512,182501.0957,181784.6341
Highland County,OH,39,71,70660.68,73334.40135,76653.6077,78898.89322,80547.39058,83547.3789,87387.86749,89153.27664,92204.76,89727.93757,86269.86541,84101.62517,82410.63164,84885.93885,88093.80514,89458.95218,98259.2348,100244.9423,103104.6475,110089.9774,117990.0821,141082.2643,158838.1622,172683.9303,181852.4318
Muscatine County,IA,19,139,,,,,,,,,,110356.7292,108867.0661,108527.2202,108115.6345,116578.5105,121653.9407,117904.0689,132345.4208,134198.5768,139193.884,144111.0876,149415.1376,160818.8785,176051.9749,187854.685,190589.8404
Sullivan County,NH,33,19,106546.0374,116997.6105,128387.786,141914.7954,156420.9355,176750.6115,193873.0059,194923.1276,192105.2211,182291.4723,171193.0342,167595.4045,165653.4973,165398.7503,166631.3822,165768.48,173100.1185,172934.5058,179219.037,188254.3771,200869.0348,234609.4884,277697.9344,314686.1996,341206.9
Union County,PA,42,119,,,,,,,,,,,,,159819.5921,161405.6634,163369.823,168067.5138,172477.3372,179991.8317,185076.961,188613.6772,199168.3152,217490.3074,233004.4313,251768.2459,261517.8762
De Kalb County,IN,18,33,,,,,,,,,,116188.4736,112297.0477,110310.4998,108964.6841,113170.6439,112364.2285,119392.797,125803.3394,132528.5907,139132.9934,148347.4782,156928.6312,172355.6593,193884.5254,207079.5994,221591.6198
Camden County,MO,29,29,,,,,,,,,,,,,183400.7959,191554.6197,197499.5736,202893.4808,211822.4861,210629.1379,218282.6466,228676.1727,246814.33,288393.1439,334368.6136,322449.4947,343178.5879
Coffee County,GA,13,69,77391.34107,82868.89,86656.18056,89633.79829,92740.10878,,102569.1428,107256.0714,108094.0777,102745.5402,94162.81688,86993.00636,81833.48424,84123.77849,88160.99994,86767.96,91267.59153,90050.83546,96543.5763,98667.24107,105719.7618,117784.363,142209.3319,149091.5533,153117.3747
Jackson County,NC,37,99,,,,,,,,,,231041.1109,216895.9873,209603.2069,200135.2352,208825.1121,216403.0784,220391.0774,228335.1659,231691.1918,244034.3943,257525.80,260258.3022,301381.6537,360613.1561,397345.626,416392.5284
Stephens County,OK,40,137,55973.89065,57992.8781,60610.76342,62317.30,64438.15464,66983.44844,71142.92648,75384.22863,81535.56176,79643.20652,76200.24,74355.67945,75685.71146,76339.89593,81145.59,84703.50369,84801.51701,79180.31975,81544.20,84349.58745,85792.31024,89538.76321,107839.9178,117344.188,125234.9735
Pettis County,MO,29,159,56724.03118,58672.27438,61067.09005,63267.45573,65710.57469,69628.11819,73195.09163,75001.36948,75156.73068,70190.7706,63232.8767,62761.75026,66235.50103,76166.13,76692.62,77429.96097,85634.35276,84457.76137,93187.09168,103117.0631,114501.0955,128652.7405,144933.126,157044.0752,171298.2814
Miller County,AR,5,91,77781.92,80789.44315,83522.01589,86423.3357,89961.5133,96221.3861,103361.6196,107314.0973,108671.4768,108097.8139,102921.7987,102764.3126,103462.2855,103672.1389,103677.3534,104955.6973,112564.5799,115518.226,119665.663,122024.5276,127412.7618,139579.1839,161603.8756,162656.2779,161490.5838
Manassas City,VA,51,683,,,,,,,,,,,,,203953.4016,242282.7207,273082.5665,283720.9482,296536.1401,307709.40,320963.0783,330168.153,346689.4452,382965.1311,419005.3894,447274.0362,472392.0743
Fulton County,OH,39,51,99855.18009,105685.5563,110822.6472,114211.3716,118506.7917,123478.7424,126399.3479,126444.5427,124809.7109,121628.5601,116752.4348,113930.595,111320.3977,115108.7025,117191.3316,123392.0623,131133.9155,135889.8629,141793.7833,149745.3475,151321.1399,173919.0008,186556.8911,197117.3822,212435.63
Polk County,GA,13,233,59255.94907,63504.45776,67182.12867,70564.5831,73506.83313,,76609.97,80061.80542,81000.14327,78703.02984,71179.04588,67106.82936,61036.90837,64842.6373,70843.13709,78562.95283,86185.69407,87427.1607,98022.18983,111784.7005,116058.0976,140089.0739,168718.8481,195071.4201,204493.2365
Vance County,NC,37,181,70616.25,74600.36,78351.83509,80713.4723,83042.30543,,92576.34861,98061.81,100085.6173,98699.12812,93339.06007,89810.19002,81296.64936,83169.42854,82648.50725,87084.43,92519.03366,92037.73183,99921.91007,106211.1209,116967.7743,136634.6501,158129.72,164342.3357,173580.5372
Douglas County,WA,53,17,,,158313.4133,161266.6174,167820.9424,187522.4572,218655.0012,242802.3841,249036.8189,238287.4635,223834.5386,215749.4331,207609.7514,211091.0882,221201.5737,232816.2024,254875.7645,270154.2319,293895.5367,318950.6209,359217.5651,390138.8708,443770.53,460126.8477,469883.96
Ohio County,WV,54,69,69286.27309,71764.10706,75297.03726,78420.64,81898.31339,85781.92,94227.34705,96097.24671,97298.72245,95998.75125,92577.44,93361.79409,92041.28329,95283.33044,98221.44555,100307.6162,109025.1522,109128.995,114027.882,120254.0667,120856.4797,134317.6861,137205.3555,143091.6562,143230.6593
Danville City,VA,51,590,49861.28631,52230.27,55127.43064,57872.01772,62099.79259,70609.43106,78986.79572,79801.28953,76684.69096,72770.23705,71262.58668,69679.16529,68674.70,66742.40857,64886.26059,62907.35158,62739.11393,61137.81009,62267.28086,63577.00437,69443.40837,78584.21884,93340.70628,103987.2304,118892.9244
Davie County,NC,37,59,,,,,,,,,,176256.2441,169927.1506,165277.5719,159900.5445,160718.8251,164988.6612,170494.0765,175726.7629,181937.9968,189594.15,197888.7277,209200.1355,236610.6132,262513.90,288177.1966,295746.3157
Franklin County,TN,47,51,92548.60614,95735.99248,98972.91283,101490.8626,103772.7325,106724.3222,111745.7182,122919.9598,127562.89,127348.293,123084.787,121244.7619,119795.5543,123033.7435,125991.8326,132435.8729,142386.5995,151188.0767,161006.9783,171565.3936,191313.7843,214708.3106,261924.5329,278674.9918,289957.2091
Sweetwater County,WY,56,37,,,,,,,,,,,,,179970.9069,196697.2358,207944.3641,211951.4628,225732.6219,218801.5814,219526.1624,221369.7081,228709.7593,235360.0407,249173.3017,262444.7375,272426.0384
Saint John the Baptist Parish,LA,22,95,,,,,,,,,,,,,163129.1705,158578.0259,147087.4441,159617.1393,171341.71,177711.5045,175344.67,180973.1971,184249.57,203364.6931,207142.5317,194080.549,191057.7851
Levy County,FL,12,75,82691.15399,87701.17002,94655.84387,103535.9369,115043.979,135094.3156,169418.4843,181082.5289,160470.1714,132851.1548,117161.6554,111649.2441,106722.8319,103095.6516,109678.2554,117475.3707,127017.032,133141.9552,144009.4754,156558.6362,177749.2458,197435.0617,245843.7583,267630.4442,289020.1456
Montrose County,CO,8,85,114771.1671,122669.2311,129356.3029,133386.0998,137298.7634,144522.3662,166923.0027,184172.3546,187450.41,184874.8587,178850.7266,174526.249,171494.3368,177759.9161,186996.375,193950.88,211937.3786,226256.3322,243469.8142,264983.5388,283550.3525,311950.925,379067.132,408219.8079,419208.94
Butler County,MO,29,23,,96508.88975,99395.02527,101103.8797,105685.7067,,126111.7036,132718.0344,134293.8462,133409.3478,129244.7401,127726.1458,126601.0664,126665.2465,121311.151,119533.9619,118442.7329,116731.3911,114791.4927,117265.1784,118796.5964,126042.2812,139702.5353,149215.7877,155607.3031
Erath County,TX,48,143,,,,,,,,,,,133002.4577,132215.2403,132465.4099,134638.2918,142930.0755,152042.2904,160735.3647,168014.1649,171001.1166,186357.7811,197087.3718,217346.3072,268844.6962,298192.3961,304817.1925
Prince George County,VA,51,149,105685.6329,111978.9099,120672.2513,130487.047,143003.6079,164027.9162,186580.9446,193791.23,190688.6188,178669.9252,170946.6157,167350.2779,164580.9198,165688.6614,172818.9325,175227.9214,182662.8447,188252.5867,199378.0664,205112.3744,217541.7378,241711.7594,272624.3966,312273.5708,319020.9143
Pierce County,WI,55,93,,,,,,,,180658.6797,180269.5157,174502.4297,164749.921,159392.4308,154208.0512,168525.8335,180286.6911,189088.7856,199283.1144,212864.7468,226500.6811,238935.6248,253860.4725,286204.9442,312976.1041,332024.1637,339772.195
Summit County,UT,49,43,,,,,,,,560111.803,586811.509,552586.5344,492724.2689,458620.9126,457113.2414,491003.1161,541393.8236,598888.096,674320.31,728420.1337,782986.2005,841736.018,875097.51,1025406.819,1380867.784,1472090.596,1442847.205
Mercer County,OH,39,107,,,,,,,,,,,125780.7542,125247.5172,124090.169,135783.4864,146700.8571,156720.4921,150466.1821,146532.4219,152649.8793,164476.7156,172089.4392,194831.2817,213163.6294,229370.4773,244668.2122
Clinton County,OH,39,27,,,,,96867.54766,96386.48,101584.0887,103268.5816,102358.4347,100363.5675,96389.82,93514.30013,91009.88812,94003.2142,99961.11999,107161.9678,117143.1911,126910.4988,134424.733,142287.2096,150749.3217,174652.2057,196304.6925,208111.326,219891.4884
Okanogan County,WA,53,47,,,,,,,,,,155392.3189,145274.5882,144430.645,151971.1375,152713.6073,153674.4669,156088.3832,166731.8164,174343.8027,183179.5805,196560.2004,210822.2535,241996.6551,288199.9821,301110.0192,297343.2688
Crawford County,OH,39,33,,,,,,,,,,,,,77395.85436,75950.35582,74275.13096,74455.07649,76802.46,77128.87812,79944.59679,85344.14823,95975.33334,108996.6959,122108.93,133530.6286,137076.4264
Nez Perce County,ID,16,69,,,,,,,,,,,167448.8466,157386.3538,157163.6498,166556.9692,168491.0609,175800.2092,185405.1179,196908.7233,205197.17,219707.7222,234089.3767,268388.5809,334592.4414,356362.1681,365288.62
Gratiot County,MI,26,57,,,,,,,,,,,,88836.57227,85244.14888,93509.09584,97992.36652,98204.86332,102298.9647,109387.1549,115130.4251,115266.0349,123030.76,138252.699,159259.5431,159591.3721,154806.1419
Marinette County,WI,55,75,,,,,,,,,,,97870.76501,91804.85897,91246.00584,94467.35401,95600.59259,98238.02084,103579.6485,103225.35,111616.8009,116120.1922,122735.511,135747.5231,156764.7101,169102.0956,180752.9867
Wharton County,TX,48,481,,,,,,,,,,,109763.3739,106773.1421,105364.126,105441.5862,110649.448,120622.1972,134051.7881,141909.9124,144020.9725,152167.4169,168090.65,179001.2936,193712.2096,200641.6565,193646.7525
Fayette County,TN,47,47,135012.2087,141352.9021,146716.3142,151676.3902,157051.3824,165579.4296,168135.157,176581.3503,185189.41,183703.2675,176087.0936,173458.0656,170131.27,174621.2897,182089.9231,192627.8197,201167.1161,210695.404,219628.0971,236401.0098,255443.0202,281409.4543,328118.9551,350469.3708,357768.6897
Baxter County,AR,5,5,89754.87944,93810.40896,96738.40996,99590.41839,103813.2992,109655.3238,123772.1889,139233.6263,141011.2023,140598.7633,135573.2886,133495.0895,133479.6251,126784.6532,128588.5712,132009.5054,136278.7473,139106.5219,142395.9825,147736.3647,156084.1131,166392.6266,200202.3074,205777.215,215121.6953
Tallapoosa County,AL,1,123,,,,,,,122066.908,131800.0316,136656.6919,132090.8154,127734.7401,118732.1257,118470.8791,121461.2508,122324.3181,122833.5036,122899.5227,128066.5218,136112.0672,145699.3903,157272.6866,175685.9264,203600.7683,211988.7556,215254.6242
Cooke County,TX,48,97,,,,,,,,,,,125943.2445,123831.9353,123207.047,125818.3545,132807.9516,141315.1676,158342.8048,164190.9835,184695.0204,199413.2584,213570.7888,237333.2665,281321.1933,298450.0711,299023.4028
McClain County,OK,40,87,103693.0082,107356.6886,112439.0775,118195.84,122343.9801,127824.1382,135018.0583,141678.7578,146389.1284,,144171.668,140977.1636,139767.9802,148361.501,155448.2834,162563.305,168769.0688,171372.5652,177272.9718,183413.3161,194740.7647,212027.4633,242687.0959,262476.1478,273039.5439
Tift County,GA,13,277,97845.49,103717.2872,107864.4934,111944.3185,115429.5696,122389.2185,127653.7197,133079.6687,134781.6908,130350.7052,120491.8619,114710.9181,108700.9191,109732.8726,113026.0411,113095.0941,116657.6,118395.9044,120545.4645,127846.4881,135774.7851,147465.5692,164228.3109,175557.9043,182081.3629
Benton County,MN,27,9,,,,,,,175028.9517,174907.7324,168899.8094,159408.6603,146473.5587,142227.0511,137248.1533,145980.1026,151094.3803,156441.2152,164679.5534,175079.6792,186540.5383,196319.2119,205717.9824,224342.5168,256312.6523,272638.4992,287608.6882
Fayette County,WV,54,19,,,,,,,,,,,,,,,,,,61059.40793,63328.8774,66008.12586,68866.59194,81295.3368,86522.09143,97747.35041,110330.6533
Tioga County,PA,42,117,80378.03089,84613.77563,89985.63176,95285.76637,102761.2962,114865.1128,127172.0144,130650.9956,131309.7985,131349.9442,128175.4568,130397.62,130834.924,146622.2545,141964.0858,136977.0573,139213.0613,137968.9518,139804.4941,142072.0465,149007.984,167355.2288,181762.8388,196382.1229,200671.5951
Preble County,OH,39,135,105606.0006,111470.163,115954.5627,119608.19,120785.0674,121807.5375,129325.7997,133988.7799,137155.8839,134105.7512,129736.3634,129085.6411,128541.2764,122459.4452,111640.006,109940.3434,112860.8319,113122.9214,119532.7994,132512.1381,140709.0462,159480.7815,176164.4674,189819.1214,205243.3259
Oconee County,GA,13,219,214059.6294,227749.3209,239154.8867,249109.1988,258539.3946,,277374.5273,284197.5331,292901.9712,282833.5358,259573.91,247434.8318,231930.4973,238347.6789,253140.5485,266281.6537,279143.5219,285620.4543,306341.1198,326501.4852,349311.15,385489.9733,458097.49,489828.3493,518563.3291
Mississippi County,AR,5,93,41494.54994,42700.324,44848.65816,46809.4929,48120.53187,50215.36095,53335.29831,54902.65281,55680.9808,56320.65902,55935.61,54339.76483,52510.72749,60898.02,58505.71602,54998.87061,53223.85858,56622.34418,60315.70082,70318.42302,67219.84,107394.4901,103359.4073,85850.56993,86485.48739
Cheatham County,TN,47,21,115244.6635,120896.8412,126020.1147,129971.1302,133000.27,136033.0957,142244.5169,150363.9806,158488.0523,157660.518,151250.3553,148467.1644,145466.4135,149500.3994,155511.224,162856.588,181705.1044,200996.8911,217816.6598,230808.07,252524.3705,279973.0066,347423.8251,362765.8626,374296.5642
Shawano County,WI,55,115,,,,,,,,,,,124825.8485,121206.721,117687.6849,118540.1156,120806.5642,119259.1218,125380.3508,129991.0296,137093.9546,145984.2058,158479.2051,176819.496,202052.715,209857.279,230841.0336
Sanilac County,MI,26,151,92740.87419,99535.68922,107074.2127,113047.2169,120113.8435,128184.1751,125159.9252,122452.1559,113963.4854,104636.3677,90331.29801,86605.84492,83285.72,92773.83428,101160.7731,106989.0562,113258.0489,117942.6513,131965.102,137286.7357,148927.6724,172632.107,198944.3099,195459.7104,190321.2576
Warren County,TN,47,177,82535.22184,84342.23105,87244.34,89556.40474,89254.62186,91740.00972,93988.10854,98402.61566,101497.5917,100141.7042,95295.71962,94688.84426,93170.38893,93983.08467,95624.09,98883.44378,105618.1848,115078.9189,123025.2946,132972.686,153379.3431,168984.5295,210144.377,218986.1455,237965.6846
Upshur County,TX,48,459,,,,,,,,,,,128646.7798,127039.4927,125326.1855,126307.2407,130261.65,139944.6859,144469.7356,148838.4292,149158.7863,160097.8689,170181.7402,186254.6762,216340.5254,235435.0392,235120.6522
Clatsop County,OR,41,7,,,,,185707.7267,210557.6145,256234.1169,288259.6139,293880.8359,275021.1321,249264.1864,235419.3124,225963.7132,225400.392,234037.4357,240243.6204,268183.5187,289800.6033,314039.2509,335114.7738,356717.406,404199.6586,488161.4938,527953.5765,532694.9678
Delaware County,OK,40,41,83769.61595,88949.43,93643.83,96994.07585,99431.87347,102650.0465,108217.6319,113897.5934,116720.1461,122586.8948,125573.8959,126175.005,126669.3016,133424.3169,139780.1136,143287.2653,145446.8421,148557.579,152904.048,157637.4534,165228.6365,190818.8894,233095.1561,242282.3507,244968.1555
Wyoming County,NY,36,121,69768.68,74953.12765,80436.06167,87784.93554,95246.11284,106958.8124,116304.8629,119224.9571,122365.9223,114507.6221,106867.4702,105810.7243,103359.2251,103658.8459,104731.7307,105090.3728,111392.0206,112713.8723,119270.4945,126328.7,134227.5112,153554.251,167966.8415,180654.6801,187833.8763
McKean County,PA,42,83,,,,,,,,,,,79517.92763,78545.74,77496.60467,82187.63743,83524.39887,85931.26824,89627.0795,90813.45138,91612.84137,88871.08702,90282.92169,100291.4112,107071.9598,105623.0031,107153.6238
Tazewell County,VA,51,185,,,,,,,,,,,94321.10408,95341.14,95047.02727,96199.96513,94854.12791,92711.16338,93839.21003,92957.23,91539.32193,90682.52213,94841.99889,105356.0692,114505.9313,122942.7405,131527.0516
Isanti County,MN,27,59,99835.72,108717.6918,120681.916,130938.1778,142705.2036,156062.6694,166113.3372,167906.9213,162060.44,153227.5635,140526.4885,135209.1435,129585.5769,144539.3252,162161.7,172656.7406,186546.546,199259.6919,217045.9017,232165.7957,241495.5506,272246.3804,305453.7381,319630.9993,326998.6043
Orleans County,NY,36,73,63130.70839,67265.99306,72287.97216,78602.53,85210.88435,93812.41594,100860.9898,104368.5544,109272.3163,102787.1074,96875.03225,94974.763,93003.69213,91139.14847,93057.06345,93167.91565,97726.73786,104348.8904,108335.8741,114094.1737,119405.98,137219.4441,150165.5431,164684.3074,177932.589
Knox County,ME,23,13,129713.699,143369.5023,159707.1523,179470.7197,206946.8792,238105.2022,227002.7288,232285.6161,237545.1781,227164.211,208990.6544,201268.2476,201551.1152,202467.3489,206584.511,209127.864,219113.2991,220247.3896,228230.7132,243328.7321,253761.5972,295256.7515,362187.415,398046.3151,423093.0223
Ottawa County,OH,39,123,124615.904,132307.3279,137251.7835,141879.2698,147539.2599,153968.7534,158114.2813,158357.8668,156867.1588,154695.4383,148976.994,146131.3246,144010.8384,145196.104,148008.2982,152674.2522,155397.8686,159696.2211,165759.0649,174824.79,183378.3715,208053.8629,233174.5748,248414.0587,259431.4772
Rio Arriba County,NM,35,39,,,,,,,,,,,,,192144.1357,196573.8734,186282.9325,191423.4769,193085.4768,205990.7719,203005.0062,217338.69,228141.6784,263068.4656,292895.79,289725.7568,303259.0257
Warren County,VA,51,187,,,,,120961.1862,144697.1256,180929.9471,189316.5193,184240.785,173251.6397,163209.441,158246.8437,156121.0038,168947.9337,192603.04,197606.8294,209514.9715,217561.8696,229355.3555,237802.8654,250220.0162,277239.27,313847.1149,332211.0005,354470.3393
Pike County,MS,28,113,,,,,,,,,,,102022.2667,100836.566,97736.71375,96955.90338,93237.61319,93450.2976,96518.59461,99275.83,103956.016,110394.8031,110358.3968,109149.5165,121139.5926,115704.0518,102840.3595
Pasquotank County,NC,37,139,,,,,,,,,,162928.2142,153097.95,144722.8549,139343.3567,136074.6923,130277.1789,126987.1188,134632.5849,137723.8591,141277.1441,152815.2039,154218.6507,175199.083,195199.3087,219517.2163,234097.6868
Marshall County,IA,19,127,,,,,,,,,,,94011.26156,92779.24823,91000.88081,90314.71396,91914.95948,86973.01503,94255.73,97232.90281,101780.8963,112800.7873,120335.1974,127547.7563,141810.7092,150080.0564,154038.3979
Amador County,CA,6,5,,,,,,249669.7964,292101.2941,292573.9983,253213.8648,205829.62,187136.791,178589.2119,174454.5804,182916.9706,217858.6797,240995.7009,268096.3129,289666.3734,318234.8608,333766.2602,341508.6222,370512.48,425888.383,424137.6723,420359.1984
Lagrange County,IN,18,87,,,,,,,,,,,155015.7891,156758.3077,155350.1098,161901.8957,165460.3021,169929.5229,180510.8458,192878.5032,202443.5254,218991.6263,235210.3254,259357.6428,306896.674,315268.2712,323712.7664
Mecosta County,MI,26,107,,,,,,,,,112358.3456,104721.4812,95812.15,93861.72285,91331.16803,95056.40082,102573.259,107979.1742,113138.0456,126231.3739,130992.2734,138415.9851,147317.5325,164331.507,189372.4385,197468.1905,202109.9525
Mower County,MN,27,99,70403.95,76070.44001,82260.9349,87258.47948,93485.98416,100279.5096,104457.9448,104068.87,100266.3807,95628.15274,88432.33,85960.50663,83226.85042,90587.92806,93057.47022,92098.95702,97732.48224,103098.8573,110138.9466,120535.4099,126823.9802,143238.8582,163336.2147,173179.4422,181981.67
Avoyelles Parish,LA,22,9,,,,,,,,,,,126582.3948,129272.5383,132165.2798,140408.7658,135294.69,141669.8193,150997.3691,144081.047,152921.2491,143508.1869,152432.3732,153262.9043,144072.3327,139627.0721,117063.1761
Snyder County,PA,42,109,,,,,,,,,,,,239189.5602,236905.2949,242991.4228,263505.8533,179834.3636,177703.07,175684.2748,180469.1368,175440.2165,190103.7726,204033.3203,219454.9406,225639.684,212760.3397
Murray County,GA,13,213,80208.38,86510.48163,90477.98451,93731.17056,97495.08563,,105603.5376,110416.5614,111160.698,107244.7854,98930.92475,93275.07158,87235.2345,89870.55,103344.509,105200.5513,112030.3428,118714.088,127386.3845,133481.5983,150816.0004,166090.161,198615.9573,207292.2879,220237.2194
Howell County,MO,29,91,,,,,,,,,,,91248.54438,90987.89,,98942.85079,99350.90814,100395.6477,108067.7729,115066.7652,114000.49,118539.7796,125080.5554,143022.2937,171160.9781,189968.7628,199206.5097
Okeechobee County,FL,12,93,76169.68097,81973.54806,89081.43235,96368.37802,106379.5675,117255.4278,147435.8202,154767.5144,138768.3257,113581.8701,98340.17026,91382.89411,87501.09,88105.42967,91722.15731,99172.42981,112295.3324,121864.752,135242.3024,152436.4989,164725.6429,181051.3617,221482.3177,254703.365,273137.9359
Sequoyah County,OK,40,135,72423.35247,75882.12,79816.4347,82496.46439,84746.39962,87982.8517,91564.35383,95830.27675,99271.97449,102936.1864,95980.99,89439.88156,88124.14544,85811.37,87352.68,84985.41824,89391.20535,95057.4122,99610.98254,104196.4523,112066.8295,125918.3825,147569.4688,162642.6144,166077.0729
Waldo County,ME,23,27,,,,153749.2055,170933.9527,195118.2661,202076.3273,206121.6775,205308.2551,196796.5926,185811.1332,188693.0063,175055.8635,175127.6264,176019.1783,172713.0638,180562.3968,179832.78,188440.8772,203989.5658,209265.4064,246376.4839,292333.3899,314756.2664,325378.3713
Harrison County,IN,18,61,,,,,,,,,,,130267.426,130335.2636,128719.5601,128248.1087,126428.5769,129546.8159,136631.2271,147775.4719,156774.5671,166727.1577,177023.9767,195196.8553,216899.7987,229505.7502,245218.8371
Latah County,ID,16,57,,,,,,,,,,,244657.2631,224894.0605,220286.5025,234757.6729,234171.82,235949.3864,247790.0063,247195.0702,258482.6653,279162.1947,307280.6864,341690.6002,420871.7041,437996.224,443487.2745
Hendry County,FL,12,51,51108.13,54654.94856,60093.71583,65944.21014,73178.4434,88223.58921,111067.2978,117563.0564,106158.7065,86415.34504,75625.54,70093.2437,65464.01589,69077.47279,78566.05271,85289.94077,99002.68,112497.7488,126217.0836,140671.7543,151875.4738,173304.3061,212201.40,247177.4953,277844.1128
Fremont County,WY,56,13,,,,,,,,,,,203995.5607,205845.3679,191682.8687,200062.0877,196752.9169,202818.2861,208619.897,205647.3324,199182.7355,202610.1807,212153.6292,227704.1695,268546.4629,298532.3383,311218.0352
Wayne County,WV,54,99,65189.27622,67671.40336,70202.69153,72812.46816,75552.21,82528.6624,90379.41181,93501.52591,94768.23973,93773.96557,93182.92909,95111.29544,92639.61716,92559.25804,89993.91734,91456.82204,91918.6908,92234.80734,93574.37664,98614.39964,101836.7621,114777.5963,120390.8183,125106.3863,126908.1632
Campbell County,TN,47,13,64447.71003,64455.82,66326.57776,67619.65912,69553.68481,73928.22852,80414.99428,86837.06218,89877.26,89522.36051,85720.2025,85804.03207,84719.94,86932.02768,92371.7973,93704.21661,98743.15,107888.2124,110894.2626,120204.6098,136734.404,144848.1073,181288.0484,194873.9469,217245.0846
Mayes County,OK,40,97,77819.55899,82132.05505,85808.70367,87946.83243,90804.79506,94736.4278,99546.12,104464.878,108065.001,111078.181,105355.2821,100562.9297,101016.2574,103259.2343,106958.2573,112876.8409,114557.8535,116667.5798,123481.1283,131761.5071,138968.7805,155087.1274,186802.85,196063.3089,199129.4195
Union County,AR,5,139,,,,,78344.82458,82888.57508,88287.63348,91410.45,92381.42216,91834.60966,85210.22375,83609.67256,81609.97625,85285.12901,87412.53504,89172.92421,90955.14229,93454.33886,97409.93519,99215.24241,106917.3598,116286.8393,128530.1788,117173.3416,118508.8182
Jim Wells County,TX,48,249,,,,,,,,,,,153612.7374,150597.6748,148487.9553,145958.6925,147572.662,144114.5027,150698.2345,143557.976,134562.9344,139152.9276,144247.7128,151501.8818,142368.28,134863.0658,127136.6223
Dallas County,AL,1,47,46312.86717,48172.91781,50421.26398,51923.06,53441.83081,55354.01384,59446.36644,66717.95843,68316.12804,70480.34722,68186.02283,65511.43871,59481.10191,60085.15029,69996.33081,74240.24032,78138.73582,74752.66,73963.50553,70584.62279,72092.5042,76644.92911,79655.06496,78475.82523,72365.8924
Des Moines County,IA,19,57,,,,,,,,,,,83693.52731,84631.33272,83963.11,86515.48605,89530.93356,96038.73,101805.7107,102310.4585,103587.8161,107195.5686,112321.4,119218.6029,123496.2155,132059.7201,134192.0431
Crawford County,KS,20,37,,,,,,,,,,,78031.18047,77319.06,77101.90,76293.0883,77094.54875,77361.74428,79608.70,79985.43422,76064.54673,79191.99104,82361.04838,93425.40923,104027.0717,115835.9713,120566.8145
Person County,NC,37,145,89449.15492,93573.72942,97918.8769,101461.6596,105318.4338,111876.5139,119596.7471,126174.5324,128053.4745,125362.4657,117746.0942,112664.0374,107988.9468,114101.3767,118912.3667,125723.1347,128613.375,136097.1779,146967.7689,152741.5288,161562.9594,186070.799,211699.3036,224304.2048,237443.0189
Webster County,MO,29,225,,,,,,,,,,,,,104748.7859,113695.7277,121394.9491,125678.8373,134277.0801,142774.405,152923.0912,159786.0085,171525.284,192875.3544,223435.922,244307.3325,250670.85
Susquehanna County,PA,42,115,,,,,,,,,,,180627.0804,168859.9651,160546.1109,161441.7965,166119.8143,168298.0397,176747.941,183605.6286,186520.7162,169506.4809,170873.5826,186083.4724,204741.3065,212481.5116,211451.8549
Warren County,PA,42,123,,,,,,,,,,,,,,,,,,91122.2346,83705.36101,88197.49,97944.45693,108582.7733,120058.7424,127776.018,138975.9264
Douglas County,MN,27,41,,,,,187145.9644,204451.8244,205401.1464,208879.8153,202875.7205,194093.4769,180071.6486,172451.3656,165510.5889,171108.6057,177845.1897,184474.1216,199556.3593,208116.0871,217866.596,228178.5775,240037.3566,263002.7123,295232.9119,308832.83,325414.6507
Oconto County,WI,55,83,,,,,,,,,,121857.8011,116508.0109,115069.7778,113986.2986,119326.7472,120892.9237,126040.6817,134530.3206,141026.8943,149411.6572,159455.2539,168455.4779,185749.8605,217239.2523,238226.1665,258482.6871
Champaign County,OH,39,21,98831.50567,104448.4324,108684.9397,111984.647,115834.2266,120352.5166,123478.3923,123299.0654,121698.3839,119056.8404,114772.5018,112548.3767,110162.4799,114363.991,119509.68,121523.6408,126144.3327,129091.1587,136893.9246,147640.1947,157053.7655,176006.1628,191027.9519,211759.745,222017.7752
Gloucester County,VA,51,73,,,,,,,,,,,215024.7744,212103.1209,207777.6818,209350.141,209969.9922,212654.7091,221179.0982,225479.5402,233168.425,237214.4118,244559.2013,271962.2862,297862.9868,322078.11,338739.2951
Guernsey County,OH,39,59,74474.16659,78578.10618,82824.618,85623.40781,89583.60,92834.20214,77292.52851,77999.73163,77920.49,77229.49828,74735.19401,73377.08046,74477.09838,79419.93518,81950.18319,89024.1408,98382.38338,96286.49319,95110.45076,95135.5457,104933.0335,119492.6107,134765.0117,136466.4259,142831.9116
Woodford County,IL,17,203,,,,,,,,,171274.6585,162267.139,152004.4802,146565.3264,142482.7276,152616.2883,158265.7328,162202.3891,166663.3794,162448.0872,157640.11,152054.0602,164210.9174,179310.7372,185572.3825,193893.6241,198268.1723
Colleton County,SC,45,29,,,,,,,103408.2958,111761.927,116591.7881,114922.2534,104152.1014,101223.33,102687.1348,107268.1334,105810.9845,105590.5668,116216.6426,128277.4925,131964.5475,141454.1237,149615.442,173460.6647,192262.3632,204182.8211,215361.7926
Brown County,SD,46,13,,,,,,,,,,,129846.2658,132093.4974,133224.8642,145721.5443,150023.7007,149187.75,149174.6319,151141.5255,156443.299,160899.4235,171767.1294,185294.965,202452.3752,214137.1372,219054.5877
Williams County,ND,38,105,,,,,,,,,,,181102.5349,198121.9529,206601.4278,256486.7179,286327.6009,316274.69,323707.5506,280964.5482,266537.9066,267822.5853,298045.44,306091.16,314773.5492,320243.011,310018.4838
Finney County,KS,20,55,,,,,,,,,,,123929.3697,124805.89,125744.2413,129442.6952,131227.2237,136583.993,145571.7743,148929.8789,152843.4123,158970.9366,170348.7924,185883.9336,206983.88,223899.5978,227552.1469
Defiance County,OH,39,39,85940.0922,90271.23023,93685.6603,95784.00473,98565.64212,102580.3575,103238.7189,101805.0159,99701.52,97227.32538,92880.58033,91402.69838,91025.52457,95254.38093,101671.1247,103311.2019,106886.2951,111821.3064,115617.0654,122668.4019,127272.0224,141991.3103,153806.1149,161207.8068,170343.0899
Isle of Wight County,VA,51,93,127289.7102,136435.572,147026.0098,158698.3941,174893.1773,207559.5126,244167.0944,257470.3054,265561.1843,253154.1488,239044.1569,232903.4199,226650.272,233103.7802,236683.0961,240353.1029,256287.3033,262703.0055,271483.349,275799.3216,289796.2437,307263.5549,334380.0188,352590.9697,356076.6419
Scott County,MO,29,201,,,,,,,,,,,,,,,,,,115015.3562,121103.0149,127133.9357,126106.5612,136909.3706,145840.3393,149030.3273,144960.9171
Graham County,AZ,4,9,98523.47833,102713.7061,108372.5034,112074.5752,118426.5237,138968.993,178719.6658,185847.195,174018.7938,148581.7845,125407.9157,112497.0913,108156.9969,131060.1159,147274.7642,154955.8756,159896.969,163302.1542,166720.82,175742.4579,197585.5713,218503.8989,250507.4095,261380.838,266433.2665
Lawrence County,MO,29,109,,,,,,,,,,,,83608.19787,81890.56541,85975.97699,89827.05,89756.13565,93272.52418,98110.43143,104723.9046,113062.889,119154.2258,134955.8531,157094.4858,174588.1818,180354.1643
Pontotoc County,OK,40,123,66493.38195,69760.87357,72346.03371,74688.65776,77083.74683,80266.42247,84192.94618,88336.65,94859.9644,101299.335,105279.3424,104305.0265,101120.0046,100706.2519,99041.05103,103618.1137,105910.8786,103506.4695,110272.573,114230.432,119527.6884,132003.4191,153750.2677,170192.2586,169166.0027
Brown County,TX,48,49,,,,,,,,,,,112632.7491,111500.8567,111393.8007,109437.8047,109833.5611,114306.7113,117395.4706,116432.8282,119439.2243,127939.1132,136446.4368,150217.1755,176438.9311,180872.0382,179206.7762
Franklin County,IL,17,55,,,,,,,,,,,,,89253.72,94684.01451,101746.5909,101581.858,100766.0897,87918.61157,87265.90119,91274.17337,98524.67574,106802.3705,97645.72,99848.07567,88317.23605
Montgomery County,IN,18,107,,,,,,,,,,,102238.993,100769.79,100194.6081,99899.23045,100816.7534,107287.5284,113281.9458,118185.8202,124737.1193,131419.9717,142786.9366,156731.8295,181629.48,194937.7349,200384.6971
Cass County,IN,18,17,,,,,,,,,,,,,70953.83915,70839.25913,71986.85101,72308.83606,75450.80247,80595.85716,83224.71256,92392.48748,96739.39802,112697.6084,125424.6133,135601.3837,144663.9211
Natchitoches Parish,LA,22,69,,,,,,,,,,,,,,,,157347.0042,164332.36,152771.5347,154805.0939,162057.8184,166130.0208,175349.8111,180226.1868,176725.6514,161246.6281
Newberry County,SC,45,71,,,,,,,,,,,141168.7124,138226.9896,136875.2161,136817.9281,132133.9758,136399.0579,145064.7091,148555.4434,150201.0348,151367.4046,171104.5835,200933.0075,227295.3509,229237.3133,224845.0008
Clinton County,PA,42,35,,,,,,,,,,,129392.7707,122272.2214,120741.7999,120255.7789,126351.29,126468.1026,131524.5617,133850.2587,137938.7479,141944.8418,146686.3862,157719.6635,173014.756,180443.6491,182541.6612
Independence County,AR,5,63,73376.67692,77806.15985,81146.09,83982.24,87421.02048,92700.75592,99984.54695,104299.121,105598.9474,104510.4973,102053.3237,99942.83,98544.31801,102465.044,103419.2455,103801.4323,109270.3385,112286.2819,115355.4444,118299.0827,124241.2985,133228.0708,151284.8857,150134.6956,148904.2379
Marion County,IL,17,121,,,,,,,,,,,,,,,,,,76164.75,77343.26211,71332.37762,74471.16907,82751.65727,90201.19926,96073.02978,99425.64924
Jasper County,IA,19,99,76757.06142,81358.59698,84964.95824,87961.0156,91122.63892,95615.33134,99049.06064,100691.173,102126.099,101369.4486,100955.592,99973.67204,97928.20519,100823.7671,104490.887,108035.9455,116511.5743,121808.4498,130995.3078,142428.012,152304.0085,164239.2988,183591.574,199719.1578,204500.4462
Clarion County,PA,42,31,,,,,,,,,,,,,90181.98423,96548.84938,102994.4948,98486.21,98744.31002,97114.91912,99717.13166,94388.37,103940.4381,107781.4417,114782.0386,113713.7292,113685.25
Talbot County,MD,24,41,191856.8085,204689.7267,224694.0861,242511.7098,289016.4326,334233.5202,394550.6908,,401832.085,367078.9656,339051.5686,321904.6811,298631.9739,290279.5234,299935.4958,304445.2957,314475.3516,317618.6779,325475.3692,332461.805,342513.7959,374531.4046,426488.9182,445119.54,468637.7321
Essex County,NY,36,31,78313.72881,84996.96,91857.56809,101420.7155,111853.2155,127524.1061,143219.9625,147981.6225,155445.9391,157465.7631,151491.9542,153764.27,154044.4059,152027.58,153162.538,154243.5943,159981.8701,163372.2403,166694.996,171937.3656,177229.3261,203764.008,231042.5823,255285.9733,289793.4451
Covington County,AL,1,39,,,,,,,,,,,,,,,,95681.18732,99157.47897,104777.96,104922.8797,107051.9017,108326.577,122003.5358,148417.7368,143452.7457,141555.1676
Houghton County,MI,26,61,,,,,,,,,,,,,,,111153.25,107378.0537,110253.8098,112485.8165,123326.7849,126530.1638,127014.1703,131783.5752,151227.4925,160221.8859,160639.992
Oneida County,WI,55,85,,,,,,,,,,,,,161996.504,163871.2525,167013.557,175880.2589,182401.2829,188582.4339,191941.3385,198079.2959,214437.439,238265.3055,266922.59,284878.5634,291014.8391
Boone County,AR,5,9,86831.22849,90901.29667,94050.50089,96641.63,99998.04514,107059.0389,115357.9639,120591.2927,119455.9022,120463.1553,114560.7154,114596.2908,113261.4218,114655.9683,113391.3772,115814.1605,121521.6512,122198.6098,128581.6536,131884.5957,138781.1429,150836.3009,176232.8665,192212.9953,207788.7983
Steele County,MN,27,147,,,,,,,,,,149970.6362,139670.7054,136448.2122,132168.1134,136740.794,143381.8447,148331.2941,155244.9698,166383.759,175488.9065,185972.7856,196000.263,217090.3592,250406.2301,260822.0922,273083.4859
Jefferson County,IL,17,81,,,,,,,,,,,93175.43894,95085.52,92007.20,107777.4205,141545.7464,151340.8616,153653.307,106706.3773,94832.23009,87186.30726,97339.18307,96760.46965,101164.5481,108449.0828,108941.0733
Webster Parish,LA,22,119,,,,,,,,,,,87132.52102,88511.87,96738.38952,96985.47605,105722.1841,113792.2475,136915.9967,126806.7706,121379.1135,122196.1119,131054.4197,132469.8481,117809.7103,119781.5988,122466.3356
Albany County,WY,56,1,,,,,,,,,,,205681.7301,202989.3476,203800.3034,220168.6388,220756.5298,226596.1209,235292.247,245951.2277,246519.9259,253238.3837,269799.675,291651.7584,328984.2802,356207.5932,360768.4512
Addison County,VT,50,1,142970.5614,151316.1075,163814.8183,174886.8299,193512.3614,223313.9027,249503.0853,264681.0088,266394.9113,254156.79,248035.055,249784.6686,250037.5231,256742.1964,258243.214,264789.9494,270045.5717,277775.0213,293093.7427,307764.018,317231.4611,343042.32,385689.7859,410513.1469,430204.9491
Calloway County,KY,21,35,27103.47372,28065.06766,28742.8347,29471.72343,30818.68781,32339.74986,34188.59,35606.65968,36627.36699,36661.43165,36443.87286,36719.12057,37675.31868,,40436.13129,40287.78,41338.94303,44383.05629,50314.91357,58488.74748,62228.3098,80925.0507,91051.22586,105200.1515,94546.8574
Dodge County,NE,31,53,,,,,,,,,,100754.8405,100037.7573,98926.53061,99222.24049,99964.15562,105262.9355,111898.5906,117945.2042,124224.5993,137878.4354,152158.7296,156620.0082,172163.8337,195433.60,212634.6426,223547.1562
Bennington County,VT,50,3,119167.3009,127000.8158,136570.0746,146996.921,163056.0772,187802.5281,210079.4608,221522.3209,224579.98,218858.0594,213946.4298,214984.475,210605.5366,218211.1907,221323.6748,224582.7969,224807.2808,224862.006,237691.6969,242841.5305,250156.6551,272106.7683,327333.2066,356684.9947,368685.1008
Yadkin County,NC,37,197,,,,,,,,,,,,,112866.6133,115635.61,120225.3671,123243.7712,129515.0766,132750.0475,143446.89,143855.4185,157355.7487,177517.1673,183305.5833,205645.2882,215565.789
Louisa County,VA,51,109,,,,,,,,,,205742.7008,194256.2503,187012.2558,183045.4754,185460.0791,188630.3108,196203.66,207599.6824,215671.496,228988.5923,239010.1807,253174.1327,283769.6578,320914.176,342743.6713,362991.6015
Webster County,IA,19,187,65513.84218,69421.94873,72863.49965,74914.99248,77185.88997,80608.52462,83495.74466,84935.20993,84005.14148,83724.843,82581.14688,82091.9371,81150.49998,79661.31844,86535.12813,86097.31366,94696.7904,96333.94436,99895.07326,106355.4878,111634.4913,120160.8796,134598.1595,138130.8116,136456.4357
Green County,WI,55,45,,,,,,,,,,151085.7952,144591.8445,141374.1307,138129.78,141989.0655,147989.8699,153281.4097,163390.6279,172950.8316,181874.4695,193371.8883,206991.317,227970.0869,255358.6286,269974.6859,287308.098
Chippewa County,MI,26,33,,,,,,,,,,,114008.2474,111744.0569,111912.5461,117779.0579,122120.229,120072.4972,117169.2873,106029.5321,101228.0171,119613.4349,131013.5207,145142.2946,157670.5127,166650.8362,166420.8077
Clinton County,IL,17,27,,,,,,,,,,,127914.652,127984.9052,125357.6424,127255.6556,128604.2039,130883.4742,132940.5428,130360.5719,136480.5213,147694.67,151187.9772,163935.7987,178459.8597,186098.0729,191812.6996
Okmulgee County,OK,40,111,45990.71422,47831.85202,50743.5269,53028.16063,54766.13428,57462.28402,60290.96,63559.94568,64318.3535,67036.24774,62658.98274,59885.11979,58196.36692,59037.65044,62116.1406,66289.59634,66952.73388,66865.27997,70448.95,73708.4037,78081.29675,89693.77752,105298.16,115402.0852,118415.9598
Williams County,OH,39,171,80086.81733,84813.92,87121.24608,89339.25453,91809.37907,94357.39,95917.62402,95594.40504,94138.18348,91442.4087,87459.61531,85196.23595,83019.73512,85194.10,88484.22843,88924.991,93426.01902,96947.61485,101177.3327,108643.1561,113706.2499,130323.9077,143714.4704,153956.8449,162745.6812
Dyer County,TN,47,45,92102.27103,95215.10053,97348.95,98731.55788,91359.87179,92496.50669,99914.68435,104825.31,105626.2085,102251.251,96760.99,94515.88165,92356.38945,93221.2778,94745.49568,97024.49514,104038.4449,107182.4678,107017.669,116272.3847,124303.5598,129964.1703,147517.7445,149030.9474,157945.3174
Escambia County,AL,1,53,,,,,,,,,,,,,89851.1624,89143.1663,92372.77407,90355.13,98681.9147,99471.49627,97749.2687,101320.7278,107866.7638,119165.6874,138471.3162,144833.6483,150321.9267
Putnam County,IN,18,133,,,,,,,,,,,115464.2103,113966.5205,112610.8505,115660.7173,120964.8806,123620.8934,126067.0159,134737.9949,144280.4917,152588.1657,162501.7269,182036.9304,213367.423,228979.1594,242453.2275
Delta County,MI,26,41,,,,,,,,,,,,,101082.9088,108535.748,110988.8608,104751.3007,111504.4096,108692.2536,115018.3089,115879.694,123174.8506,136336.4504,150849.8642,158923.6288,167947.3303
Graves County,KY,21,83,,,,,60681.82587,61624.62967,64094.03917,65430.98922,66110.83727,67004.79749,65907.28237,65875.75365,64886.98834,65590.36773,66420.00067,68547.08469,72542.14716,73417.93965,78817.88716,85932.86,91546.29038,107529.9826,117635.5104,136394.10,138069.3522
Dare County,NC,37,55,,233304.6652,247808.6872,266901.154,286710.7603,316652.3104,364785.9518,380235.7382,374073.9798,353025.3673,326362.918,307916.11,292558.8322,308617.89,323786.0314,315006.8344,327144.183,335396.2136,345469.95,363909.4748,368148.2163,410097.0611,519074.3094,587020.2048,606375.4365
Clark County,KY,21,49,87668.383,92135.64841,95829.14193,99687.42,104357.1096,109659.825,114695.1168,118121.4544,120175.4183,118995.5422,116067.388,114836.6989,112248.1015,118407.312,115422.4806,115734.139,122600.3582,132167.0441,139691.4905,147859.6467,154551.2029,174873.1798,193183.78,211358.5252,228281.0855
Hopkins County,TX,48,223,,,,,,,,,,,,,,,,,,157972.7792,165076.5505,167231.1566,183541.33,214003.3301,249861.1108,264876.254,255162.633
McLeod County,MN,27,85,,,,,,142174.8897,151616.4326,151566.102,147206.6413,138580.5557,127055.2865,122176.3338,116162.2399,123812.2103,136753.4093,146766.3652,157789.21,168055.4801,178692.1327,185408.4685,197141.0808,214888.6545,249234.4131,260367.3186,273230.5417
Coshocton County,OH,39,31,,,,,,,,,,,79913.3078,77903.7976,76645.73,81498.61229,83681.31449,85871.0451,91614.69788,95297.91777,95886.61904,102718.47,111382.8388,125691.7552,138682.9831,150086.2624,156898.7682
Whitley County,KY,21,235,,,,,,,,,,,,70725.27008,69526.01108,72120.87709,71622.59075,73858.73682,79772.46465,85378.43311,86669.16359,87654.44251,89959.71749,109542.1192,118110.7268,123466.2697,122550.1895
Huntington County,IN,18,69,,,,,,,,,,,92748.50996,91007.29,89661.34558,92891.98863,94909.19002,99013.82838,103765.5589,108702.2331,112102.2268,119794.9644,127158.0043,139873.9579,157732.2839,170510.0162,182722.1648
Macon County,NC,37,113,108083.4909,114631.3204,120591.6805,126407.5089,133141.3929,143238.9215,157848.3057,171870.9885,179379.4799,181747.8213,172955.8052,166657.1412,159269.6159,160394.3979,164751.9846,171069.5118,174610.0354,179585.6167,192092.3624,200205.1127,208377.7714,241264.7449,289343.4797,321124.0017,336536.5244
Wise County,VA,51,195,,,,,,,,,,,90957.16611,90468.79,90652.89,93081.00349,87056.51061,85326.19083,77981.61598,77291.09743,81068.35062,85905.6029,81447.92613,92896.26605,105702.748,113120.5998,117661.1073
Sagadahoc County,ME,23,23,121831.1053,132477.7045,143787.9655,158585.4065,176188.6969,202769.6576,199275.4896,195819.0916,197274.4448,191017.9266,183551.4503,179323.8784,176719.3104,176412.3505,183806.2149,185723.1314,202085.7658,208768.3682,221557.3657,233995.3235,246409.2628,285778.44,330655.218,366465.4426,399745.1136
Monroe County,IL,17,133,,,,,,,202077.6239,208879.3735,206583.6893,194304.3398,180595.2536,175935.6862,170409.9443,175096.1204,181542.7414,193121.2359,195622.7465,192663.5193,203377.1101,207677.8049,219310.0448,240525.63,255211.5427,271007.4254,285089.4225
Geary County,KS,20,61,,,,,,,,,,,,,141940.0023,150993.705,149648.9138,145251.0244,140189.3638,134912.67,138984.5577,140429.772,145408.2497,153302.1548,171532.6402,181275.0642,178730.9238
Alexander County,NC,37,3,,,,,,,,,,,118094.03,114090.6362,112567.0787,117024.5502,117958.2603,123110.4596,128231.9994,133119.1006,140488.9419,143187.5364,160966.8695,187356.0082,210261.6219,222959.9989,234709.771
Beauregard Parish,LA,22,11,,,,,,,,,,,,,,132728.4081,151586.8598,155249.0747,168709.4484,168790.1762,161233.17,168114.7402,194114.3968,187029.5189,171022.0259,167164.1238,154613.6623
Knox County,IN,18,83,,,,,,,,,,,,,76863.93696,79019.28986,79668.88057,81605.17,84743.20376,87375.56032,85582.89,88901.15838,96998.48717,107068.0388,120468.0224,128240.9416,137696.8957
Matagorda County,TX,48,321,,,,,,,,,,,129438.0155,128446.8021,129009.2904,130278.3928,135821.8813,138294.247,151902.1341,158894.3041,164957.7229,174925.62,171178.4565,184124.6271,201832.3558,207541.4824,201693.3814
Greene County,PA,42,59,,,,,,,,,,,83848.14,87420.37186,88544.83567,107461.6795,117573.8486,114334.2888,113865.977,111515.8293,117022.98,121697.859,120536.538,140886.6014,142288.1783,144390.5479,143749.7699
Scotts Bluff County,NE,31,157,,,,,,,,,,,111158.847,106593.9643,108420.5994,108469.9213,109829.5129,114021.3561,118169.5559,119634.1991,123868.5045,126422.5099,132997.1985,141905.0196,154645.9568,167182.9278,176272.5582
Carlton County,MN,27,17,,,,,,,,,,161119.0227,150559.5564,147089.8007,140585.54,145086.4839,149654.536,149065.6775,159671.464,165992.4686,172528.5706,179505.1071,192614.4249,212315.3247,240865.7434,254427.7172,267940.4933
Floyd County,KY,21,71,45189.64,47778.11769,49325.60829,51135.94939,53240.55214,55326.56954,54548.15949,56263.57536,57428.36976,58147.85513,58130.84,57449.99139,57916.05757,58982.38498,59117.49407,63194.13961,59865.06647,61263.30551,63696.17623,65916.46918,61675.48002,72238.57366,72584.11446,78697.04284,73986.25438
Miami County,IN,18,103,,,,,,,,,,,67794.65715,66373.46781,65681.56752,65638.29573,67264.81676,72118.30753,78524.0021,80583.11799,85431.48417,93461.00931,99702.57968,112417.8706,127927.9104,132741.3731,138255.6441
Ware County,GA,13,299,50123.62363,53588.30345,56239.42387,58750.80815,60903.94865,64493.54308,68255.57776,71946.99821,73361.12061,70747.79751,66145.38926,62692.83609,58930.56136,59803.93229,59422.1039,62329.25527,65049.67896,65566.92672,67620.17194,74654.30805,78980.22,88358.39344,108380.7664,118257.9357,122501.2892
Orange County,VA,51,137,,,,,,,,,,188403.8587,181028.054,176081.0946,172187.8524,175165.3943,184968.4383,194305.9651,202452.7069,208775.7471,216157.7489,223029.444,234761.9152,266003.5051,309996.1376,326015.8714,346137.2107
Greenup County,KY,21,89,,,,,,,,,,,,89471.88086,89512.23,92697.06,101130.9215,100114.7946,99119.54843,102120.6901,105019.0172,108761.5253,106083.6047,115773.7754,126507.8798,134865.6367,135709.3259
Livingston County,IL,17,105,73612.38292,76320.6875,80267.06164,84616.81448,89628.42602,96958.73724,103887.6398,106728.3846,105399.0889,97409.8224,99743.03494,101766.3943,100047.3133,101467.2772,98492.37697,93895.00832,97010.05793,95301.05098,95938.24782,99086.11796,108410.4194,113667.9763,124150.4841,132064.3924,140632.9636
Laclede County,MO,29,105,,,,,,,,,,,114613.2174,112479.6527,110157.1125,107190.4709,108865.2372,117555.3496,120618.3141,124932.458,127580.3665,134023.496,144083.8758,160038.4833,184659.8124,203216.2394,212791.4168
Cocke County,TN,47,29,66580.55539,71273.61024,72829.75486,74412.15,77365.39,82023.70,90426.11693,97895.84134,101643.3228,103228.5622,99929.34747,98514.78332,97261.21051,105088.1908,108101.9702,108076.6251,117988.5221,124828.0171,135270.0778,135589.2641,157295.5754,168826.906,201345.5924,200863.4635,212705.4683
Hill County,TX,48,217,,,,,,,,,,,88039.57877,86562.03096,85805.59946,83733.66652,89437.76016,91697.95291,100239.0627,108780.5483,120366.5101,130570.6834,142773.4609,164157.9893,196886.8916,202616.3802,208146.6384
Adams County,IN,18,1,,,,,,,,,,,115429.6298,113870.5727,112841.7619,111578.9644,112249.3751,116402.1706,120182.7064,126552.9741,133176.6658,140419.1877,149920.8617,161819.7116,181150.7276,197844.8301,213503.8376
Sioux County,IA,19,167,,,,,,,,,,,144415.1002,144720.8905,146754.5483,154345.4522,159578.2958,160649.1144,173756.8053,176848.9919,185997.235,192259.2767,206165.4065,219369.0059,244527.8426,259770.4864,267577.8118
Washington County,TX,48,477,,,,,,,,,,,169035.9108,168629.3089,167939.2094,169890.5785,176639.2673,185036.0697,203737.1294,211720.3237,221447.0185,231172.2134,247114.1397,267924.2424,314334.5678,331239.696,328394.6387
Madison County,NE,31,119,,,,,,,,,,,108568.4711,107391.4528,109357.9163,115587.9131,120394.3078,126812.4165,136738.7515,144783.8189,154791.69,163261.0422,172948.5075,182532.146,202885.729,217502.2763,226324.5674
Uintah County,UT,49,47,,,,,,,,,,,180700.5954,175299.0177,171645.32,195951.224,210012.4432,216333.2808,220322.8049,188445.508,178564.3409,189701.4988,220991.2234,232376.131,270579.5487,304018.7201,332842.0556
Fannin County,TX,48,147,,,,,,,,,,,100664.3462,99530.01,98249.51,99109.40627,103877.8962,110418.8213,123337.0975,137334.9656,148272.6771,163238.1116,175748.658,195997.4635,241637.3762,257929.14,254592.9763
Perry County,OH,39,127,69132.40451,74165.29,77608.48825,80070.16156,83809.14601,87665.89,88618.39293,88656.56283,87683.25568,85976.09513,82652.98234,85264.01755,83342.47169,86662.38698,93116.55078,93568.6383,99934.68,115723.663,117604.7567,120139.239,128010.3299,148942.9206,165625.2924,182182.6396,202982.8981
Wapello County,IA,19,179,,,,,,,,,,,69202.76011,69496.45613,70794.73948,74507.48112,74473.02725,75979.70,89284.29441,83565.73508,77091.5134,82784.76,84621.10,91467.90971,99459.76699,109277.0033,116352.7291
Lincoln County,ME,23,15,129161.5783,137210.9587,149524.9137,166542.0781,183132.2328,211948.1474,233493.7299,237595.599,240313.8113,231918.7763,217891.3996,207114.3491,207652.52,213186.1033,215937.4488,212613.4396,223139.8145,228476.654,236255.2632,249181.4088,268845.6225,315357.2661,374639.3299,408620.7838,436532.74
Lincoln County,TN,47,103,82850.18741,86468.33993,89982.25602,92544.91121,96128.38285,99717.4614,103075.1801,109055.2028,115068.4998,115230.2518,111140.0124,110012.3646,108182.4487,109618.8146,111923.87,114054.5181,120822.6993,129618.3217,136837.7222,146079.6077,162054.2745,180713.0313,215565.8275,227381.6528,237315.2505
Warren County,MO,29,219,,,,,,,,,,,174932.8489,170593.6716,166985.3426,175563.3009,179960.2662,179791.6139,194655.5727,207022.2025,213452.1843,224324.3774,226770.9798,253185.8925,276840.7477,292600.09,304859.4995
Silver Bow County,MT,30,93,,,,,,,,,,,,,103197.1169,106878.4457,108043.0188,108559.7516,119113.9686,124492.3441,134655.7076,145091.2186,155389.3528,175196.9781,225474.6742,252498.6785,268669.9311
Becker County,MN,27,5,,,,,,,,,,169027.58,158584.94,167954.1338,169084.6594,176910.118,186062.8362,195932.3347,210406.3432,221565.772,232439.1882,242930.2686,251776.9804,278047.8393,308775.5804,336222.7276,348334.135
Alcorn County,MS,28,3,,,,,,,,,,,,,107123.0759,105679.2498,99718.15908,104650.8125,108617.263,116554.5411,116496.0922,118951.322,123983.8314,130307.7756,157981.8599,150543.6749,147397.9138
Lincoln County,MS,28,85,,,,,,,,,,,,,,,109699.7052,116060.0182,128400.4847,139801.183,153245.2727,149535.7245,160694.9806,173286.4682,189762.7342,179341.1294,174081.873
Lincoln County,NE,31,111,,,,,,,,121717.9427,124014.5508,124924.9542,122823.0472,114893.9415,116297.9235,119983.5524,123576.6976,125751.0678,133465.5644,140944.4126,144632.8744,147632.5287,154320.8675,160889.5895,175153.5966,190770.8258,195719.3397
Morrow County,OH,39,117,,,,,,,,,,,,,95067.96595,110757.7425,119952.8823,147222.9914,155229.4862,171174.8203,185908.5169,187169.0302,199300.819,225246.1894,242718.6425,254509.8429,255812.2483
Chambers County,AL,1,17,,,,,,,,,,,83177.44985,76233.00221,72462.73518,71498.55315,76687.49147,80330.15964,83134.32184,86017.27268,92975.26582,93097.70706,97734.82217,110401.6918,124803.0753,122843.7141,121701.8293
Cowley County,KS,20,35,,,,,,,,,,,,,63418.85003,63715.90294,63564.32378,62114.17788,68403.92,72835.12,70904.74195,71528.7729,75290.2451,85224.19561,96564.20074,106083.5655,108944.8358
Clark County,WI,55,19,,,,,,,,,,,,,104820.4166,108156.6312,110407.6131,110210.8874,115462.2914,118781.2364,126029.8304,136309.9598,141936.8475,155031.0759,168945.7742,176529.5061,184496.6731
Barry County,MO,29,9,,,,,,,,,,,,,,,107553.0499,106726.7596,113588.7757,120177.8649,125812.7135,135129.4327,144625.7046,164360.5209,194317.7753,213314.74,221178.95
Howard County,TX,48,227,,,,,,,,,,,,,81847.40453,89718.66,105406.9965,121815.7155,132681.3556,116073.5673,113064.9338,130429.8121,141285.3711,149858.299,146711.91,136048.4964,134899.052
Effingham County,IL,17,49,,,,,,,,,,,124626.9152,121743.5391,120271.53,123247.2918,126327.6221,127974.6666,134885.2124,136105.642,143779.4759,148866.84,155903.6634,166461.4106,186418.7653,196773.098,198449.8709
Monroe County,MS,28,95,,,,,,,,,,,,,,,,,,116315.682,113011.724,107947.0833,108462.9324,121689.035,152436.8036,147594.8103,142096.8765
Ford County,KS,20,57,,,,,,,,,,,,,,,,,,107556.1272,113656.2675,118917.475,123302.98,136877.3746,153558.7285,171683.7899,193477.8999
Putnam County,OH,39,137,100969.2259,107491.3206,112082.2254,115273.2912,118619.9335,123729.5636,126585.2344,126767.6278,125716.3991,125355.4226,,131584.7442,130770.6996,136359.7109,136344.3311,137356.5804,143135.7465,147712.9842,151919.5265,158730.6264,169817.3197,185087.9031,211922.0653,219646.5824,227877.893
Steuben County,IN,18,151,,,,,,,,,,151947.6989,146401.9645,144654.8411,141688.3059,148794.404,151291.0372,157331.9361,164571.8284,171752.6875,182884.6767,191980.3379,202220.3889,226760.1889,269686.8905,280188.9526,294116.6626
Lee County,IL,17,103,,,,,,,,139622.6888,139376.582,130177.9944,122830.688,119429.5726,110047.9266,111486.6147,82125.1133,69014.31886,75420.82531,93049.05,117333.429,119755.7559,122372.0846,134721.346,144942.0583,147494.2365,157019.3638
Scotland County,NC,37,165,57152.74716,60892.07,62715.75636,64476.67185,65768.94556,68185.40532,73011.13621,77823.575,79885.45067,79491.74186,75786.65353,73808.74016,72023.64198,70555.08271,70596.03441,69669.47246,72510.50334,73709.04176,75017.26359,74819.60083,77102.11284,89950.01,102553.5181,124427.3804,130831.0079
Taos County,NM,35,55,,,,,,,,,,,,,266890.5442,270025.4062,292070.8729,281245.2247,314540.8461,325459.5613,329696.5625,347669.1695,360819.2443,409890.3332,464111.1263,480787.7615,454114.2107
Harris County,GA,13,145,,,,,,,,,,236300.5078,217686.4242,199814.9061,193175.9755,193893.7257,197866.6415,199659.5188,204330.8825,204861.5007,212163.2449,223958.4375,234553.0065,262345.2349,292920.166,315353.5658,329901.8477
Brookings County,SD,46,11,,,,,,,,,,,,,163930.4967,168618.305,171457.9294,175342.8181,186232.5017,192424.9005,200861.9708,206680.3738,214971.8167,235125.5977,260935.4671,280626.6655,288214.6328
Nicollet County,MN,27,103,,,,,179048.5062,189996.158,199658.1481,199294.6231,193326.422,187020.782,174998.3919,172140.5021,167852.9124,171101.7961,178146.4151,179551.2813,187552.8235,200101.6577,209746.4188,218597.9914,230261.1177,246407.0857,269961.3502,287023.5883,296762.9351
Preston County,WV,54,77,61939.4317,66789.49086,70978.55,75309.95859,78751.38,85871.6555,97575.59009,103597.428,108056.5506,101411.064,103490.5454,103346.3423,102698.3739,116312.79,110394.2969,117160.8419,116723.5291,115949.4695,119019.9846,126269.2561,123045.7493,137034.0622,149872.7226,157980.1116,163425.6034
Halifax County,VA,51,83,,,,,,,,,,,,,75558.60431,81401.63298,84436.13412,82846.5426,83182.51752,86967.29091,86349.70936,88999.6511,92999.86472,105886.1711,110285.163,123762.5415,130690.4508
Platte County,NE,31,141,77157.81527,80580.06881,83523.16,85586.8525,88543.15694,92569.13206,94764.31101,96298.21435,97222.33563,103356.5813,107687.442,118225.004,121751.0116,127625.1558,136597.2653,140891.2152,148332.8405,154714.1454,171779.6459,179213.0958,190952.8313,209356.4218,235469.1062,248018.9164,259692.8573
Whitley County,IN,18,183,,,,,,,,,,,130551.8226,128707.8022,127692.4633,127276.8819,129715.118,135042.145,140253.3287,148247.1576,156449.0482,165624.6301,178577.3177,198029.4964,224346.0518,241256.615,257497.9028
Christian County,IL,17,21,,,,,,,,,,83066.36851,79070.08063,80352.49555,78946.36048,78997.74158,79547.46,79454.99234,81915.66382,80590.52527,84595.95,84396.00114,88423.17559,93470.46308,95401.34082,99162.19,105261.1033
Marshall County,MS,28,93,,,,,,,,,,,,,89118.26553,89976.58561,85172.68169,100709.6838,121035.6617,118864.9827,126782.9476,133109.0955,145768.0266,167299.6009,182708.8053,183060.8126,183659.4346
Wasatch County,UT,49,51,,,,,,,,,,,313131.92,298030.2447,289769.1037,309283.078,341409.7034,357348.1376,408670.2003,439233.73,480938.6329,525430.189,555346.3283,659622.4905,844470.7496,894665.3883,908582.8222
De Soto County,FL,12,27,61796.49735,65862.97634,71695.92542,78683.15759,87514.70427,106636.4649,135184.652,144664.1333,130656.19,105891.3725,92171.58296,85177.63264,80285.61363,79747.14174,85485.85108,93021.51389,105688.47,121806.5877,135472.99,148080.9046,159056.594,178702.8862,221349.862,260271.5077,259901.1796
Fulton County,IL,17,57,,,,,,,,,,,80601.81327,77659.98549,77154.36505,75927.13721,69563.08906,72003.50248,74095.35676,73129.91,77512.93201,73372.04349,81356.05013,92147.3214,93717.75241,97794.54877,96831.30204
Harvey County,KS,20,79,,,,,,,,,,,,,89420.78445,99272.09841,100388.4144,102326.3134,108892.1056,109251.6469,111866.7334,116794.4006,122739.1175,133474.0055,147511.8041,162477.5778,168553.9547
Miami County,KS,20,121,,,,,136844.6961,141777.668,144503.7874,149984.5786,152585.1536,152271.0573,150006.688,148136.3988,146507.7806,153317.9533,159938.2873,166796.1338,179532.591,189927.7447,201163.9578,216891.5239,231762.4216,264681.88,303248.2148,328460.5953,340916.8873
Emmet County,MI,26,47,,,,,,,,197124.3421,216248.5276,200686.8045,182535.1961,170629.5633,169919.0321,176504.1534,189578.2347,196223.9748,207835.9357,225213.0784,224967.1732,236767.2602,253974.996,286835.04,358003.7881,375158.845,382942.4248
Marshall County,TN,47,117,88282.77733,91404.00723,94354.15118,96684.98,99784.09443,104330.4504,103882.9785,108400.0901,114657.8107,112826.3408,107585.2038,105927.7459,103884.9106,103620.744,108907.5543,117473.5472,133648.2519,149128.7125,171285.0481,190558.688,210298.4597,234408.3651,290318.6418,306011.9222,310734.4284
Seneca County,NY,36,99,76210.30875,81473.98347,87169.35122,94437.36286,102626.1293,115672.6659,125882.4127,126676.9617,123751.34,115913.8071,109162.5975,108646.8859,105965.6288,107617.9916,110651.3684,112959.0278,114146.4195,121532.667,124978.6694,128295.9922,133517.2547,149995.0673,170963.8592,183414.4584,194814.5355
Pulaski County,VA,51,155,,,,,,,,,,,,129521.17,129820.3065,135576.7737,140018.6253,139369.6588,142577.3888,144027.915,141275.8981,147840.5877,158692.5064,168811.4972,193247.8521,196264.5463,202019.4777
Morrison County,MN,27,97,85024.22,93965.03164,103221.2663,113603.242,127806.2797,143819.2234,155189.1805,157578.542,151938.84,145373.2983,145863.688,141509.9474,136788.5936,141559.4076,151026.952,157168.5431,165928.5236,173213.5243,179497.5129,189530.1519,197510.8246,221490.5394,246802.4401,270816.2544,286355.6498
Lee County,IA,19,111,,,,,,,,,,,68442.16,68809.78,70321.7762,75756.56408,80329.2843,82149.82459,90216.37153,88410.81875,88141.89,92852.53359,96177.49568,103135.7618,108817.761,116794.8741,115087.661
Lincoln County,OK,40,81,56509.54651,59459.94706,63176.21,65821.26,68301.27508,72055.61568,76948.03628,81125.23,84474.11395,80247.30309,78725.32257,73038.45941,73204.92595,76411.85191,80524.17736,84013.93671,91923.74016,93258.92363,97235.78,104852.051,113399.8347,126012.4056,149247.4832,159768.9918,162661.3707
Wexford County,MI,26,165,,,,,,,,,,,,,56780.99224,60086.97469,63361.79419,65348.91209,69049.99356,73613.56,79896.88138,122847.6865,131684.6003,148401.3624,175085.4148,183477.8308,192458.0475
Botetourt County,VA,51,23,,,,,,,,,,199203.6398,191142.6616,188192.9011,176213.4259,181113.0462,179874.7531,180360.9756,184640.2667,186359.26,191160.4051,196096.328,212260.7041,230594.8597,252164.858,270954.4287,276293.8127
Accomack County,VA,51,1,,,,,,,,,,,,,,,,150143.4155,155791.6981,153489.1776,160649.1412,162279.038,166223.8166,185328.3634,211244.4742,218421.497,229468.9626
Marion County,IA,19,125,,,,,,,,,,,112478.531,112158.7086,111805.5119,118961.0109,124431.0204,127377.4907,140393.9908,146199.1223,154054.1634,166663.1021,182295.4596,200107.2978,216494.3004,233385.0556,239999.7445
Jasper County,TX,48,241,,,,,,,,,,,112509.6665,110362.6467,110421.3412,114083.3786,121608.3711,127133.2086,129882.0799,132417.4318,135115.0227,143695.3265,151663.2966,164333.0154,194384.367,188827.6195,176900.5683
Bureau County,IL,17,11,,,,,,,,,,,88217.29701,85874.67373,84633.43895,86265.82523,84211.73041,82960.97407,86650.70364,82137.08835,87242.55269,88116.06,95672.39287,106884.5492,112599.2192,117048.3222,126927.8577
Greenbrier County,WV,54,25,,,,,,,,,,,111799.423,115480.2297,114817.8594,97697.28,103766.2143,111449.7495,118680.7108,122372.5703,125321.701,129547.196,125747.91,146482.6842,163304.6972,173860.88,176860.8434
Panola County,MS,28,107,,,,,,,,,,,,,,88168.42654,91545.32118,100152.9081,107565.9684,109117.2115,109223.2359,110547.9757,118426.0405,132723.9573,157261.587,169791.3904,163789.827
Daviess County,IN,18,27,,,,,,,,,,,,,108690.316,112300.347,114299.3233,114552.5722,118678.7351,124859.8895,133038.8856,137881.3447,149548.291,167048.2975,186823.3108,199808.6964,209801.538
Caroline County,MD,24,11,95820.6903,102556.5513,111855.9478,124003.1239,140656.3506,170996.0575,206136.577,211065.6747,211777.639,188041.3365,174055.51,168549.5317,164360.328,165830.6078,174492.6524,176775.4099,184397.1862,189217.5553,197930.6941,208620.471,223891.7251,250852.7157,284732.6514,289530.6926,303689.3354
Petersburg City,VA,51,730,25272.68676,27105.66338,29008.02589,31155.45862,33896.95105,39263.06722,44871.17,46555.25147,45874.90592,43496.53704,41148.61914,39826.89363,38513.86064,40574.70369,44036.04191,43611.30488,45245.87785,51717.57244,58646.80442,71411.58418,79326.15281,97012.29897,118772.0848,188532.8528,176899.8149
Morgan County,IL,17,137,,,,,,,106258.0126,108615.5102,107000.1689,102470.7057,96691.10,93279.87246,92459.33485,88439.55232,91912.66628,95977.20677,98507.19848,99403.52271,100531.8419,99441.22916,107568.7105,107938.9855,109192.4176,111641.0078,121264.249
Lumpkin County,GA,13,187,109968.2645,118377.0955,126557.0978,132310.6759,138089.7541,152336.6359,158560.8357,166175.1135,167826.0879,162208.8851,149109.6466,144133.9041,134181.5213,138706.4173,156473.1408,164296.593,177984.6671,183349.3571,197118.2739,212454.5501,230242.6822,261392.8631,316301.5317,328915.9169,355998.7635
Pike County,AL,1,109,,,,,,,,,,,,,,,,,,129670.6553,130812.5503,127796.6961,137623.0449,141257.547,159099.3114,163868.6921,163399.0955
Wakulla County,FL,12,129,85308.59198,95030.96658,104676.6627,115461.8179,129586.7797,157486.0076,195398.3106,204851.7836,195022.9613,164680.1325,145888.2617,135294.9687,131037.9512,132841.8722,137049.256,141442.186,149353.3967,157531.3454,168650.8635,178919.0665,190209.4882,214376.9563,248891.6511,278283.9639,292358.7631
Hot Spring County,AR,5,59,58979.34915,61916.48066,64278.44,66990.47599,72323.69,79186.35508,87764.47615,93261.95507,94210.32624,90937.01895,91241.779,91807.61581,92686.41529,93922.26018,89555.02,93596.11615,101479.1779,108936.7149,110114.8212,109799.6848,113081.5328,127946.3038,140825.1864,144212.6146,149737.2103
Lawrence County,AL,1,79,,,,,,,,,,,,,97665.47396,113205.8368,125547.6731,122789.1253,125440.0778,133797.9784,136696.7592,142026.5373,155824.7365,167187.2622,198620.7681,200862.6514,200018.9636
Gibson County,IN,18,51,,,,,,,,,,,,,98419.30715,101216.983,104274.5307,108259.7802,110333.8139,114774.0025,118883.0703,128149.228,136861.9495,150461.4769,170370.0973,178108.2489,185899.2749
Clinton County,IN,18,23,,82649.5779,85615.34645,87513.66807,89334.11902,92183.58942,94743.01395,96215.00223,97024.67013,95896.53503,92680.32,91636.14,89994.77,89976.09902,89094.23791,94656.53597,99422.7952,102871.6933,105600.3089,115135.684,125229.9598,143088.4162,163553.8775,178986.3413,189254.4916
Jasper County,IN,18,73,,,,,,,,,129513.7307,128196.1802,123322.5515,129999.4222,150401.534,161152.3099,162641.9491,155941.1716,157597.773,159536.3063,166057.0831,174528.3597,184075.1682,202762.922,229784.62,247222.4215,264844.1231
Jefferson County,IN,18,77,,,,,,,,,,,,,87676.41,92658.40335,94527.82956,102046.3835,110932.8467,117707.5048,128124.9635,133870.466,143779.4104,157450.3692,177621.868,194376.1289,206466.3144
Transylvania County,NC,37,175,,,,,,,,,,,209689.4651,202486.2722,187755.3768,188032.8506,191431.0945,194715.1842,205087.88,216319.0007,236219.0958,249873.4381,261316.561,305815.2772,363150.9851,414308.5451,443281.1977
Lassen County,CA,6,35,,,,,,,,190005.5947,166591.4868,132807.4198,122828.3134,119920.7844,120231.9805,123350.9646,127369.0196,126680.5031,138800.0585,153512.1722,169897.5253,175796.8962,189587.6786,209997.0112,227702.8162,231233.1885,228369.3302
Weakley County,TN,47,183,80228.9563,82510.0417,85256.66121,86434.95439,88955.48019,87176.1492,92826.6216,93821.65827,96231.69718,95656.16214,91570.52609,90323.4154,89493.19738,88931.70726,93456.20131,93781.10944,97578.88,100031.0969,104107.5556,104682.9719,113908.9772,122618.1287,147083.8679,159207.2973,166117.2131
Morton County,ND,38,59,,,,,,,,,,,,,,,,,,242467.3358,238813.2981,239440.0376,238577.6092,247931.0601,270426.4459,282258.1092,291973.4355
Hale County,TX,48,189,,,,,,,,,,,85789.92,84376.05721,83992.20361,83181.53,84216.36324,83269.48806,86957.42611,86924.12412,89288.89899,92403.32411,99569.56271,108160.444,116978.3702,120544.3455,113705.5858
Pickens County,GA,13,227,115131.5875,125119.3859,135069.126,140436.5259,145896.9438,153099.0478,162055.9726,169189.9278,171312.2369,162899.4163,150484.5233,143895.32,134395.4748,144741.6044,159420.076,165582.158,173924.0942,182093.9155,201247.0416,215346.4102,229197.1057,261750.4212,322063.2061,345072.8644,366322.1919
Logan County,WV,54,45,35236.19337,37169.03242,39387.46803,41386.83841,43009.43603,46025.70167,50582.94796,50254.9455,50047.57174,52721.80878,56782.04206,63035.57,67363.66351,70489.48286,65128.13822,68409.6411,70720.81932,68887.79365,68941.47495,70964.43398,67241.04448,78689.42341,84996.05102,90744.88639,91020.82
Lafayette County,MO,29,107,,,,,,,,,,,,,91968.59483,96798.7687,98919.85854,105539.7804,114656.1996,124413.4498,129645.8077,139916.3036,147600.2322,167244.4448,194011.5139,206317.418,214870.7897
Rhea County,TN,47,143,72679.33674,75847.56,78484.12524,81237.15,84724.54386,89733.96647,97602.00,105137.7505,108451.7808,109707.1503,106608.8744,106938.9961,105398.4085,107303.1227,105299.4313,112039.6726,124491.4809,129642.6867,138899.0469,143982.3977,165934.2833,177507.0346,217208.9903,224062.8187,235616.7016
Stark County,ND,38,89,,,,,,,,,,,171058.2831,181184.03,193393.7074,231561.0198,253436.8462,273448.3843,285298.2071,262835.4621,259533.2277,247490.6993,257421.1289,260165.8503,267811.3369,276492.9265,280779.1381
Jefferson County,WA,53,31,,,,,,,,359711.7786,365631.8532,341810.8724,310950.4473,294878.209,268110.342,257207.257,264972.2046,279713.7153,308924.81,338974.3846,374282.0726,397734.9554,423018.4268,504708.6066,625312.7811,637572.6886,621235.46
Lee County,GA,13,177,129768.4876,137289.9753,143205.4423,147797.3422,152501.3669,159899.6141,167868.6429,175009.5656,177168.4651,172201.711,159958.4733,152759.8902,143984.6785,142850.7423,145182.2386,146085.8008,146227.5562,145272.7229,147617.4365,154768.9941,161509.1456,177117.3611,204729.2406,229627.9163,240936.5147
Evangeline Parish,LA,22,39,,,,,,,,,,,,,,,,88273.82958,102035.7604,94701.97871,90748.38073,93155.79286,108215.2944,113493.8787,111684.5469,104500.8263,108700.5443
Jackson County,OH,39,79,56003.7846,58545.03125,61180.02463,62931.42433,65187.20101,67165.56,68848.95156,68927.69,68524.04726,66421.4471,63658.13874,62883.73141,61809.90138,63141.54143,66032.28773,68878.40688,70712.04661,75132.72851,77339.39576,82405.39397,85686.00131,101716.6682,109097.9579,113334.9673,117723.0897
Dorchester County,MD,24,19,74703.30808,78786.54961,85049.01,94204.53718,106944.8828,130790.8695,145269.5502,172457.7813,171828.9065,153534.3158,141036.262,136410.9442,132868.2935,133604.8069,137421.7751,143825.4941,150872.3915,150079.737,159082.2745,171189.5846,179068.6939,202858.4007,228991.2508,239314.5605,251940.0768
Lyon County,KS,20,111,,,,,,,,,,,,88621.25051,88200.16,86535.16223,89307.65459,92039.61628,93778.36965,97180.76868,99092.95,105624.801,115024.5588,128578.181,143946.3683,152338.3696,157711.74
Henry County,TN,47,79,81996.66892,85353.19396,87820.80536,89386.4833,91067.32316,90916.47249,96084.52113,98768.99,103347.3516,102986.1204,98173.3575,96773.42216,95035.33978,97516.71195,100264.3534,102788.2834,106527.6139,113901.9812,115771.3814,120452.5687,129740.6083,140359.7353,169967.9094,180505.4856,189152.09
Chester County,SC,45,23,69240.71892,75572.00812,80299.66756,85226.04733,88198.7934,93281.8957,102836.5685,110061.128,113388.5055,112234.2996,105495.7584,98919.73599,89709.39934,84370.0144,93296.32063,95890.99082,106243.5593,112075.6769,120209.514,125280.0835,126640.2589,150044.5075,190727.9011,197994.2764,205563.909
Jefferson Davis Parish,LA,22,53,,,,,,,,,,,86484.21828,87172.12,90638.00196,94497.71261,102983.18,109144.13,125460.5203,124876.0028,124004.866,122459.9743,135227.4039,138968.9432,143253.7862,132134.1218,126940.7003
Juneau Borough,AK,2,110,,,,,,,319670.4989,339303.9563,329724.0619,333343.8566,327569.4348,329944.4965,330559.4759,356707.8198,367548.6343,381001.5637,400621.75,410803.0601,419614.2255,423557.50,431762.4548,449186.5662,487587.1088,502560.8955,507083.4429
Franklin County,AL,1,59,,,,,,,,,,,,,,,,87860.74918,90671.86935,92401.03853,93759.61021,101049.5705,107358.2356,118656.4094,134159.0008,147763.9709,158411.0307
Claiborne County,TN,47,25,,,,,,,,,,,,,,,,,,129851.9278,135547.6441,138695.8624,153330.0216,167504.6835,194047.7448,196273.3229,203632.8205
Montgomery County,KS,20,125,,,,,,,,,,,,81989.46644,81078.12703,74110.53005,69697.72609,66505.97,63435.97772,59385.77433,58859.36541,59895.14419,62072.7707,67190.81889,80233.92527,86323.48569,82068.25332
Marshall County,KY,21,157,,,,,,,,,,,97415.03577,96967.21245,97094.55727,99244.08435,99788.83215,98213.75046,99701.85226,104816.5204,106259.8466,112638.9279,114797.0462,125244.7059,136277.6214,143145.0568,158394.2817
Clarendon County,SC,45,27,79052.07011,83257.32726,86577.40743,90492.87182,94802.04467,,110571.7858,120373.946,123997.0807,122670.6899,114089.4905,109873.4457,103279.1293,103889.8357,107363.2751,106443.0729,113485.7099,115599.9843,123802.4024,129513.6282,139725.9667,156889.0228,181032.4592,175578.6063,171068.7601
Huron County,MI,26,63,,,,,,,,,,,,,75273.75,81299.22073,88300.94253,92098.24981,100255.7504,101287.6474,109362.451,120311.1897,127290.1709,141113.8557,157741.6279,162614.0649,176200.0669
Polk County,MO,29,167,,,,,,,,,,,,,101064.9824,108913.0906,113864.5893,118397.3941,129431.5167,134085.9215,143932.3637,154658.3527,166037.9469,177725.2272,215761.6937,239735.2599,249227.9644
Amherst County,VA,51,9,,,,,,,,,,,,138365.4321,136000.4366,138660.5959,140962.5022,139222.67,144376.127,150342.8562,155288.5002,160434.7072,168991.8146,184938.8152,202268.4429,224355.3924,238241.8545
Coos County,NH,33,7,66085.69749,71435.38561,78087.17546,85232.95487,92147.50652,105577.5692,116661.0284,117509.5165,116834.0632,110526.4613,102728.4193,102949.2823,101310.4078,105143.1772,103391.3129,99575.41894,102770.215,106834.6506,116269.0617,125013.9561,130406.8428,155994.9018,190046.3847,221228.811,234344.2674
Titus County,TX,48,449,,,,,,,,,,,98657.40675,97472.33056,96394.86352,98907.67,105470.5017,111156.5874,119565.668,127179.4244,134995.1887,141351.9331,150990.6949,170792.1346,207100.0688,212711.1283,220941.9871
Malheur County,OR,41,45,77366.93097,81265.30089,85449.23299,88896.52,93219.18,104698.0608,121798.8582,132354.3267,132427.5981,124159.41,113334.4161,106557.6973,101339.0983,101299.6723,108600.2298,114405.3248,119965.2812,126916.4525,137028.3651,148827.1169,164385.9772,199041.4711,254235.0268,274521.4032,275149.9958
Polk County,MN,27,119,,,,,,,,,,,,,,,129626.1376,137309.332,159886.931,176028.306,179107.6969,183551.6876,185056.0658,195583.3446,212159.9027,223810.2454,230817.6928
Bolivar County,MS,28,11,,,,,,,,,,,,,,,,,,137616.2083,142815.1643,152451.7035,158407.6561,152920.428,161596.333,134638.0873,125515.7462
Adams County,NE,31,1,,,,,89982.95129,94650.95905,96642.50065,98596.23673,100027.318,101148.3872,100235.2772,99732.53316,101359.6921,103673.6026,109332.1819,112506.2163,118372.5354,124053.2209,129959.6761,137208.2676,146929.1137,162608.0283,175571.6609,184944.3285,193787.4845
Williamsburg County,SC,45,89,,,,,,,,,,,71192.36061,69998.26817,68169.71044,64522.19,71047.57603,74413.17703,79305.56,76942.22078,75636.48494,78941.8692,83016.88527,91912.71888,104618.7496,109394.178,108440.6182
Bee County,TX,48,25,,,,,,,,,,,,,103704.6552,102061.7676,113424.4981,126066.7859,127527.214,127122.7904,133139.7245,142880.5214,157677.8663,164781.1204,179441.1658,173197.2105,152329.8081
Gilmer County,GA,13,123,,,,,,,,,,154196.1073,142973.208,135703.7267,127508.9131,130224.5375,139740.3407,146615.8886,155758.7527,164651.9416,185275.3427,206758.9978,221042.7378,263399.1542,347376.3868,384180.8088,398050.7818
Pontotoc County,MS,28,115,,,,,,,,,,,,,,,,,,159342.4725,150585.5657,150404.5474,155254.979,163563.6546,194661.9044,185889.789,183020.6781
Delta County,CO,8,29,,,,,,,,,186956.6054,186836.7119,181099.4477,179603.3905,178313.7117,184235.4763,183604.0711,186468.9232,197902.8989,212504.1194,225305.9064,246216.3004,268397.3892,302311.4106,353443.1198,375672.7699,379559.2851
Wabash County,IN,18,169,,,,,,,,,,,88782.44589,87853.10226,86784.64992,88981.45999,89958.84949,94487.93,98362.63163,100176.6448,107747.6902,113965.6462,120237.0434,134296.8094,147841.1343,158586.4407,168078.4528
McCurtain County,OK,40,89,56672.91305,60394.71065,63536.14714,65813.24664,67454.55334,70679.80907,73786.89,76738.60,79099.72806,81292.73,79554.79355,79028.7537,78596.06554,83384.15,86382.32453,91795.42672,100732.8442,104442.5274,107055.8204,113625.6015,119700.2466,145559.8411,178421.0191,191248.4218,184511.0352
Summit County,CO,8,117,,,,,474600.673,496467.7317,581498.9025,617255.81,661286.67,672673.5387,583703.2888,556341.6444,537802.7431,562714.0931,596194.28,618911.11,670380.4718,733797.6546,825816.9162,894735.25,947165.427,1056312.69,1371010.845,1415294.325,1379388.662
Elk County,PA,42,47,,,,,,,,,,,81626.80615,79316.59578,78853.82275,84602.0233,84808.10643,87620.58889,90322.45,86538.01718,87453.94,79278.42411,90902.46311,105862.7944,110051.2515,111480.7867,111668.5922
Lake County,MT,30,47,,,,,,,,,,,238052.202,231224.108,225087.5484,233265.7453,243958.474,253244.1355,269085.9842,274331.1969,288344.0993,310377.4054,323998.5274,387470.1244,522710.0835,564536.75,583234.51
Stone County,MO,29,209,,,,,,,,,,,158515.8087,152881.7827,152871.0152,158231.7943,163836.10,167780.5132,173106.9091,177890.0505,187765.9633,196106.7756,213813.1439,241253.5187,301019.465,326231.869,338725.6019
Kleberg County,TX,48,273,,,,,,,,,,,96422.88548,95214.3861,94699.71228,94001.08518,98218.05867,101064.5947,107199.8872,107631.136,108990.8185,109322.147,120678.2565,131459.9081,141425.0912,139146.916,135480.5249
Muhlenberg County,KY,21,177,,,,,,,,,,,,,,,68172.21876,71777.53666,72996.84391,78806.70953,79908.93,87138.67,91466.75286,108395.6223,115523.7055,118529.6612,121084.6858
Washington County,ME,23,29,,,,,,,,,,,,,,98976.46163,99805.48633,98850.03894,107021.7702,106769.7673,111254.5395,117554.5318,122834.562,150743.7292,179093.2744,194916.1892,207124.2384
Greene County,IN,18,55,,,,,,,,,,,,,101773.858,100032.0607,93706.55617,100613.9563,98947.48488,100752.5715,106414.8781,110785.176,119293.5731,135551.5698,158115.0234,168253.4963,174866.1658
Freeborn County,MN,27,47,,,,,,,,,,,,,80319.81283,82926.87335,85632.85501,87206.52964,94418.54866,101846.5377,108271.8926,115745.0835,124139.093,136827.4084,155552.8349,167367.8101,175670.1246
Caroline County,VA,51,33,,,,89642.9497,99005.50606,118877.106,141208.231,149847.6351,148353.2127,140171.1863,131189.2278,127102.723,125338.0683,137958.3431,151161.6102,160950.0439,171778.5531,181505.5698,192832.6057,201511.5225,212347.2873,238511.574,269147.0354,297228.063,303903.5035
Clare County,MI,26,35,,,,,,,,,,,,,58795.27,64180.39132,69285.68507,68351.91687,76003.09894,79559.95531,85449.40901,90131.0881,97137.0279,112241.2125,128047.2695,136651.8649,133513.565
Marshall County,WV,54,51,,,,,,,,,86597.26424,83813.27527,80710.88156,80633.75217,79611.99274,84483.78648,87564.47475,91749.25531,99058.22573,98086.25,98878.92,106447.3818,110846.5279,125568.9084,129334.1601,127003.21,126307.2232
Sheridan County,WY,56,33,,,,,,,,,,,,,229981.5099,240575.5151,243936.8886,252065.1588,271702.6511,266531.5743,280182.0816,290892.746,311153.8002,337907.8181,393344.9702,423376.645,424751.2029
Hardin County,OH,39,65,83926.96844,90032.05291,92561.49647,94939.55102,97612.19193,101902.0162,104940.3682,105310.3263,104242.987,100925.2135,97002.23611,97712.6356,96997.42725,97550.44888,96321.81516,100326.4155,103166.3521,102396.2799,105942.74,115138.45,121402.2076,136422.7746,153392.2558,162261.1594,165164.9496
Obion County,TN,47,131,78854.67515,82865.58,85621.20694,87736.09605,,86543.6056,88626.90143,90038.48041,91524.28288,89443.09631,84840.99873,82549.90455,80394.43152,80197.55804,82681.88624,84216.28956,88741.53,93245.81779,93211.67628,95609.96063,103239.7581,107888.8577,131993.2942,138326.0518,142083.1682
Vernon County,WI,55,123,,,,,,,,,,,119053.1116,120916.5722,119194.8156,125086.4066,130211.67,129794.3094,139096.9565,145743.7702,154236.643,163151.0308,173781.7653,194568.3737,218623.9409,222870.5828,223828.1952
Iberville Parish,LA,22,47,,,,,,,,,,,103439.8061,103636.1162,106188.5554,117344.9846,119741.7361,130588.1024,133860.0263,129933.1662,134446.0685,141583.9156,142126.4709,149390.3958,152752.3313,151836.0302,163892.1171
Randolph County,IL,17,157,,,,,,,,,,,113082.726,112107.6025,110955.5317,106275.1201,105056.1018,99458.01165,96277.01982,70745.96319,86347.15001,88039.74003,100805.0671,108342.4952,115301.3108,118965.1123,128761.2568
Ottawa County,OK,40,115,41947.93652,44142.12,45973.26511,47664.62193,49223.81731,51257.97013,53604.78794,56465.36399,60240.73433,67750.25817,70462.3249,63862.14519,63057.7637,67094.45613,70404.95525,68359.03713,66706.71225,70000.12295,76604.3318,78282.77,81201.06378,90616.37109,108171.6692,113404.4635,114418.2223
Trempealeau County,WI,55,121,,,,,,,,,,,131970.2091,131286.7944,128122.2786,130688.7085,137648.02,140379.3121,151447.8107,157263.764,164751.7915,172959.5187,185163.8701,204305.2724,225050.5526,232778.7282,240799.408
Boyle County,KY,21,21,87030.65737,91060.94305,94975.26801,98565.67835,102574.4208,107770.4905,112332.4381,115422.9226,117377.9669,114708.663,112508.7668,110374.5594,110218.7141,108877.1861,111910.1584,110677.985,115546.1952,122701.5048,127447.6579,138518.1612,144062.5564,161635.6504,179804.0399,203810.7016,211139.6772
Jefferson County,ID,16,51,,,,,,,,,,,176881.7041,163537.0062,156884.3272,164734.7802,169304.1447,175844.0405,191589.2654,210081.843,227418.5016,254011.8161,283647.0071,344594.1709,447727.0178,455848.0186,448334.5939
Caledonia County,VT,50,5,84902.15896,92972.05,96212.61537,103372.6402,114014.3126,131577.5719,147290.7125,155508.565,157104.0391,155316.4525,150261.616,147828.6322,148628.0196,156016.124,158772.0352,162488.5853,163231.6282,167979.4233,177011.6361,182810.672,189829.907,207752.116,238268.0998,261842.5891,284355.7297
Knox County,KY,21,121,,,,,,,,,,,,,,,,79703.39577,78931.57542,85262.71201,85231.15528,86833.62885,90115.60367,104820.7841,115763.9579,128210.4061,131455.9887
Mecklenburg County,VA,51,117,,,,,,,,,,,,,104610.7673,104790.8477,103136.0061,103380.7049,107509.7297,108571.7143,113016.1607,118335.9898,115661.8008,134823.8606,153230.2762,164954.1431,180990.6737
Giles County,TN,47,55,76545.55,79716.87236,83351.17932,85511.24182,88393.12401,92530.33592,99163.73806,95860.38055,107196.6244,106182.9622,102463.0959,101231.6019,100305.1033,100418.7101,103070.0838,107935.8398,116888.9355,121934.3016,131155.9002,140883.7226,157081.4702,172278.5527,208248.4173,226744.5918,238197.3483
Austin County,TX,48,15,,,,,,,,,,,198640.0899,197033.7344,197488.837,200905.7273,209727.3914,221392.0761,239893.6544,253035.9067,263356.8408,274962.2373,284575.4062,309703.784,360220.6776,374412.9475,370245.6999
Wayne County,GA,13,305,83313.2899,87593.14212,91293.35814,95487.22111,98165.43105,103322.4807,108977.6131,115267.3177,118250.4899,114621.923,107377.9037,103142.1281,97366.33743,100807.8764,102745.7843,107307.1337,109703.0142,109395.3434,113886.9743,120955.5109,132861.1753,147957.2163,172672.113,176113.7238,186617.7319
Bladen County,NC,37,17,,,,,,,,,,,100961.1433,98613.58003,96710.97917,96166.25583,95524.85882,95991.72862,97628.04958,102587.0187,107096.4405,107338.3479,104906.1971,115043.5503,131495.6331,127146.8203,134175.9633
McPherson County,KS,20,113,,,,,,,,,,,,,,,126157.6207,132141.2341,138410.674,140347.2679,144337.0378,151612.5619,157817.8182,170549.3959,184701.5333,194467.9386,199803.8658
Powhatan County,VA,51,145,,,,,,,,,275898.582,260500.9845,246042.879,242900.4384,238530.1335,238059.1993,248514.7759,253754.1381,272246.9975,287933.6472,301374.39,310026.7113,323590.4547,358391.273,383178.4442,393946.5429,423113.8305
Smyth County,VA,51,173,53969.24841,58997.73666,62920.97546,67200.24361,72653.65567,,95646.59135,97856.58,95654.68749,91645.40696,85538.57644,86580.75748,87449.18407,92578.43,90956.96848,89785.74563,89915.66,92612.77,93272.42925,97443.36052,100559.9912,112920.6988,124516.4335,135341.0418,142326.007
Schoharie County,NY,36,95,75101.63799,81299.3213,87852.70363,95863.54827,104879.8541,119721.0588,134232.5932,138906.1548,139416.4814,133407.0548,127113.6991,128113.7691,126933.1133,126492.2385,127507.1664,127169.0685,130164.6382,136075.2636,140060.1722,144443.3081,152468.9901,171980.586,190487.3069,210216.7504,223278.4271
Adams County,MS,28,1,,,,,,,,,,,,,102756.2814,101431.301,96545.36298,102727.2836,112670.0247,116310.3434,113397.4976,112592.4883,116623.7827,121413.1186,154583.9974,142681.0757,119784.6402
Cass County,MN,27,21,,,,,,,,,,,157151.1394,152694.5867,150187.2356,155649.5701,164435.4966,169453.839,181056.8212,184327.1814,194254.2995,206447.9021,219524.8475,244271.9643,291207.1826,315177.1782,330696.6428
Madison County,GA,13,195,98542.21828,106173.5474,111539.2138,117001.9365,121412.619,128255.2369,135408.843,142553.6264,143276.4481,137917.0317,127147.9373,120207.8824,113112.0424,114375.2405,122602.5146,128775.7623,137092.7615,145406.5876,158425.3525,173279.1376,187203.3752,221101.4109,263754.936,275400.1806,292288.255
Meade County,KY,21,163,,,,,,,,,,,126988.8499,127304.4757,130035.8535,129821.3134,132268.7182,135179.1675,140292.8233,140883.0609,147883.7222,151924.79,161676.4296,181292.9991,216286.7645,236961.8155,251873.473
Door County,WI,55,29,,,,,,,,,,,227253.1756,204885.2869,195278.1127,202877.9044,207445.51,207172.0069,225271.0631,232917.1337,240496.0912,250969.8971,270573.1603,297221.1633,344271.2967,373505.6072,402102.6372
Sumter County,GA,13,261,82454.54,85904.59391,90677.08561,94290.99753,97396.11364,,94821.58,98867.33224,99875.8654,96352.68484,89450.44828,80708.79136,75893.52734,77366.85,74650.09755,73473.33,75185.72741,69907.80695,70475.74292,75469.15627,76081.37844,88872.52,102526.1005,109056.4655,115588.2664
Haralson County,GA,13,143,,,,,,,,,,98640.56971,89230.03797,83637.05257,76551.27168,80957.74088,96533.46615,98767.59213,110841.50,119729.2882,133185.6165,146318.6931,154359.2368,177215.6312,210240.2021,231904.4826,247854.4216
Park County,WY,56,29,,,,,,,,,,,222558.8409,221436.4999,226759.9352,231062.1707,234826.6102,239594.8168,259876.5818,267089.6793,272409.8534,282911.0386,300140.046,329541.3247,384803.9252,426084.7344,454756.0805
Marion County,SC,45,67,,,,,,,,,,,,,76135.55364,82138.14,70407.55282,68689.97783,67992.44595,67386.21901,63490.55798,64825.3407,68034.45119,78893.22396,82621.55796,81523.85091,87014.86
Meade County,SD,46,93,,,,,,,,,,,,,,,,,,213964.7378,225153.9006,236661.8488,250242.3825,271542.2633,331278.248,358511.0764,359052.52
Franklin County,ME,23,7,92915.90981,92545.84785,101019.0375,108436.8668,117359.0655,132637.7793,137041.0405,141021.8921,142739.7484,137348.598,128266.8155,126533.4369,126597.9644,132642.6732,133843.6639,133836.2471,140063.5285,141217.5065,147037.4067,154207.7662,161550.2996,191722.6848,228124.6426,251093.8295,266008.8339
Hancock County,WV,54,29,,,,,,,,,,78786.65293,77132.18196,73852.75698,72600.08399,76048.28,78177.56025,78740.59931,82060.06631,83664.81,86754.57069,92219.9172,95768.16229,109943.25,121635.5913,131443.317,129178.2072
Marion County,AL,1,93,,,,,,,,,,,,,93624.00751,95664.05857,94044.77,94408.47922,94657.08645,94044.78319,97595.18123,99091.53319,110001.3915,116000.3939,130743.7221,145652.4475,144046.4342
Gallia County,OH,39,53,75930.1307,79473.31646,82948.78753,85974.5312,88988.08098,92652.83336,94777.45804,94950.5306,94653.42111,94704.59354,91720.70,89650.19636,88263.68119,92146.63625,92253.41,95849.59427,102267.8299,101452.1183,102170.519,107212.0545,111340.8112,129004.2792,136362.8571,146499.6987,146522.9701
Orange County,VT,50,17,106636.4902,114425.0039,124810.8997,134920.9297,151857.8268,178586.0787,200145.8327,211855.6549,215692.8179,202747.3971,200044.8396,198551.0335,199715.923,203901.9112,204316.9407,207465.216,213605.5496,217594.3141,225035.8603,234947.5027,238707.3361,263457.2267,301245.7002,323105.2457,338850.8342
Neshoba County,MS,28,99,,,,,,,,,,,,,99902.3022,101846.9106,100487.4943,103233.0813,112932.9999,112931.9085,110598.601,114220.8062,118048.1385,130202.6678,150090.8909,144112.7572,137727.3922
Carroll County,VA,51,35,,,,,,,,,,,115806.0258,114351.868,108783.1941,108628.4249,104509.2449,103909.3324,113973.6972,115345.4489,116864.5957,118396.1892,128974.2453,137926.5468,152792.9906,153216.0765,166475.099
Mason County,MI,26,105,121894.875,128438.4591,138051.7948,143980.7929,156354.4834,160484.9221,161236.638,158499.6682,151121.8691,140474.3115,129257.4262,118643.2301,125262.9574,130868.9171,141075.2762,145609.0029,151787.6999,160648.7895,160025.264,154112.0699,166001.6249,189151.0917,231356.412,237466.4249,238535.0169
Decatur County,GA,13,87,91043.74645,95966.32157,100042.3515,102636.4492,105817.2491,,102257.348,107333.5873,108876.9333,105689.3004,98653.30739,91079.90871,86459.15,89378.51042,90502.40193,91060.20257,92780.17009,91265.22257,90018.55,94842.43477,103595.2742,114574.5873,137939.9461,145994.8361,158397.9733
Pine County,MN,27,115,,,,,,,,,,128096.6244,118280.2973,114217.0024,109911.7922,112207.8769,120150.6354,121258.0099,133369.5211,138547.267,151201.5771,162305.68,169540.6697,196505.231,231221.51,259410.837,267730.5458
Garrett County,MD,24,23,100959.0807,107137.5576,117231.3099,129379.5832,145424.9103,176170.5518,209529.8666,222646.249,241730.1757,217470.6081,199514.8809,194487.8808,189073.3645,191453.419,192476.8048,194675.9055,202033.7597,202207.8636,205117.1574,211476.4188,219960.767,251876.004,302294.8877,309479.034,319519.46
Ripley County,IN,18,137,,,,,,,,,,,138501.0322,138048.3501,136836.5714,139669.3067,139376.9923,143194.4051,147179.4029,151917.9537,157456.7584,167702.8847,180076.5567,201071.7853,236129.8983,245373.1525,251274.6146
Alpena County,MI,26,7,68372.12102,72841.01881,76670.45514,79366.5546,82339.50231,85922.6737,86826.46,84295.14327,79691.63388,93003.3196,90962.52154,93395.40185,86281.55524,104920.4063,113477.4372,103984.5559,112351.7313,113384.0435,116216.9565,118533.5615,117166.2372,129319.9785,149080.3593,164030.3761,169327.6959
Fayette County,OH,39,47,92269.0608,97365.99278,101155.7486,104361.4347,108316.6566,112715.7293,115792.4485,116045.1602,114984.7086,112832.3051,108479.3781,105409.7124,103279.3987,105908.4459,107627.8159,110828.6949,116037.913,123445.3215,132938.2222,139150.5978,150168.3306,171907.4286,183975.197,197043.4922,208271.1293
Ellis County,KS,20,51,,,,,,,,,,,,,,,,,,170275.3756,167908.0907,169113.5506,177740.90,188671.172,207115.8518,218911.0011,223054.6468
Grimes County,TX,48,185,,,,,,,,,,,,,139184.6492,140160.0684,140126.09,149626.9219,169817.0563,186939.0388,193423.7744,203646.1258,215945.5269,238846.6468,285658.5813,295533.3614,294874.3204
Morgan County,CO,8,87,,,,,,,,,,,,,128256.7254,131673.9063,137964.1998,151786.2398,165271.628,185180.848,205639.5172,229543.56,250480.9042,281751.4976,324836.2337,339912.4965,333563.8175
Stoddard County,MO,29,207,,,,,,,,,,,,,,,,,,108078.537,109930.1897,110932.8946,118681.5702,127709.3211,136282.4328,140994.4327,138733.7886
Van Wert County,OH,39,161,73628.06,78366.51727,81239.44792,83471.13341,85378.16574,88066.33955,85835.80948,86456.22045,86335.02,87600.60488,87669.22,87912.59456,87318.31066,88180.32464,88584.41975,86405.3234,90693.65279,97681.40392,98936.88681,108302.1092,110268.534,126863.515,143249.6474,152003.3646,166084.5993
Cass County,TX,48,67,,,,,,,,,,,101430.66,99908.15419,100107.1561,100612.8694,100805.1949,103651.4059,110340.6188,106317.665,110349.6579,113420.7515,121195.4142,132968.2488,173022.9491,163766.0252,152360.1335
Marion County,TN,47,115,79566.05579,80022.89277,82907.06868,85550.11738,88055.05347,92639.13868,99836.69947,106074.3028,109161.5546,107884.0738,103168.7025,102174.6121,100590.5081,103456.211,110536.0532,117356.1892,124823.6276,131999.3195,137195.86,143891.3299,158339.5793,168913.4055,198784.7454,216523.0138,230463.1544
Glenn County,CA,6,21,,,,,,,,,217247.8749,169319.3854,149281.8816,146759.8147,143212.6461,149634.0397,170582.9313,182348.4292,199024.1189,215862.6232,233241.6778,252787.0877,279439.2903,307954.9606,346328.03,349370.6521,350913.8306
Dunklin County,MO,29,69,,,,,,,,,,,76189.96772,74743.35467,73381.50739,75814.99,77103.33961,76695.11165,78916.30,82601.56507,82720.7859,83456.60436,84602.91267,89136.77,94506.64858,91263.26715,80557.57512
Le Sueur County,MN,27,79,,,,,,,,189829.0218,181640.109,171440.6821,157096.0959,154818.2877,149687.5471,165914.5224,177870.867,183659.2357,188711.6021,201255.508,212859.6419,230040.4053,242668.3919,264478.8051,299861.209,323013.5093,330491.8286
Custer County,OK,40,39,71771.56729,74775.64779,78593.68,81454.24736,84117.39345,86953.64,91535.34,96453.28309,100293.4676,92569.77243,90983.28335,84102.7712,84581.87158,91452.63174,96764.97011,105463.9152,115012.3956,113023.603,113949.9401,116772.6938,122069.9499,126777.3747,133433.0138,143797.2058,154480.51
Marion County,MO,29,127,,,,,,,,,,,89330.06828,88514.8491,86181.75612,90061.85642,92956.49973,101270.4017,109455.7264,109510.5625,107240.271,115980.2497,117918.4726,129858.9768,150302.364,157799.1135,163922.4395
Leflore County,MS,28,83,,,,,,,,,,,,,,53545.55703,45022.06337,49173.49108,53687.64046,57511.36234,57652.9219,62730.62302,70004.13,84815.24849,95466.28235,94879.68493,75934.43317
Dillon County,SC,45,33,,,,,,,,,,,118487.1939,114169.5122,103341.6555,98551.18976,101172.7826,101927.5525,101166.0466,110159.1973,112932.235,109091.794,108049.0033,121967.926,126319.8307,115450.5855,103175.4489
Cherokee County,NC,37,39,,,,,,,,,,147919.0326,139606.8198,132723.2071,126754.1428,125461.5432,128781.368,129618.7926,131880.8129,140730.0362,149137.0532,157971.8695,168417.3095,196238.1535,238494.8061,266696.0369,284008.5226
Montgomery County,IL,17,135,,,76938.86804,80219.7883,84528.90063,94099.59,102403.1093,104778.1169,104472.8602,100812.8071,94969.66,87756.25,88968.79,91060.32151,88636.19726,88082.25364,84796.48991,84483.21738,85115.68726,85388.21211,100373.4169,102606.3,106226.9178,107994.0644,105542.9578
Jasper County,SC,45,53,106033.8792,114049.8054,114812.5728,117234.7837,129772.34,148050.2045,169410.66,197374.6978,210439.1635,204513.2845,190723.4547,171148.8164,164342.8718,170013.9884,172196.9089,180627.7922,198538.6784,209892.18,217775.6791,228727.1519,238688.1068,275854.3306,328412.2721,346816.2169,393166.6881
Sanpete County,UT,49,39,,,,,,,,,,,,,122704.541,130466.225,129640.433,133237.89,146777.7371,158588.4215,173945.2662,187812.4492,213473.8651,252280.4249,327872.7931,347427.02,358567.4758
Copiah County,MS,28,29,,,,,,,,,,,,,76051.06719,76202.89552,77299.64541,77872.43823,83857.8202,90980.60196,96612.88949,94404.20941,96890.25454,105025.7783,120515.648,115174.037,114379.3997
Perry County,KY,21,193,,,,,,,,,,,,,,,51934.123,51708.20199,55727.13571,66074.89,70585.97,73166.81767,69529.28555,74496.36022,80320.82577,83888.06573,77996.915
Elmore County,ID,16,39,,,,,,,,150037.8397,152866.4643,147014.7805,132842.7836,122085.2259,115373.669,114202.1671,120050.8856,119906.4926,128033.2172,136516.7665,150628.7828,172861.7742,200812.4274,251029.3441,327433.321,326579.1326,333671.0405
Lincoln County,WI,55,69,,,,,,,,,,,139371.3822,127023.2214,122386.6073,121397.0526,117999.2992,123502.6934,130018.7326,136514.4658,145069.5071,148943.981,156201.5158,173339.2787,189682.517,203845.7658,209939.0542
Carroll County,TN,47,17,68312.53048,71562.72204,74292.15652,77252.08287,79753.64247,82732.64304,88610.57525,94096.62248,92398.36123,91391.01452,87480.1458,86177.39574,83852.28711,84681.1532,86244.58704,89397.39743,90715.10174,92168.36754,96791.91595,100384.7328,112093.3059,116808.448,145115.4643,151522.4737,156601.5103
Wythe County,VA,51,197,,,,,,,,,,,,,,109613.0039,109449.7176,109779.2437,112900.6044,119335.1255,121995.1019,124902.3723,130291.403,144271.2471,158212.8381,175935.0329,190879.6159
Palo Pinto County,TX,48,363,,,,,,,,,,,111898.0837,110255.6144,110195.2532,111620.6243,122957.8124,127107.1183,131356.292,134002.35,139256.5998,153191.3131,168658.3483,192269.5235,238516.2742,255547.8977,244295.30
Jones County,GA,13,169,107245.7143,112644.5208,117930.5496,121838.6166,127082.8551,132953.1601,140693.0099,146102.3844,148186.8893,141100.6171,128291.1186,122577.5673,114777.8688,120395.2289,124404.6081,128514.1375,135202.9574,134671.6103,141776.6562,150782.1519,162593.574,175633.7647,199619.7522,218317.1354,226344.1027
Codington County,SD,46,29,,,,,,,,,,,,,,,,,202419.5999,213348.4401,217947.7121,223315.7404,233708.3643,251955.5548,292479.1062,318648.9896,319330.9371
Logan County,IL,17,107,,,,,,,,,,,,,,,97113.84265,103029.7045,105605.9151,103978.0157,104446.5525,103713.1937,111840.3913,117388.3596,120286.792,119584.2503,125620.6611
Winchester City,VA,51,840,,,,,,,,,,,164712.7654,159058.8879,155123.32,165101.8351,178175.2659,182551.2906,193111.7185,203009.2043,214792.1985,221978.7062,231891.265,256194.8166,286036.9528,309034.232,323801.7169
Hocking County,OH,39,73,89726.77361,96291.95019,100744.7452,105367.5843,110289.6658,,119976.9411,121760.3432,120762.3883,115762.6466,111814.2223,108939.0102,108834.3538,110340.7015,114242.9677,121275.973,131143.7475,136419.054,136947.1468,142648.9419,154916.6406,188076.8559,203753.2212,218563.3077,239696.8763
Grant County,NM,35,17,,,,,,,,,,,,,,120723.7159,121192.9612,119932.1967,119812.8488,123740.7839,127722.7515,137391.6564,134375.8649,150474.8648,166503.7663,184840.9231,182567.4592
Carroll County,AR,5,15,87871.98088,91673.75,95308.63,98629.42982,103703.7222,107026.1113,117028.6306,126255.2027,130075.8308,130364.0692,124902.4384,123760.9018,123973.8872,129685.393,127740.3545,131446.7467,138299.8306,142648.9251,149641.4142,154747.2308,163820.2506,188607.9593,223796.5009,230008.3357,240471.5779
Randolph County,WV,54,83,,,,,,,,,,,,,,,,,,109967.0354,116917.4983,121768.368,111248.6977,125417.942,134534.8199,141762.3797,146532.3055
Tate County,MS,28,137,,,,,,,,,,,,,96312.7068,100540.6053,103013.8963,121574.1285,128826.9313,133921.5424,140267.875,148158.7066,158753.67,173913.2626,195104.2959,209471.9367,215824.94
Wells County,IN,18,179,,,,,,,,,,,,113253.8531,113085.7505,113293.2156,115104.8435,119973.6878,125470.9762,131917.959,135702.3086,143435.1744,154976.8849,170430.3734,194247.4221,207534.7032,218733.3814
Montgomery County,KY,21,173,,,,,,,,,,,,,95863.83766,95382.85983,100411.5921,103902.3237,110779.5787,113698.6728,121240.8417,125817.4095,137928.193,151702.5727,167736.4738,184981.7685,193617.307
Scott County,MS,28,123,,,,,,,,,,,,,75016.96,73712.51019,72328.39966,78004.44048,88778.96939,90445.57351,94302.45609,95819.00598,93216.13802,101738.82,123901.7895,109365.9849,104737.8795
Dinwiddie County,VA,51,53,,,,,,,,,,,,,114254.7728,117998.4887,117029.1443,119157.9719,126654.3144,134674.9441,140589.5622,149250.99,160986.3502,183767.5146,208668.3443,260098.8377,263156.5456
Fredericksburg City,VA,51,630,131642.4312,140894.5518,153403.3617,167585.3454,187640.5761,228886.56,275476.2361,291382.6879,287248.3445,272038.9586,255741.3337,250255.9857,247027.7719,262879.9783,282108.7176,286221.1707,293353.94,300656.0476,313720.9908,323070.7436,337306.0211,368584.7946,407403.9486,426110.6338,442999.3933
Washington County,IN,18,175,,,,,,,,,,,96704.7089,95583.16997,95505.39984,102192.0469,102033.4672,107979.3789,114803.6057,122275.2433,127400.2003,135575.8175,142641.0928,160167.1841,179828.8101,187666.8584,201015.4222
Jackson County,WV,54,35,,,,,,,,,,,,,,,112509.1202,105461.0338,113220.1385,120289.7538,122978.6479,127621.1214,130358.8877,147943.2392,162765.6337,172080.599,177082.3886
Monroe County,GA,13,207,136613.4762,147159.0479,153174.0982,159961.3721,168728.4854,182092.2067,188273.931,195983.8254,199911.6801,193780.9763,177019.3406,170437.4499,162079.9702,169521.25,173884.1286,175433.6245,184170.1693,185601.037,193239.709,203093.3918,220482.0514,243497.8715,275307.466,291988.616,300764.494
Baker County,FL,12,3,,,,,,172037.9992,213088.1047,220991.2737,199499.7963,163864.4045,144247.507,134691.5299,129454.0876,128240.1721,137032.4971,141913.4314,154717.5201,165529.8949,178226.9265,193835.5558,210605.7123,235048.3891,281165.34,301598.5018,302188.0614
Bradford County,FL,12,7,73753.31884,81519.1256,87685.5762,94938.61876,104940.4332,125542.2344,154558.2953,162505.381,147914.8942,125228.7922,109479.333,103303.0677,101022.2782,98922.52838,102827.3256,103515.3129,109309.08,114923.2562,126274.7754,135753.5542,144204.2958,164299.6466,195344.9273,222130.3452,230796.5797
Yazoo County,MS,28,163,,,,,85412.60414,88484.22237,95708.27048,102115.1437,97405.74545,94140.55392,88996.87,86452.05285,80200.36925,78060.47378,86444.42621,91290.41289,101772.4991,104218.6081,98398.7172,102009.1251,101164.0922,99733.71763,115666.6892,104185.3099,96868.26146
White County,GA,13,311,124062.7054,135789.8665,144170.7502,150975.4525,155183.7624,,148132.7919,156531.628,159235.4488,153418.317,140661.7025,133461.6963,126210.0013,131345.2939,138659.7025,147930.698,155434.5809,159180.8016,169744.3511,184785.947,196704.421,226700.0768,285119.54,307332.8291,324980.5316
Peach County,GA,13,225,106648.6485,113045.8875,117266.1896,120805.9919,124699.7025,129576.6839,136271.6032,141248.0464,142530.4735,135644.7299,125418.2581,118177.6092,111144.6465,113857.8244,117883.4259,118710.4567,124441.5233,121235.38,125328.5651,134690.0559,143644.9539,158604.8629,180693.9369,203764.7861,215655.9136
Henderson County,TN,47,77,71893.54725,72720.12915,74597.39,76217.22236,77953.62637,82140.10259,88293.77759,93666.73524,95575.88,94193.12108,90718.27841,89296.003,88428.28612,93059.12559,94566.60047,96768.22,102211.8072,110028.0961,113673.4001,119257.787,135470.4932,147315.9701,174735.0265,181304.3743,187320.2015
Union County,MS,28,145,,,,,,,,,,,,,,,,,,136784.2213,142699.0902,141701.1285,148157.4142,164216.7126,186051.5228,183970.148,173768.776
McDonough County,IL,17,109,61593.02394,65160.97666,68421.56945,70908.18634,73965.06535,79963.33977,84951.43279,87522.97412,86741.11738,82805.64146,78529.96217,76654.30391,75138.80828,82845.83132,80895.09419,81419.80308,82335.26298,79808.31258,74664.34,71515.41722,78783.48,82264.19405,83899.32985,89272.68323,89604.80459
Del Norte County,CA,6,15,,,,,,,,,248180.0597,195623.9697,185353.1416,179992.83,172880.5855,175336.189,187326.298,194169.7543,215127.7992,215630.9475,249573.5579,259854.4794,280440.24,298704.1276,350999.6576,340142.0154,359464.0308
Jennings County,IN,18,79,,,95781.87321,96955.78094,98438.04213,101633.5771,106054.2559,107954.3879,108373.8754,107338.0335,104311.1276,102810.5608,102430.6395,105371.3079,102953.4059,106169.1431,111142.7677,112193.2769,117121.1658,124318.7476,133526.0712,150950.1024,173490.5147,186513.5891,199362.6426
Henry County,OH,39,69,88440.41813,94539.62177,98896.2533,101523.9946,104958.9419,109393.327,112534.7141,112706.7159,111654.0562,109125.598,104494.5665,102302.1809,100618.7376,101656.7635,102613.5216,105906.7257,111414.9764,114877.8607,119801.2979,126366.247,131983.1331,149458.918,165824.0322,170342.4846,177974.0859
Currituck County,NC,37,53,173829.6302,185364.9611,189963.1399,200427.8224,212906.9749,231706.65,272739.4893,300861.9369,315119.855,311171.48,295343.9965,283875.6006,276768.9275,283752.6665,286231.3885,303022.6005,316322.5038,326383.579,338173.852,342061.1673,353912.8009,391194.1564,470842.2152,512854.9262,528701.15
Upson County,GA,13,293,55421.18924,58512.84513,62513.92911,64366.08969,66477.94067,67632.49749,70395.69396,73306.13505,74273.49943,71464.84717,65926.19,62467.60937,57721.79206,59312.64388,62656.43835,64014.67567,69146.62,69678.10793,74085.26,80753.22551,92130.04,109883.9234,132123.0801,153297.9693,163467.8084
Adams County,OH,39,1,,,,,,,,,,,88129.06611,88201.38614,88186.03092,90735.61931,88018.33377,90037.83991,94285.6861,99293.14059,99839.80295,105475.5467,108989.8632,131547.6571,146740.896,153432.4787,159436.5162
San Jacinto County,TX,48,407,,,,,,,,,,,134124.0699,134069.6839,135185.9415,136102.9029,142193.8724,147479.0008,162003.1189,160860.2951,161550.5652,172336.7629,183970.5667,210663.1723,259811.4585,253825.5701,234588.1842
Iroquois County,IL,17,75,,,,,,,,,,,,,87535.48904,91682.96262,89426.59,96520.5727,99598.95,97837.92836,99338.01764,102534.7006,110479.1544,121633.41,129565.5822,137937.7724,133895.9866
San Miguel County,NM,35,47,,,,,,,,,,,,,156157.18,154834.678,153464.9544,145996.55,153071.7932,151151.6704,156121.7799,167546.5024,173001.1929,188707.0363,214805.9724,209047.6145,208603.3271
Logan County,KY,21,141,80024.90539,83624.03163,86397.31175,87482.56092,91026.81,,88826.0789,90549.35095,91142.50978,90588.05411,88948.55752,88854.40,89131.07926,91233.61187,94678.08784,97785.29203,101687.3861,101823.4721,108107.0135,116923.7938,128868.7028,144588.21,155145.7204,174230.3639,188950.3278
Orleans County,VT,50,19,,,,100711.20,109074.2062,125733.0514,141932.1478,150163.0587,154517.1412,152707.2582,146123.8037,146195.0668,147873.5576,158682.6043,160711.2984,163499.8556,169884.4149,174874.4413,184771.0028,183773.599,193761.5319,210170.9152,238740.8947,262395.0207,275973.1075
Union County,SC,45,87,,,,,,,,,,,,,72738.53378,76927.79,72133.72603,68211.79314,72096.12525,75038.07358,74556.33321,74111.76788,84317.84666,100479.2204,110664.3119,113624.812,104310.595
Cibola County,NM,35,6,,,,,,,,,,,,,,,,,,84152.63295,85253.96,95077.06468,98568.14882,109920.9383,129582.9206,132695.204,137917.3564
Pike County,OH,39,131,97382.16635,102220.74,109377.5769,111097.9562,113140.8624,117704.6397,110248.9918,104947.4285,97480.84542,98546.30074,94471.38,92008.38,90370.61384,95510.95775,95586.26513,98258.59349,103765.1645,102173.1593,107004.2058,112403.9849,122615.0565,135857.4213,150228.4498,151137.7981,159312.6021
Caddo County,OK,40,15,50674.93118,52748.94874,54448.98768,55945.30,57783.6708,59903.24613,63352.64,66380.56742,68709.71209,60885.08973,60339.44642,57855.80556,59623.34419,65505.12173,77375.90154,81556.83715,88296.01104,90284.12169,86776.58216,88180.01094,83737.60669,92930.46383,95376.40205,91728.71665,90308.16491
White County,TN,47,185,72144.4413,75900.95104,78898.27855,80179.76487,82324.27017,86412.90068,93161.18445,96301.90289,103851.41,104773.3277,100583.2045,99357.55607,98630.84347,103122.7058,107654.0098,114955.5467,122478.6302,132206.3989,137205.6574,146915.8138,166330.1023,184305.161,227882.90,234693.7787,245133.50
Tillamook County,OR,41,57,,,,,,,,,,276143.6151,252016.3736,237735.2104,227008.0367,228738.9561,240796.5306,245293.4914,266225.827,286642.3036,307275.2176,331326.4935,347323.3127,397271.7806,499400.8791,518440.4142,519717.8857
Fluvanna County,VA,51,65,,,,,,,,230396.884,226114.7024,212977.195,200320.3409,195608.3882,191825.0418,193892.1105,185931.893,190903.2734,201348.6712,206261.9969,215816.2708,225430.7601,235122.6533,262270.2276,300565.2917,321889.5489,340947.66
West Baton Rouge Parish,LA,22,121,,,,,,,,,,,166557.9058,160880.8177,159053.0184,169781.5293,175226.5805,182624.6713,188782.8334,190827.2805,199675.8311,197443.725,204958.3252,212432.3536,227710.7115,239915.2092,241440.8327
Woodford County,KY,21,239,,,,,,,,,,,154271.084,154048.0702,152976.2976,163536.6729,168242.1578,169558.5844,183731.94,188609.1973,199597.5944,205143.8227,212439.6795,233330.4932,265227.2639,281963.55,301507.6678
Mineral County,WV,54,57,85882.39105,88613.93009,91988.82792,95104.51543,98939.75486,106707.6327,117638.8591,121418.6238,125958.697,121678.5185,119974.0317,120993.9956,118109.2402,119783.4121,119317.0453,120691.5671,124339.65,122009.0321,119782.0733,125147.7716,130373.6187,146538.4753,160591.6282,173954.3293,175382.121
Toombs County,GA,13,279,70984.36553,74177.94482,76513.95,78586.47,82402.0434,93205.35222,92416.57801,97285.45,99302.2244,95199.70,88880.02274,82277.18646,77926.84,80755.50792,82457.46979,84372.54,89813.23812,89490.16865,100290.0242,103185.1066,112667.4494,122230.8902,143826.4958,144289.9603,157376.3207
Harlan County,KY,21,95,,,,,,,,,,,,,,,,,41615.66155,40938.73075,40200.28127,43470.2898,44174.26218,49611.19896,52018.50803,59592.87078,64912.64296
Marlboro County,SC,45,69,,,,,,,,,,,,,,,62114.12932,68423.99366,66008.70824,70567.61961,72382.24855,81504.08862,75227.97991,85264.3642,96262.96356,97818.16587,80169.18039
Carroll County,OH,39,19,,,,,,,,,,,106521.932,105752.0884,103280.4546,103844.4061,110978.6982,118618.8783,126926.3671,129008.3102,131333.305,136914.056,145460.3866,165915.3216,185428.672,192773.0557,200101.3714
Carter County,KY,21,43,55532.37648,58226.93699,59531.21298,61766.13,64424.46,66779.42914,56938.90061,58658.87123,59563.18025,60094.17869,59885.59007,59427.0531,61738.13532,64903.0389,68281.72848,71918.39227,77090.45,77390.82333,79638.31012,77613.91601,80947.65175,93218.72445,110760.2717,123034.5652,124674.886
De Soto Parish,LA,22,31,,,,,,,114634.3669,125063.5813,121002.3403,117651.4129,115681.484,120124.6217,124773.0808,125846.1126,127823.4393,138326.8255,146707.3087,146031.2033,145381.4902,158229.7815,177838.3075,188157.2216,178481.5698,163053.3181,148484.86
Gillespie County,TX,48,171,,,,,,,,,,,234705.3312,232029.3583,230815.8037,236508.5557,248504.6248,264763.00,286030.77,314966.57,355391.1223,375007.5637,367900.3712,414303.97,520788.234,545627.1112,533983.0475
Hardin County,TN,47,71,65594.66242,69151.12289,72825.96,75358.67978,78205.55,80412.67,84575.6727,93977.68996,97639.39,97436.83843,93362.62757,93181.78207,92688.20639,93117.79601,94880.62273,98573.94499,104619.4639,110483.4223,114298.3476,120619.2416,127705.8467,141308.2804,169551.635,180611.3639,187874.7043
Boone County,IA,19,15,,,,,,,,,,,114391.7018,115191.9055,113216.9235,121033.5236,119382.347,125471.2015,133299.3747,142837.8822,148612.5736,158745.5789,167261.3674,177838.5077,194807.278,210429.0347,214654.7894
Lewis County,NY,36,49,63527.58345,67765.37313,73156.43733,80266.52761,87378.47,98360.13,108862.4716,112683.9092,113771.0128,109322.6905,106212.4059,106489.136,107183.4835,110777.5109,113527.4538,115907.4837,121754.6551,122674.9035,124441.0346,130474.9423,134125.3357,148844.79,161648.0433,176949.3626,184663.5021
Stephens County,GA,13,257,64689.3238,69384.23736,73514.56684,77148.45299,79562.73997,82818.03219,86344.35452,89738.04783,90587.87508,87360.11505,81159.24259,76345.15145,70788.83827,74820.11361,79327.82555,81351.19389,84016.48672,87967.93225,95836.47356,110968.6491,119837.7068,142465.0214,172363.3487,190896.8238,205975.1172
Juneau County,WI,55,57,,,,,,,,,,,100841.9518,98889.19215,98694.49441,105299.687,109881.2414,108721.2908,114070.495,122326.7283,128051.208,136431.0301,146731.5224,166828.0032,194289.2301,204785.0488,215225.0159
Geneva County,AL,1,61,,,,,,,,,,,,,,,,,,115495.724,113656.0367,115139.9415,121921.6334,131402.2767,148585.1689,154530.7192,151201.5753
Wasco County,OR,41,65,,,,,,,,,,,183352.9579,167283.9804,159155.5875,157375.1407,164131.6748,170211.1912,185136.8675,201088.1619,227157.8052,252544.11,275748.5054,317594.4396,372202.6766,384776.3254,387471.4675
Ashe County,NC,37,9,103488.6297,118711.6435,130487.268,138798.071,145706.8873,154846.4395,183634.4353,199713.4876,211117.26,210708.8154,201017.1801,193639.1465,,184307.1684,190365.8949,191067.1313,201133.8285,208129.5578,214982.9812,222426.0581,233369.1383,271210.347,305097.0795,322180.046,336706.8701
King George County,VA,51,99,136414.6266,144736.4125,152553.8197,164110.1589,183683.3981,220192.6854,262557.4378,278242.8834,274182.5135,259958.0263,247028.8263,241678.4695,237585.721,248701.2868,259734.6674,263266.2599,276877.9682,284147.0371,295919.0835,303193.7473,316859.6136,347015.0118,393726.6115,412305.7977,432817.9122
Oceana County,MI,26,127,,,,,,,,,,119262.4976,108725.7459,107699.4867,113146.5809,120543.5544,126450.1981,129320.7744,133375.7921,138071.7142,148556.2592,154790.024,165571.0363,183373.942,217158.9332,229497.3218,232174.92
Cass County,NE,31,25,,,,,,,,,,,,,135467.4688,138176.5236,146406.556,152120.1746,161618.1172,172722.2125,183215.1032,192783.1967,204692.9495,227758.6368,253756.422,276834.4354,282153.7652
Decatur County,IN,18,31,,,,,,,,,,,,,115662.9078,119028.2699,120443.056,124992.9837,130915.7281,136356.4392,141761.1322,146696.7172,161687.2201,175999.6688,203132.4618,213388.1542,223828.3859
Clay County,IN,18,21,,,,,,,,,,,,,76409.58854,78798.93,83184.24176,84076.05,84656.11959,87328.33304,91398.60278,100590.0345,110518.1283,123667.9098,139039.9803,150339.0997,162308.3515
Mille Lacs County,MN,27,95,,,,,,,,,136139.4313,129138.5995,118470.4021,112164.2727,105473.6986,114049.343,139111.4297,151927.0438,161774.842,171345.184,185111.1923,196560.9375,212629.1182,241021.5898,274352.38,278694.003,286911.0129
Wyoming County,PA,42,131,92606.31444,98554.31775,99229.99681,109881.7008,115021.1484,132259.5225,147199.3398,154329.5945,156633.8694,152628.6227,148784.6717,149105.3953,148426.6618,156272.8631,164476.446,166394.322,173244.5818,169807.3374,188885.5056,169457.626,174884.1631,197080.4178,215723.6271,213425.2958,217291.9138
Grayson County,KY,21,85,52245.76211,55533.18,56898.30,55511.29767,56520.47716,56193.00595,56344.99584,59119.76703,60950.57819,61808.70454,65984.14354,62561.11,61660.13209,65103.66384,70091.57231,77432.22875,88503.63022,100244.1295,109478.6455,118727.6656,136159.1163,160572.1826,167836.5576,178304.2677,178338.749
Sunflower County,MS,28,133,,,,,,,,,,,,,,,,,,89971.01921,90021.5991,92315.71849,94094.05531,108254.3444,119744.9779,107915.1555,97532.84035
Union County,OR,41,61,,,,,,,,,,,160857.9155,153451.693,149048.0977,151210.3737,157740.8416,161009.3152,167887.3484,178159.9014,187070.233,197749.6137,208488.5315,234694.9811,280904.4713,293252.1523,303986.7249
Dawson County,GA,13,85,146856.113,160216.8451,170759.2788,177486.7048,,198267.0148,204044.4739,212832.9307,214510.0837,207837.5589,187522.8602,177787.2493,164042.0592,167035.4644,182401.3624,193714.3067,206772.543,214210.4027,238790.6808,261884.0186,276482.3294,311768.8928,371320.3311,413173.5761,436232.9679
Charlevoix County,MI,26,29,,,,,,,,,,,,151739.6112,144150.8029,145417.0275,158322.3953,170674.8754,183579.4903,188217.8098,203382.4986,212449.2515,229692.138,265749.1233,316005.6238,341212.6295,356771.4516
Grady County,GA,13,131,,,,,,,,,,,,,,,,,,102344.4706,104601.015,113200.7628,123166.2036,139832.4057,159519.6085,164969.693,169382.259
Simpson County,MS,28,127,,,,,,,,,,,,,97687.74364,101398.5402,98748.3675,117028.9529,121061.6836,129947.7091,130110.7059,135746.1888,141581.0005,143711.1868,163937.2901,148676.306,137416.6476
Dickinson County,MI,26,43,,,,,,,,,,,,,,,93056.16367,93690.46367,97089.77572,96379.27166,104981.4185,114285.2906,119902.505,133184.7511,137283.1382,143337.1927,156668.6236
Franklin County,KS,20,59,,,,,,,85002.5381,90032.40058,91142.67532,90510.01499,89294.5763,88318.63218,86465.76292,91638.0087,97691.08607,102791.8066,114030.8455,122397.3129,129837.2115,138829.0867,147287.5964,170606.9832,194206.6883,210192.0399,220891.7469
Garvin County,OK,40,49,56469.67869,59680.62951,61813.50618,63565.43864,64875.47999,67245.22,70155.45094,73331.75664,75306.32492,71061.83992,72429.65,66111.71539,65950.86491,68094.74794,67727.21215,69694.48524,73713.72042,72895.12066,74502.33557,79251.62854,81812.69372,94195.98,109998.9175,122662.8744,130169.3814
Taylor County,KY,21,217,,,,,,,,,,,93116.84843,92704.89549,90968.45301,92080.46238,95759.52051,99651.76922,103084.8626,110794.2943,114787.8767,117060.5641,119679.0152,134259.5199,158515.3309,174427.2776,181238.3327
Edgefield County,SC,45,37,,,,,,,,,,,150785.0536,142794.4264,137007.42,143316.1706,142128.238,143283.5014,153303.7219,158514.6322,161816.3521,170358.2653,185523.823,206195.6895,232772.2454,249333.137,254496.2156
Russell County,VA,51,167,,,,,,,,,,,,,83776.09713,86015.35182,88912.84865,90903.5956,89920.12772,87512.34,88299.03584,93812.65071,98760.9691,113178.6655,116593.6034,124509.4075,132373.846
McNairy County,TN,47,109,56941.97078,58301.33936,61005.44801,62122.47,63920.48,67522.35593,70272.38093,78257.25564,80372.54103,80418.50681,77188.32684,75684.71,74205.15,74976.65791,76682.96083,80737.7593,88155.51245,94011.39279,96895.00491,100897.5751,111435.2627,120009.2646,144161.1873,150790.5564,156706.1186
Montezuma County,CO,8,83,142667.24,151372.7851,157306.94,159469.7141,161220.3597,170176.5508,182766.926,190378.1717,195239.6941,196780.3568,194502.1908,190942.5367,186423.5004,197461.6352,199706.0866,205693.254,218312.4154,226214.2681,240055.1646,253681.9585,270534.9505,300261.5936,358312.5965,379594.8654,377585.7045
Elbert County,CO,8,39,229198.5234,251348.7636,267213.2562,276781.7849,282512.8391,295277.8504,308740.4464,312925.978,306399.9709,290739.0685,278559.7965,270965.6096,266903.6806,285653.9196,313758.5614,337978.5716,375671.5068,412169.4326,448075.681,474390.7827,505571.0116,566529.0194,666919.4618,684158.1648,682627.4975
Brown County,MN,27,15,,,,,,,,,,,,,122877.5381,126241.0078,133033.6981,133002.1874,139691.3317,145169.3487,151673.7176,158236.8438,166492.0123,176648.6728,196234.9419,207692.6896,213784.4002
Montgomery County,NC,37,123,66804.33,72544.28414,75121.57078,77229.15,82675.76,86169.04403,93267.1775,100272.9022,103707.2999,102961.5041,97894.89,94966.89013,93185.60968,97307.95267,105011.1731,105304.8689,114991.2085,115866.093,122406.6635,127854.7164,134803.8146,160013.5834,183498.6053,204631.9738,212461.2861
Lamoille County,VT,50,15,130942.2248,141682.3636,152725.391,163010.6885,179652.7637,207378.0174,234084.4679,233809.4328,250125.3629,252424.9102,247942.3049,246314.7366,246705.6227,257178.6568,262494.3037,265390.52,277767.3206,282342.8141,298886.4223,312628.2284,328601.1937,361756.3441,425285.93,450054.4579,463767.5909
Johnson County,AR,5,71,,,,,,,,,,,,,,96154.13288,97475.25189,94119.81,105311.4106,111141.2923,113578.536,121933.0367,125928.5884,137039.4799,155972.0751,157870.15,161446.8745
Morehouse Parish,LA,22,67,41009.96372,42411.25535,45358.48315,48255.25058,50559.51138,53793.81654,59030.90425,64164.88734,65318.09526,61580.73018,62395.6669,62485.03579,64110.09419,66852.02,68683.72315,74692.68403,82729.18129,81409.67091,74025.47451,70647.62412,74006.04,78999.31134,81390.38,87858.76451,80264.66645
Hart County,GA,13,147,106597.1919,116681.6908,125721.097,131540.7248,138155.5176,,145807.4594,153611.7958,156026.8394,149419.6644,137629.4348,128180.1143,124663.2358,128551.9563,133694.8786,137229.0911,147299.7885,154419.8086,161525.17,180224.2587,193322.3345,226086.538,269807.4674,282743.1666,295289.8816
Barton County,KS,20,9,,,,,,,,,,,,,,,,,,76902.99057,75688.42809,75911.7705,76938.07989,79100.9037,88349.80737,95854.76,104682.7893
Lawrence County,SD,46,81,,,,,,,,,,,,,,206210.4352,218163.0858,225734.115,236424.3164,245324.7957,254653.1251,266383.6582,279087.2177,309305.4248,380867.58,406928.792,421106.4164
Mason County,WV,54,53,,,,,,,,,,89763.39552,87355.76974,82532.44694,82998.10429,85971.90292,84838.76796,84807.05,89834.88842,91324.3197,90279.9289,93466.01392,98051.03684,110379.8407,121453.9038,129467.6705,134487.2794
Cheboygan County,MI,26,31,,,,,,,,,,,,,114084.347,119604.1728,126868.1358,129086.4209,133733.2318,137213.3081,146253.982,150462.5613,159288.497,176684.6101,218566.6477,219955.06,231157.8159
Benton County,IA,19,11,,,,,,,,,,,128725.5247,127896.0963,126612.0106,130594.5297,134907.3016,138632.8502,148571.9002,152732.91,157422.9568,162727.4967,173537.3824,182971.6153,196809.6969,212861.334,221719.1242
Hardee County,FL,12,49,58089.48112,62268.83531,67890.68,72965.61974,81088.65541,96959.47,119120.0582,124314.2051,112492.8352,93757.28529,82836.64,81683.20521,78283.74096,75499.14383,77862.32514,80794.1079,90198.75056,100715.8418,107309.418,115796.9336,125759.6172,142587.6478,172789.0157,194957.1338,210383.847
Hardeman County,TN,47,69,57210.76071,60448.44311,62834.19465,65187.12246,67153.85729,70546.88717,76619.81,80956.19555,83110.34825,82407.41271,79147.23073,77683.39918,76377.33,76504.27851,75552.86821,77352.44358,80389.5624,86107.49486,87514.64167,89759.193,100558.1862,107392.3409,132208.3324,135330.1353,147491.6399
Plymouth County,IA,19,149,109026.5554,113124.9876,116978.3333,118806.9159,123006.3047,127931.8436,122270.9892,120670.1191,122726.1165,122570.26,118937.1262,120961.9134,125157.4247,129859.6653,140189.2083,149843.9754,160187.2998,170870.5112,176900.5693,180298.5572,192009.5329,206021.9372,230952.2342,252259.5065,258288.6299
Lyon County,MN,27,83,,,,,,,,,,,,141551.6337,143914.7413,144847.54,149224.8864,150121.508,157375.2119,160952.053,160494.2317,163883.0045,163085.7142,172492.4798,192985.9677,202644.3974,203195.7259
Lauderdale County,TN,47,97,53018.72538,54149.82703,55605.62049,57227.80229,59089.31,61917.82023,66614.99051,70454.28798,72112.89,70997.8076,67508.14,66300.10039,64897.16331,65820.54904,69420.18789,69893.68081,72167.60433,77361.89445,77764.53735,78527.45756,88276.70778,104054.6911,124565.9828,130619.0509,132336.1691
Gladwin County,MI,26,51,,,,,,,,,,,,,71156.05454,84596.09215,90155.79819,88301.77068,94038.85153,97960.77366,107516.8908,116453.9698,127831.8402,138813.7466,154145.67,159946.2255,162810.9661
Adair County,MO,29,1,,,,,,,,,,,,,100563.2173,107343.79,113627.7169,118395.3328,120919.6935,124613.5771,123099.2334,128234.6727,136212.3416,149761.3876,167498.379,164839.2791,170454.57
Posey County,IN,18,129,,,,,,,,,,,119113.7888,120001.5379,119487.1256,121312.2491,124959.1838,127918.1818,134968.49,139679.6913,147121.6809,152608.8255,159729.2285,175440.4055,195130.2192,204853.4085,219157.2338
Luna County,NM,35,29,,,,,,,,,,,,,146182.57,125215.1909,123364.6981,117310.5236,106887.9483,98547.99857,99053.57907,108152.8575,110400.7161,122288.3509,131164.0234,139124.7253,130178.8957
Salem City,VA,51,775,,,,,,,,,,164922.8986,157734.0887,156714.8219,154846.1253,154458.0978,154812.6872,156192.3322,157918.9015,160550.278,164825.3629,171354.7873,182784.4966,200605.3561,216521.7057,245292.9787,260210.976
Iosco County,MI,26,69,72020.41641,76311.56963,81761.20571,86683.34386,92018.29,96265.31959,98007.76345,96476.06315,91676.72083,87492.82671,78924.50428,73929.01681,72676.02191,77764.48,83831.899,86416.69359,89929.62,92865.22594,95826.08349,103963.5229,105699.1734,118711.1872,138939.3317,149279.22,154586.63
Barbour County,AL,1,5,,,,,,,,,,,,,,,,,,99646.19547,103940.1689,109379.1724,114429.8642,125496.308,145969.6211,147797.7212,141296.8937
Audrain County,MO,29,7,,,,,,95112.13595,98302.37686,100539.7673,100673.5376,99138.31228,95323.87351,93757.89787,90503.97545,92260.27,89418.41854,89886.04152,94844.81569,94060.31148,98506.52032,102416.2731,113718.7824,125394.919,139945.3522,151417.3875,157474.0222
Staunton City,VA,51,790,,,,,,,,,,,129668.6174,127571.5076,126276.8902,134434.0614,140656.8087,144552.0209,153064.4953,156798.1907,160529.1863,162839.9974,179515.131,196580.8659,218735.5799,239928.7759,255374.3941
Pottawatomie County,KS,20,149,,,,,,,,,,170364.2899,167078.1348,166272.2321,166810.0862,172889.043,175989.7389,184057.3644,190976.3206,194711.4756,201062.2466,206574.9098,218841.7128,237416.9624,258992.186,278383.7339,287501.7146
Todd County,MN,27,153,,,,,,136197.7459,143578.884,144506.2311,138885.261,134402.3011,123699.1881,126040.1303,124787.0913,126937.8507,134555.655,133011.6119,145450.1403,147761.5534,156183.4025,166460.1653,173898.792,192689.7837,221824.9826,232409.7708,243316.7422
Fannin County,GA,13,111,136664.1868,145137.5647,156849.2618,163753.7314,172553.7979,193275.5863,207012.4102,221900.2885,227307.3474,218730.8238,202683.6498,190285.8352,173128.7164,175029.5658,188823.0385,192285.2321,211029.675,224771.98,249587.7387,273315.3479,294142.3395,343337.0412,453235.6692,457764.6323,462764.59
Churchill County,NV,32,1,,,,,,,,,,,145684.9181,129683.753,117921.5368,126249.3958,143810.4732,153092.5878,170598.4011,187297.1557,208196.062,239726.9983,258240.4921,284813.9895,348039.8996,353739.6098,358621.3402
Prentiss County,MS,28,117,,,,,,,,,,,,,,,,,,121536.2841,115512.0003,109706.9712,110323.3869,117885.2561,139982.7235,133009.4478,128796.4214
Otsego County,MI,26,137,,,,,,,,,,,,107378.6809,110930.2213,117145.5338,125037.2917,127865.0693,134678.9635,137039.949,153633.9822,167513.6985,163403.7145,183024.2751,219756.589,228391.5227,240122.0565
Cherokee County,AL,1,19,,,,,,,,,,,,114859.908,110405.5119,120126.2283,125627.5307,128634.7798,135514.2823,142667.2284,151552.1454,153672.757,167099.5606,184001.0298,218273.2472,220145.3218,218386.0985
Jackson County,OK,40,65,51935.85589,52946.01644,54539.65977,55664.37,56845.23411,58945.36663,60783.427,63180.1465,65564.65,68615.13343,66790.70552,65591.94113,66268.27321,69841.33782,70369.63217,67993.40,68711.68546,70835.29,70403.20605,72395.90903,76308.52,78290.40,92210.37088,95340.30464,99712.10471
Macon County,TN,47,111,66956.68439,69805.25,73189.18451,76794.60,79886.28,84439.15854,91044.9412,96543.70205,91326.4784,91325.87281,87420.5352,85662.10,83960.79005,87491.69149,90033.24,95733.10,108303.2552,120457.9072,135890.5826,147272.1273,163704.2991,185608.0094,226792.5431,228975.18,245106.7177
Butts County,GA,13,35,75650.23327,82176.13977,87728.61144,91868.78662,95626.05469,,104092.1796,108072.1264,108662.8942,102999.8847,93522.84464,87848.45,82409.01173,92674.54196,105163.1526,115334.9805,127503.9235,131340.2995,141782.7172,155973.659,173580.3342,193430.3324,237753.2207,257566.6241,272249.6536
Manistee County,MI,26,101,,,,,,,,,,,105530.5613,98699.27049,98955.47742,100683.6551,107373.6441,109307.2811,117255.9143,121616.4984,138821.9034,150582.2168,152886.2985,174646.0989,213167.8118,221254.7427,219919.4718
Payette County,ID,16,75,,,,,,,,154206.4741,155687.5037,149869.1235,135753.2604,128713.5084,123919.2555,132948.3508,148285.5431,155728.7466,167839.3096,182353.8501,197041.2665,225127.6704,256310.0271,324462.1099,434311.3874,438204.1586,428739.2533
Grant County,KY,21,81,112472.7769,115810.1759,118497.3934,122421.3633,127619.2778,133386.0708,138634.6036,127392.4224,128010.3986,125879.2886,123067.1084,,113831.5039,116655.8547,120321.6573,120072.49,127653.2673,135788.2784,145487.1871,152217.05,162768.4872,182910.37,206572.1923,221568.1214,237588.6724
Uvalde County,TX,48,463,,,,,,,,,,,117624.9293,116188.981,117785.4302,116396.3508,124358.681,137208.1457,150234.4218,150989.8767,149286.157,145597.1684,155646.9975,166458.5145,186372.5224,186090.5723,181257.7428
Washington County,FL,12,133,,,,,,,,,,,,89679.15227,89610.0377,90669.98844,91149.32065,95977.36658,102682.058,108460.0895,113899.9451,119852.1343,141764.7785,166794.4259,195701.7401,210598.4839,217584.6133
Routt County,CO,8,107,266545.2303,291354.1579,312641.1443,326014.8423,335428.9491,353934.3894,,400800.4967,468193.2071,485567.6535,468661.4909,452551.0226,444300.8714,465199.2678,486527.74,504742.2228,545756.76,588428.6316,631221.1858,683156.7541,714252.384,835988.1794,1101227.799,1195009.39,1251388.403
Chattooga County,GA,13,55,63883.96822,69279.47911,74349.32234,76828.98469,79691.19973,82933.98,86283.30313,88836.32594,89239.70979,84690.00756,77826.39431,73483.76005,68260.10518,70676.03989,77763.14394,79335.48034,85680.79491,85510.6052,87012.24,94692.66873,103684.9647,122963.1856,146788.9105,157294.7752,160362.6396
Milam County,TX,48,331,,,,,,,,,,,121138.7021,118275.5942,117425.2169,118990.1308,126682.7367,127922.9294,135149.5407,142791.4639,147790.3748,165794.3349,175700.3629,188752.4852,229059.1421,239901.3977,230971.0885
Randolph County,MO,29,175,,,,,,,,,,,,,84296.64875,86579.75754,86914.88078,88379.24638,89974.54813,93371.27853,98673.81103,103580.1576,110153.115,124655.4324,138170.6876,148281.7143,155389.6214
Texas County,MO,29,215,,,,,,,,,,,,80764.5511,83159.73932,91707.02098,91276.56,96321.91181,101102.5995,106480.6312,111695.4478,115916.4992,119180.5416,130072.6692,163365.5724,174333.4382,185354.0441
Bremer County,IA,19,17,,,,,,,,,,,144342.72,144580.5015,145007.3837,150534.983,155714.5254,155669.1356,171660.1322,173517.6245,172585.7844,176901.442,185541.9832,193627.5608,208941.7475,229087.1761,240720.7831
Hickman County,TN,47,81,58113.98971,61280.02288,62901.18746,64682.20796,66761.89341,70558.08118,75932.65958,80929.22,80508.65823,80910.16855,77199.94489,75912.28518,74431.02503,76666.09018,78415.01386,84085.78898,92916.45,103107.2452,112837.5063,116607.0569,129546.7363,157699.8544,163725.0991,153946.5604,152895.6271
Cleburne County,AR,5,23,112337.8974,120196.384,122392.2638,127210.4892,133573.6689,143413.1674,153940.4833,162183.5034,165678.9813,165528.9764,154358.6999,153118.194,153417.3442,156110.2141,154204.366,153508.91,153526.4247,158020.7218,161328.8291,162446.1328,164412.5243,182991.3762,220721.1337,230260.5191,242851.481
Somerset County,MD,24,39,70656.95594,75908.15705,80926.91,88751.5117,98690.96758,118842.4359,142142.5176,151131.465,147437.8953,133385.2699,122663.8518,119552.6743,115901.4512,114643.9666,114391.8108,113141.5774,116783.694,115176.1786,118898.4417,123365.5804,131091.6937,150130.2423,170958.3477,178107.8649,190715.068
Yates County,NY,36,123,97311.00609,105568.5317,113785.6097,124135.2297,134567.8089,150496.3486,164120.6522,166399.1443,164398.8034,156532.3997,149908.598,149633.1853,146413.263,149144.9257,156377.0839,155713.5323,166726.4278,175415.0377,183066.9069,186179.8447,194507.4942,218562.8466,239462.5026,259809.2048,274894.664
Nicholas County,WV,54,67,,,,,68595.81581,73932.50,81042.62585,83810.6004,85771.23831,92088.23589,83929.47245,81357.44242,81385.95946,85541.79878,80531.82781,82619.64813,88698.42865,82526.20278,82330.89643,86750.02753,83701.83602,98657.19368,110844.6725,120709.9136,127049.6914
Randolph County,IN,18,135,,,,,,,,,,,,,68975.08356,70345.12462,71597.40,73392.16109,77079.10,81416.12089,83133.80175,89375.01116,96016.03133,106384.9564,122209.617,130527.7788,131783.8985
Bell County,KY,21,13,,,,,,,,,,,70346.03168,68653.66325,66473.27269,71894.23,72361.84981,72731.70,76810.63744,72539.45004,69517.81,76372.98493,78778.16229,85591.79267,83986.66311,86574.80537,78049.88
Rowan County,KY,21,205,,,,,,,,,,,,,79925.89509,83481.41814,87453.77344,90301.84225,93651.66533,100028.5032,102204.3133,104474.1786,109136.8825,118380.7141,132197.3237,142145.8724,153855.6045
Miller County,MO,29,131,,,,,,,,,,,122210.2938,120685.5026,119012.4625,113496.0821,117954.8074,119103.0179,138061.1351,132293.8646,130460.3553,137026.1358,150805.7083,173616.506,209011.5789,216745.6035,230533.6366
Marion County,MS,28,91,,,,,,,,,,,,,101513.7285,101728.4127,98684.09154,102966.3273,110599.082,108542.3511,107493.2936,110437.3961,110245.7636,118477.3199,139879.0905,133281.76,127293.3465
Teller County,CO,8,119,142202.0636,152552.9974,159292.4936,163994.3097,167833.7661,174365.0093,181285.9054,190645.7653,196801.3225,194286.9701,188566.1194,183834.7387,181915.6387,193379.5313,207571.0936,215461.0512,233628.2599,253373.854,282234.2038,312068.9821,331627.5376,379124.8192,451180.9217,472999.7567,482551.8838
White County,IN,18,181,,,,,,,,,,,,,105084.3542,102209.7369,104177.0781,111197.4427,116941.5872,123717.2445,128036.4662,136194.584,144282.9008,164350.0409,181984.7333,188947.0116,199183.7776
Waushara County,WI,55,137,,,,,,,,,,,142029.3454,139147.8627,135437.0554,129668.8009,131957.7292,134306.7822,144034.8995,142814.12,150132.6943,159538.0913,164290.2305,189555.8128,214506.0403,228259.5908,238872.2824
Cassia County,ID,16,31,,,,,,,,,,,129603.6162,121700.7747,118508.4083,126048.9638,129974.3497,135991.0379,145048.301,159117.5936,170809.98,184480.6099,199898.8748,232651.781,291439.5601,318465.99,325915.5471
Fayette County,TX,48,149,,,,,,,,,,,201496.9501,200626.3976,200803.3198,207701.812,221897.6018,240470.0994,261885.8893,276351.5471,285857.0494,298052.9953,316346.8606,365271.5218,425869.8548,443007.1067,444115.3726
Abbeville County,SC,45,1,55669.03536,55873.15295,59726.13554,63706.55735,67369.7691,71716.67539,77530.93,83016.66605,85615.73,84991.06276,78351.09699,76758.80643,74154.22881,78493.16285,83910.35,90939.17388,110359.2971,112579.9097,109320.6492,120453.6179,124900.2449,144669.2887,172004.9358,187238.7876,191177.8859
Lincoln County,KY,21,137,,,,,,,,,,,85429.48,85927.18767,87129.67127,86151.57934,90277.88633,88512.08801,95065.75051,100353.4848,103282.2836,110446.6634,115346.7789,134549.4833,153055.526,167515.798,176234.6505
Crook County,OR,41,13,90308.74,93205.17213,98265.5396,102583.2057,109203.1195,124535.1005,150367.4592,170635.71,173218.2089,161177.1464,145395.2351,134311.69,127500.8987,136382.0097,167527.8719,182518.4955,207604.0931,237479.5881,268178.2142,289923.4623,310977.3669,355454.1345,444503.6799,452132.5304,454416.87
Goochland County,VA,51,75,,,,,,,,,,320650.942,301991.0657,297071.0156,291606.5564,305775.9833,316768.1914,329014.6784,340443.5922,353442.0541,368671.4511,376378.81,390171.6257,431708.5194,467295.7963,458455.27,509378.965
Scott County,IN,18,143,,,,,,,,,,,90388.8864,89753.32734,88542.14258,87194.18091,85901.88665,92771.59522,97557.12511,103778.4338,113259.505,121455.5369,128051.6584,146136.235,162543.4474,171265.947,183733.4029
George County,MS,28,39,,,,,,,,,,,,,113154.3683,115021.5017,115607.7008,120209.8582,137965.5168,142264.8871,143307.9445,138629.6803,150712.5751,165592.9613,191160.5779,188331.5795,190658.7286
Shelby County,TX,48,419,,,,,,,,,,,130052.7172,128130.6942,128041.284,131623.4094,137981.1072,140846.90,150075.5073,147306.0929,143905.8501,148650.008,165598.2372,184193.8516,208896.7862,191664.8933,183534.9918
Jefferson County,OR,41,31,75901.22597,80908.38967,84344.80705,87500.77308,92546.58,103065.98,122537.9154,138776.8541,140811.9684,130765.4594,118187.411,113160.21,112269.5627,116615.0622,136114.8573,151664.4444,173600.1442,200799.0723,228730.1844,260527.1885,278791.4655,317395.0584,394794.3586,408915.9375,410701.263
Burke County,GA,13,33,,,,,,,,,,82441.00183,75921.55552,70270.84636,65933.57308,69992.03012,72423.83155,74885.15395,78572.6928,78728.04493,81755.83923,93010.44,100374.4165,116891.7447,132863.828,140352.1519,141014.2553
Union County,GA,13,291,105792.0666,115195.3406,123813.2295,130721.76,136818.8159,148916.5529,161914.3347,181102.5042,185441.291,178477.7932,163541.2119,153859.2926,145062.8153,148759.0669,158476.6527,164824.9873,172184.7294,180262.3166,195132.0555,212618.8311,228690.3764,263462.9998,327471.5717,343067.872,365244.7813
Aransas County,TX,48,7,,,,,,,,,,,171878.144,166629.2478,165529.1015,169356.4324,180320.3691,184864.4061,203137.1415,215605.1555,221932.5993,221108.6175,239053.7216,267980.8701,316223.483,337575.0345,337191.0966
Jerome County,ID,16,53,,,,,,,,,,,147805.5233,135852.2008,130789.6362,137434.8916,147693.6916,154494.9829,163336.8153,178050.7319,190082.1209,208659.2864,229475.5929,272219.9547,345921.559,359846.2216,362759.5374
Dawson County,NE,31,47,,,,,,,,,,,,,89659.18023,92721.84281,99014.12173,103213.3573,112373.0973,115773.0135,120929.512,127655.025,134149.3174,146384.3144,164630.2563,175662.5187,181072.3646
Fairfax City,VA,51,600,226689.5135,244276.723,268558.425,295792.91,332536.24,401537.6757,478480.02,503264.0281,494483.5453,463749.1088,441138.1187,434404.4866,429047.9204,460318.2531,486867.2175,493600.6636,509695.0476,521727.6911,536776.7633,547909.8524,566373.7556,623080.2732,653885.98,679155.07,723555.9023
Upshur County,WV,54,97,,,,,,,,,,,,,,,,,,109758.263,113307.904,120225.3115,118547.7298,129420.9654,142510.3606,149237.0736,151595.4884
Hood River County,OR,41,27,179645.157,190795.1093,200409.1263,211568.9612,226529.9882,260044.5597,316482.0925,356373.67,360669.448,337224.7876,307634.3839,295041.8598,285330.6119,293007.8156,317044.2319,334006.6986,359489.0395,390052.801,435907.1689,461754.4809,476629.2417,540839.2285,640588.0542,669995.9266,682353.7496
Saline County,IL,17,165,,,,,,,,,,,76271.3281,74632.43618,76599.72678,79125.36472,80260.23598,79279.42513,80115.08,73543.05561,72358.73472,65124.0221,66303.04299,67175.88834,68623.33713,69064.76,73606.90992
Blaine County,ID,16,13,,,,,,,,,,,470326.2525,417849.9257,401114.6071,405278.8817,458054.0515,489459.1529,525589.54,530910.0402,584532.3393,610029.9452,628342.4338,753574.7344,997690.0327,1075774.184,1137660.938
Itawamba County,MS,28,57,,,,,,,,,,,,,,,,,,138984.5083,133024.9636,126560.033,133926.9965,139767.2327,167786.9872,157443.2746,145903.8467
Ohio County,KY,21,183,,,,,,,,,,,,,,,,,,108130.6737,116203.2843,121572.8029,122797.7018,123491.5298,117567.2007,123051.7429,135137.4288
Mingo County,WV,54,59,,,,,,,,,,,,,,,,,,47975.10503,48764.6142,49238.75268,47328.54468,60946.82827,64630.85963,67616.04902,62409.70666
Seminole County,OK,40,133,38984.62978,40651.80475,42260.54594,43657.90174,44784.68059,46514.81656,49285.98274,51836.28218,53816.90238,56881.05749,54479.96067,51227.8236,52949.23,55179.71223,56089.8616,57059.73446,61651.33118,61469.01822,64457.68179,66408.43635,67889.2617,77937.65753,87582.07,98887.0679,100411.0573
Washington County,MO,29,221,,,,,,,,,,,,,,,69682.97,72103.89124,83263.46866,83811.30905,96592.63258,105702.3846,130963.7533,142082.2798,157940.6163,154945.4373,161632.1002
Page County,VA,51,139,88098.82229,95288.73192,102578.9352,109533.69,121630.6317,143576.0345,140568.6485,149116.9294,147980.3108,140885.4857,132955.8642,129634.1298,126613.0292,128841.7695,130097.854,137848.7099,145881.4545,150308.9148,157230.8531,161748.0411,173179.2707,197110.1363,232139.5439,254925.0795,268369.3046
Iowa County,WI,55,49,,,,,,,,,,,146810.4509,145648.9024,141230.1788,142770.0655,150486.7512,159569.2241,169168.0821,178354.8163,187872.6892,199455.7517,210264.8452,226715.6027,253650.7571,278592.6107,292335.9807
Winston County,AL,1,133,,,,,,,141036.9322,151747.278,159163.4261,156710.7332,147969.2067,136063.934,134533.5193,135456.6892,129331.6555,124689.0493,121773.4045,126608.1859,130423.3769,132166.1309,136766.0972,153827.2371,172026.3119,176424.9483,175037.1967
Saint Francis County,AR,5,123,48631.0999,49926.59292,51183.1519,52664.1526,54774.47629,57820.22462,61765.05855,64016.9433,64514.31412,63085.71929,60504.7241,59053.42456,58163.69168,61030.25775,61380.28616,59049.27474,62221.40332,66098.91926,66752.2132,68401.82976,72616.54623,74681.50753,76896.94268,71449.83202,74376.35
Juniata County,PA,42,67,,,,,,,,,,,138956.9355,138408.6557,138825.24,140728.9302,146607.6359,144223.2924,150923.2267,156322.3518,159891.0205,164313.2629,172785.2534,193324.1845,207493.4944,213964.9714,212260.7328
Plaquemines Parish,LA,22,75,,,,181670.1878,189265.8369,205012.5918,226737.3472,249330.8471,255780.9773,251642.5076,247945.311,245941.7473,232438.2448,242932.8047,246460.844,251821.4428,254790.3909,255382.4264,259811.4668,256103.4641,269680.49,279625.5515,293927.0867,297095.3008,287046.6572
Menominee County,MI,26,109,,,,,,,,,,,,,,,,85050.83441,91335.94849,92421.4488,99877.92291,101864.2186,115633.7952,132397.7119,151880.6865,154924.7017,161208.0953
Roscommon County,MI,26,143,69690.83434,72607.64295,77787.73294,82873.8243,87382.68066,91507.60216,92114.91,89948.8605,86104.13106,81004.13462,74406.79259,73272.54684,72736.63068,75956.72,78251.0424,75902.07335,80566.12826,86354.23498,94154.2817,102331.752,105601.2949,127728.4381,151316.3737,169949.505,177848.7452
Antrim County,MI,26,9,87549.50417,95436.53,104631.2753,111220.2057,116373.4186,122579.6511,125618.9931,130439.5221,133589.4791,124861.768,111660.3271,108673.78,110971.2385,119761.3942,132686.6828,133220.838,150067.8601,168580.5683,184238.0704,192622.6244,207461.8072,239404.6876,302948.13,319379.8034,327585.5132
Fayette County,IN,18,41,,,,,,,,,,,,64974.39628,64195.94,65965.74064,71672.91,75785.27118,69744.86469,70705.16364,73612.36509,84315.08427,89131.46098,104516.9901,116373.3677,134201.7888,140573.728
Grainger County,TN,47,57,66159.98755,71280.11,79124.69351,82518.90529,86133.2593,91735.90577,100358.1856,108095.3756,112461.2382,115734.4521,112025.4231,112629.2602,112182.9037,115978.8008,118145.8461,126578.6018,131146.2795,138423.1901,148037.5963,157109.309,174981.9508,195284.3736,229500.9511,232077.1153,249133.8874
Anderson County,KY,21,5,93272.36,98297.8542,102449.0432,106413.5414,111052.6568,116397.2565,120499.0067,123638.9837,125441.1232,125000.2794,122601.8179,121538.6077,114725.8358,114910.9601,118442.6274,121009.9418,124160.408,127189.046,131978.5575,138226.821,145761.3025,171634.5338,197032.9632,216448.3402,225452.7131
Clarke County,AL,1,25,,,,,,,,,,,,,,,,,,101972.8059,108651.1518,107315.4087,111709.8688,126912.5549,146547.6488,138681.4633,132997.6024
Teton County,WY,56,39,,,,,,,,,,,809877.1837,789110.7513,786190.1325,822921.2379,911243.2599,984004.36,1143855.868,1173451.121,1281256.006,1382493.317,1443381.679,1595763.468,2258708.758,2478138.682,2759089.895
Saline County,MO,29,195,,,,,,,,,,,,,100445.5101,104402.3724,122129.9169,131725.9621,129216.9032,128863.7991,130253.6826,141444.6305,139451.7928,155825.42,143603.1678,167592.2991,154101.5762
Starke County,IN,18,149,,,,,,,,,98248.35,98588.73263,95931.70473,94968.86,93590.37,94935.16667,94289.52741,96081.23406,99353.68126,101519.249,109601.7279,117225.6479,124439.5699,141224.1528,165825.5911,180149.2865,195683.5856
Meeker County,MN,27,93,,,,,,,,,,,,,122067.3458,129416.0375,136874.3195,145206.813,157730.3097,169080.4657,174895.2795,184043.8013,196087.5263,217180.9077,253143.8541,258911.4367,263468.1502
McDonald County,MO,29,119,,,,,,,,,,,111374.7131,105822.8116,101372.4032,102546.9861,112581.389,102911.7249,106608.604,104952.681,105646.8242,113899.4604,125949.405,144441.2058,170755.5653,184617.9355,188791.5166
Franklin County,GA,13,119,,,,,,,,,,117197.0405,107537.3025,104324.1247,97002.28166,100107.2138,103906.9824,106203.3585,117362.1739,122754.7012,131058.2103,144977.5857,156907.8159,187224.95,225203.3499,250343.3699,264614.0566
Curry County,OR,41,15,145023.2733,151248.7851,160396.3287,170792.5171,185755.1151,219464.6322,275238.4009,307960.1136,311221.4871,288062.2,256201.1922,239134.8713,228306.1595,225289.0737,233662.4135,249893.9198,265991.2041,288652.646,304905.8539,328313.538,346659.7815,393002.6578,450351.0378,470612.5313,468912.932
Hampshire County,WV,54,27,,,,,,,,,,147323.0147,139153.0927,137671.2474,135811.8084,138892.6378,139949.5209,140533.2102,145107.1006,150290.9192,154101.3788,158732.0376,162397.6942,182290.6975,204546.5525,228355.205,237595.0817
Yankton County,SD,46,135,,,,,,,,,,,142932.4376,145244.9751,143356.3594,151726.2857,159053.1107,169607.1152,181321.0413,183764.1238,189434.24,196596.0186,200595.7191,213230.4712,241056.5137,258697.0913,248449.4462
Poinsett County,AR,5,111,61086.54065,62872.33816,65496.19758,66429.4336,68606.35452,72196.28869,76425.13487,78874.7174,79524.97903,78399.33243,75395.81,74031.70066,73439.11234,74553.7997,76237.571,71489.84051,74409.56679,75682.99063,78058.71252,83302.18,86904.39363,96697.16488,109223.3152,108072.1553,114387.6094
Tattnall County,GA,13,267,73433.27533,79054.38716,86237.88711,90090.97727,94096.83146,103820.2444,107805.6497,114412.1176,116803.2382,113336.7372,97333.76125,92730.13653,88168.78688,90207.57118,90888.04193,91693.83864,97556.82964,98889.89803,102506.4556,110730.0479,116476.2189,128817.991,154401.3661,158283.9955,167375.95
Crawford County,MO,29,55,,,,,,,,,,,104961.6244,103619.9996,101667.3429,104481.7107,112696.738,124551.7666,128238.7699,125928.0564,129482.488,134071.3953,142998.1462,160074.2336,190919.3316,196998.7304,198813.3458
Allen Parish,LA,22,3,,,,,,,,,,,,67383.92,68518.86358,75480.87,89446.68658,98269.12513,111236.6051,104221.2481,105605.0703,99660.64241,105359.5852,112396.6401,116336.564,111869.8013,105274.5644
Ray County,MO,29,177,,,,,,,,,,,,,72923.82177,76222.47275,84102.21718,103665.7251,116360.8975,128334.7133,136151.6704,150290.6825,161464.9238,184299.5993,210279.3581,225668.8931,235528.3963
Pacific County,WA,53,49,,,,,,,,,,,148625.3178,141226.8903,135118.0764,131458.9824,133815.4975,137689.4001,156061.6022,172351.9521,177679.0785,192016.2856,220704.7746,261505.5092,325872.5882,339816.9222,342026.7594
Columbia County,AR,5,27,76962.27491,79173.90406,79467.57487,80510.21034,82860.93,86919.03624,92722.35494,96666.24,98092.43972,96392.23542,94164.94134,91608.85371,91259.3222,100931.0756,99264.7391,99231.77662,108553.6987,109581.3621,116250.7556,115263.0114,117869.439,129053.1622,138997.6987,132008.6591,125348.7635
Osceola County,MI,26,133,,,,,,,,,,,,,69002.51172,75074.18938,82094.54054,89905.88821,93506.14643,101606.3227,112161.5393,113151.1199,117812.3539,148540.1298,166735.4822,176425.8839,171493.8622
Hopewell City,VA,51,670,66273.69,70266.62443,74142.41361,79539.89,86673.16758,,101587.8122,106206.4733,104992.7525,100243.0453,94724.92547,92866.86132,90945.77639,90802.35131,87523.19,83797.66205,89623.52,99410.04145,104879.4429,112440.645,121417.2105,138652.6344,157033.7087,208007.8085,194846.1004
Ouachita County,AR,5,103,,,,,58441.65752,61249.0987,66158.05192,67962.78,68430.64149,65907.34905,62178.51043,61593.13934,63348.86929,65299.62918,64185.67532,63385.92829,64747.60515,70038.332,69153.01334,71520.20527,77745.02832,84159.22307,91390.4903,89084.02877,92465.53266
Vilas County,WI,55,125,,,,,,,,,,256914.7239,249052.9359,234694.5252,229527.1032,221161.1633,226260.1208,241585.4623,244975.6821,246562.1075,255711.6989,270647.10,282883.526,304189.3735,350090.9766,380794.60,397505.1601
Johnson County,KY,21,115,61818.61363,63572.38568,64180.23,65748.24169,67978.50121,71102.53395,74655.6258,77052.94399,79551.01707,78636.61286,77020.86171,78250.89704,78741.41,74642.87029,74457.00,77078.05,83825.85315,86045.58753,89270.03807,91149.71372,83625.42563,97088.15141,106387.1955,119717.2249,120584.3825
Caswell County,NC,37,33,,,,,,88954.40199,97223.99676,103922.4069,106451.4439,104104.4747,97541.52174,101607.2473,99254.32393,103717.44,104533.0903,104465.1154,110328.8098,113592.0092,117239.2099,121803.4368,128425.6888,152411.4692,167927.0321,183680.8505,192758.4763
Franklin County,IN,18,47,,,,,,,,,,,,,137469.4537,138985.5652,141917.296,151903.5125,156806.1022,164119.1806,173984.7648,184061.8227,200707.3706,221585.0112,250954.0206,263350.9325,277131.1256
Emanuel County,GA,13,107,54298.61247,56113.55713,58866.52973,60445.12048,62442.24008,66466.77553,71997.30206,75266.94654,76487.25,73884.6294,69102.14658,62367.73433,57535.37472,57905.65,59507.17096,59678.59037,61739.89,61356.13161,62839.10061,66098.40,72303.45951,85215.18557,97779.86363,105816.6219,112591.6953
Rockbridge County,VA,51,163,,,,,,,,,,,,,169851.0965,178522.9881,182251.0972,184198.5876,189752.9743,191843.9923,200509.8006,204366.6664,210533.6535,236126.6566,259159.9594,271141.3503,287455.2175
Sumner County,KS,20,191,,,,,,,,,,,,,77220.01501,75541.49249,76115.47,76373.32081,80175.18899,80271.47162,79889.19395,81470.5213,87868.73713,98103.22,111787.9535,120646.3177,126170.5527
Panola County,TX,48,365,,,,,,,,,,,122877.1014,121818.146,122157.9894,124990.3506,127372.313,130313.8248,138611.827,142361.9495,140179.5592,151993.9203,159531.747,171583.2515,192175.3887,192624.6871,183935.6052
Washington County,IA,19,183,,,,,,,,,,,103172.3744,104202.8055,106427.9092,119284.5229,125858.1153,127215.7623,133721.9722,140753.9177,147630.468,155879.917,163626.0895,173521.0742,193888.801,206552.9591,214139.1184
New Kent County,VA,51,127,,,,,,,,,,245330.8269,233229.4877,228844.4882,225036.3917,229534.1,235657.9041,242346.7971,252747.5767,263421.7416,272099.7706,281548.3531,291854.755,319875.6753,354368.4149,378864.5965,396490.6661
Lee County,VA,51,105,43119.93852,48101.19775,50914.19055,53681.20058,58090.46715,66512.30491,70679.91035,73182.35891,71311.44303,65702.70266,62722.26016,66472.30087,67643.22169,76124.76103,74411.44913,73911.29484,74976.40343,79317.24316,78527.2231,75393.45936,74365.21,87585.38,83641.86,84469.90869,90018.85964
Klickitat County,WA,53,39,,,,,,,,,,,187921.1658,187391.2514,190392.7637,194136.0042,198512.3314,205116.2591,224055.0672,241956.0687,270467.8591,287792.9425,306380.2195,370101.6595,438374.3719,450247.2155,459688.87
Mercer County,KY,21,167,,,,,,,,,,,96797.94496,96498.75228,96272.64126,102603.8795,108208.3319,109488.0338,112559.0696,116153.7931,123479.7035,130993.4888,137408.549,156095.0502,173415.258,192647.7206,201883.2403
Bibb County,AL,1,7,,,,,,,,,,,,,113705.9834,111439.1426,116744.4033,124225.0739,126798.6728,128892.3333,132426.9198,135246.7828,145339.7748,163453.4255,183182.6023,192798.1285,188374.4195
Anson County,NC,37,7,,,,,,45100.66219,48674.68287,51233.11876,52337.94337,51559.65999,48214.64608,46113.39462,44255.86743,46840.02687,49662.31035,49297.15124,53415.64945,55987.85673,56750.23162,60554.98328,64196.9759,78682.14,89670.94351,100579.8674,111458.9459
Brooke County,WV,54,9,,,,,,,,,,,62649.35,63374.38895,61909.43701,67283.99114,66950.29214,79751.97231,76525.12682,78823.69645,83911.60975,89231.92309,89837.3431,105720.5046,111350.8348,118027.0608,119635.8628
Sabine Parish,LA,22,85,196269.3437,216165.8563,236595.6225,251717.3746,280887.1569,305439.7483,290582.2636,202018.5901,140740.192,131461.3409,130732.7269,132840.5733,118660.5157,124150.2966,134427.7192,152869.3472,162296.351,159281.6906,158000.11,158008.5693,172321.0204,189341.8067,189405.8935,193193.5397,172978.8967
Overton County,TN,47,133,67679.73,72941.68023,78426.35629,79417.27191,82988.22469,88594.74361,97690.36308,104135.3251,106862.2779,107151.6867,103899.6501,102172.7081,101042.0196,101912.0701,108951.3755,109028.0761,114153.3311,125055.6337,133320.6408,143951.2359,160371.3905,174907.9718,211073.9939,220440.0376,229036.7393
Meigs County,OH,39,105,,,,,,,,,,,,,74308.51538,79548.80,84688.72176,89679.5607,88286.20,79804.17554,77713.19873,79181.70969,85778.02802,98944.26063,102862.6275,103137.8422,102324.9217
Beckham County,OK,40,9,95309.23588,96394.10741,100792.8816,103584.8917,107350.6977,111918.5538,114232.8503,121094.0114,126332.2153,121117.1771,122253.5928,111563.1938,111818.2903,119278.9213,122094.6357,130360.1544,130762.0482,119909.4419,116627.7354,115911.4557,112200.7065,116077.3885,123804.1556,128019.485,133027.7583
Martin County,NC,37,117,,,,59762.46247,60914.28277,61369.04885,66484.82323,71610.37002,73760.99316,72438.35211,68689.93357,65486.71731,,64175.24547,66435.98,67541.03734,68028.24296,73875.0392,73511.72247,72822.41654,76004.43856,90343.77884,108490.59,111936.8343,112028.1974
Houston County,TX,48,225,,,,,,,,,,,107387.873,107122.3246,107592.932,108059.8309,114768.3251,114245.1563,120469.6327,127101.6981,129406.7022,140033.8595,147099.0173,158237.0345,196532.3898,186435.0719,167790.5572
Asotin County,WA,53,3,,,,,,,,,,,194433.8635,187023.1739,182236.3518,186636.2316,186592.3075,187134.0864,198915.9312,208098.3641,219158.3822,229071.4608,248097.2183,272577.8218,310657.6804,321918.4871,328081.3098
Limestone County,TX,48,293,,,,,,,,,,,97087.61704,96455.90264,95573.75978,96064.6345,96994.06522,99540.6253,104114.3347,103043.1089,105497.1716,110632.006,113993.3198,127478.7311,157610.091,162535.7897,157998.3591
Leelanau County,MI,26,89,,,,,,,,,,276274.2006,255453.3894,276227.3046,283491.215,280907.2043,297952.2106,319078.0036,331480.4681,340789.4962,367525.3136,380753.9417,406531.29,453400.6398,562478.7648,609409.7813,626142.59
Grant Parish,LA,22,43,,,,,,,,,,,,,106647.3726,102260.8899,114252.5079,129803.9827,137853.6084,138768.2569,135909.9327,136199.2738,150873.5308,154219.7485,151779.605,159718.087,155148.7044
Seward County,KS,20,175,,,,,,,,,,,,,,,,,,105585.4077,105108.3818,103512.0008,111011.8356,122488.3157,138405.343,145019.5578,134346.6288
Nobles County,MN,27,105,,,,,,,,,,,,,,,121052.2466,125721.9373,132029.4627,141154.8612,146424.7229,148631.66,157692.73,171551.9118,198972.361,212693.9214,210339.5254
Waynesboro City,VA,51,820,,,,,,,,,,,155310.9977,146348.6912,142355.0063,144257.6212,144865.1377,149220.9399,153369.1901,157618.708,165632.8189,171589.1174,184356.2708,202778.6067,228165.2442,246108.9356,260146.1875
Mahaska County,IA,19,123,,,,,,,,,,,84333.07509,84960.20017,84098.74206,87498.91648,99198.12004,100431.2046,107270.0618,109921.9937,115295.535,119082.8162,125663.8072,137716.6675,152506.7482,165970.5886,170654.6422
Boone County,WV,54,5,,,,,,,,,,71516.45651,74541.78943,86506.87763,82539.24,85212.8497,79241.06,76573.84459,73465.56837,73179.10658,75067.29415,75424.59202,73387.06896,81298.51226,87218.83147,90452.63504,91420.46609
Hertford County,NC,37,91,,,,,,,,,,,80513.56039,78585.68745,76877.03369,80680.04395,80204.19,74451.99282,75284.22055,76587.82,80692.02913,80785.19953,83141.05216,94556.71613,106498.7219,107563.6325,107993.0551
Saunders County,NE,31,155,,,121000.7191,126474.7441,132543.9455,140204.6227,147341.2572,149066.9526,150630.2455,150538.3228,148858.527,149651.3956,153073.8135,158066.5684,167842.9945,169300.8273,186402.0476,194765.6985,207240.33,219627.5192,236698.4625,263127.7512,288821.7561,317079.3764,326668.7836
Randolph County,AL,1,111,,,,,,,,,,,,,101714.062,105602.2813,109230.0419,110806.5328,114072.7929,119554.7875,128291.1211,134429.4048,140545.27,163071.5384,196353.4401,191470.9483,182494.5523
Mitchell County,GA,13,205,64764.86654,65551.05944,71399.06594,78185.5374,82703.66546,87583.07039,93846.40471,98250.6405,100132.6837,96447.549,88350.54,82272.12,76633.1255,81886.13644,83196.29797,79934.52596,81436.58188,83698.30,82867.33839,85816.11,88373.15159,99090.4789,117522.9787,118707.3439,132212.3417
Wyandot County,OH,39,175,81162.68148,85641.14502,90279.23331,92482.88,95216.33095,99278.57021,101491.4831,101122.2867,99763.91109,97408.19725,94481.42397,92693.13819,92834.82398,99216.71711,102656.5305,104422.343,108512.8554,109973.2101,112472.7405,115378.6287,129556.2786,145751.8791,159280.4867,166469.7203,179099.3068
Jo Daviess County,IL,17,85,,,,,,,,,,190988.0807,171271.8228,159239.6958,153941.6255,149163.3321,148166.6712,141258.7045,141726.5383,134977.7607,137359.0147,140042.0665,148848.2576,160983.8313,196036.7722,210992.4161,225544.002
Prince Edward County,VA,51,147,,,,,,,,,,,,,143497.267,152886.0958,154049.45,157324.1494,162834.3597,160671.6611,163684.2902,169146.9247,172874.651,192125.0915,209046.2279,215751.2636,224230.9284
Henry County,MO,29,83,,,,,,,,,,,,,,,,,,96556.39,100585.0792,114657.977,123420.3606,144651.8508,176038.14,192603.2524,189263.3917
Tippah County,MS,28,139,,,,,,,,,,,,,,,,,,112592.0515,110896.2128,113461.3667,118669.2745,128032.1562,141621.6774,140185.8442,132205.5093
Putnam County,GA,13,237,140878.6772,154601.6234,164633.3398,173215.3316,181610.5284,191336.9798,206681.2279,219006.8054,224027.1469,215528.5062,198106.6781,190318.2675,178256.7265,184420.6765,193165.5241,197022.013,202504.2835,206281.9662,216729.7225,234975.6687,248330.0574,291424.7803,370196.7817,379528.3669,397830.1288
Scott County,TN,47,151,56659.09786,60326.58771,62458.05041,64045.21222,66793.03497,71536.05496,80491.03774,87855.35652,90211.58873,91202.54581,88259.98567,88883.33061,88031.2777,88308.66695,84139.24074,90186.28738,97346.40,99356.0882,103872.4472,109482.755,119125.2079,138273.7465,158734.4712,162590.4824,169673.6379
Coahoma County,MS,28,27,,,,,,,,,,,,,,,,,,48242.05906,49247.17,50789.363,53099.85814,66529.38409,78440.14068,66368.4896,52735.66
Letcher County,KY,21,133,,,,,,,,,,,,,,,,,,60867.63021,60185.25019,60548.53669,60920.39251,73130.45993,72974.84027,78682.31628,67208.85001
Colusa County,CA,6,11,,,,,,,,,204210.0824,156323.0146,147354.8905,144389.9473,138048.9614,139771.2213,161380.4201,179228.2423,199266.9372,214819.7573,234721.0015,256921.0502,273788.2599,300887.2986,343907.1431,348771.0419,362485.9873
Logan County,CO,8,75,95300.04583,101905.4019,106004.5475,107503.1441,108687.7807,112769.4739,116863.1677,119050.6746,119312.0964,119062.8879,116178.9559,112286.431,111444.7618,113256.0872,117420.47,124590.7896,134561.681,144567.2524,156244.3649,168683.5401,180585.3918,201666.1347,230532.2874,248648.7653,248012.3318
Taylor County,FL,12,123,,,,,,119217.8017,144906.5543,150111.2733,135385.60,109977.6086,96791.13,92893.77805,90019.84233,92009.2668,94763.52309,95140.4932,99779.75372,101158.7659,111405.2871,121431.7016,127422.5664,144334.2636,174773.2805,188764.2528,196388.1691
McDuffie County,GA,13,189,73073.07706,76584.31241,79727.61,82126.07376,84425.48976,88036.46546,93216.71,97071.45,98746.83629,95282.20312,87326.92389,83106.71785,77261.81067,84797.62645,89164.97781,90089.96217,95591.83,96794.3014,98151.98268,106347.2729,116261.5681,130228.929,148798.3714,164237.6294,174467.8605
Gage County,NE,31,67,,,,,,,,88131.50,89730.09,91154.03221,91119.345,88485.27421,89476.97211,93193.94901,96131.3727,98175.85767,103455.7402,108505.3603,119494.8109,124201.8853,129040.1754,141754.2648,157823.4627,172714.7126,177592.2487
Stutsman County,ND,38,93,,,,,,,,,,,,,,,,,192798.0371,192850.9317,183152.4014,182198.9468,188979.2914,191919.8885,199635.7429,205499.7886,196465.5109
Hockley County,TX,48,219,,,,,,,,,,,105233.4472,104782.2369,103834.1646,106831.1267,109996.839,110667.3272,117699.6606,119924.3472,121506.8044,130339.4865,139226.9123,145774.9798,156615.0693,154926.1954,155779.2592
Grenada County,MS,28,43,,,,,,,,,,,,,,,,,,89201.34373,88779.9724,90295.90752,100468.1661,109497.4485,127677.0523,117704.0589,119350.3327
Wyoming County,WV,54,109,,,,,,,,,,,,,,,,,,,,,39124.2455,49767.40789,55382.66872,55602.5144,52916.99397
Scott County,VA,51,169,,,,,,,,,,,85967.2816,85033.21,83470.46,86532.79767,83756.84,82563.30578,84183.31667,90393.69343,92695.39246,96449.83581,100603.946,115041.8161,129497.615,142894.7061,160598.5926
Nodaway County,MO,29,147,,,,,,,,,,,,,104955.3289,115848.8887,123064.0038,126843.9268,129637.8107,126358.5243,129175.5276,138524.7276,150545.7257,158644.9597,185575.5056,200491.5085,203371.338
Clark County,AR,5,19,73327.40484,78375.8855,80419.23588,83415.65567,86164.50687,91432.5356,98009.93751,102479.7532,103225.0887,103387.1848,93735.80447,93418.7909,92498.12301,92760.83984,90783.58487,90788.08659,95473.36255,98843.90263,100101.2159,102625.9723,106173.1701,114641.9725,132029.6796,137154.0664,141990.8149
Jersey County,IL,17,83,,,,,,,,,,,,,124464.9893,124020.1049,126143.2366,129548.2442,134605.7989,135015.9634,134915.535,115251.2045,145221.8404,153807.3662,154467.6566,164761.3958,177181.82
Fayette County,IL,17,51,,,,,,,,,,,,,82295.75,92676.79,95933.21127,103003.7146,104272.307,97902.56858,99988.51958,93332.41638,101542.976,111476.0416,121327.4075,127416.0172,131621.4446
Moore County,TX,48,341,,,,,,,,,,,,,87584.10677,111139.8808,118752.3152,119682.9612,118370.9689,128473.8169,141604.8486,156339.2909,149087.9512,159062.6521,170235.8537,172892.4387,166934.9681
Sevier County,UT,49,41,,,,,,,,,,,126283.9697,123054.8333,122892.4256,127491.5237,132862.143,132083.4747,142168.7109,145173.2131,155074.615,172646.635,192113.445,219934.5081,281102.21,303180.6253,309634.2311
Leake County,MS,28,79,,,,,,,,,,,,,101140.4036,98367.65942,101169.9435,105471.4671,112489.4143,118497.4005,116065.9365,118622.9879,116932.0115,131899.2076,147957.1639,140681.2731,137160.7677
Texas County,OK,40,139,,,,,,,,,,,,,,,,,,105880.4679,110683.8716,114047.9594,117515.4639,128188.938,150169.7218,160416.7572,150876.0742
Lampasas County,TX,48,281,,,,,,,,,,,,129880.0596,129898.8895,131441.6547,132655.8606,134718.80,146065.0512,153455.4523,165217.2578,188442.0976,200045.8247,219392.5263,268719.733,302276.3895,294411.2222
Wabasha County,MN,27,157,,,,,,,,,,,150170.5722,155125.8422,153006.0771,157327.5924,164171.9327,164332.2917,173582.6835,180182.0277,192071.4549,203900.0083,213090.5919,229650.4357,260522.0601,276372.94,288425.8736
Gray County,TX,48,179,,,,,,,,,,,64756.43795,64517.73924,65518.19545,68600.7158,71909.46993,73970.22619,77457.96963,71265.32777,67097.29907,67309.70126,73402.91499,75279.22723,82458.2981,78421.78482,84119.87686
Minidoka County,ID,16,67,,,,,,,,,,,129175.7033,120983.2784,114914.1458,122103.0835,122142.64,122124.8984,130590.4923,140855.0841,160261.1068,171219.6828,184204.4795,213961.7017,273661.6102,292836.7128,300664.28
Newton County,MS,28,101,,,,,,,,,,,,,97376.6915,96205.31767,94115.43624,93789.06,103653.5702,105440.2505,103978.3746,107292.3062,110661.4375,124871.0373,151468.7356,141061.2365,139178.744
Logan County,AR,5,83,,,,,,,,,,,,,,,,,,99206.43432,97298.43,103336.5275,105759.1406,118260.5878,140077.2762,137696.1683,144263.1265
Dakota County,NE,31,43,,,,,,,,,,,106462.7339,106237.0695,107804.8692,109374.6671,115298.5479,118485.86,124185.1952,129265.0191,135873.9935,141111.7613,155692.9945,166466.0025,185870.3436,204838.3677,213203.6629
Owen County,IN,18,119,,,,,,,,,,,103777.7486,101799.7919,100386.876,101808.2498,102834.3242,106443.0377,111211.2138,116853.4398,128505.4191,135511.9509,147270.0442,170243.3108,188803.216,201264.8285,215939.2251
Union Parish,LA,22,111,,,,,,,93842.20,101399.0296,102859.043,102024.489,96912.95624,90451.80855,85846.20317,91774.22516,103587.1675,107290.7357,110033.8933,114750.9088,119268.6665,119333.8553,121555.45,134767.3261,136260.7981,143008.769,143948.4463
Madison County,NC,37,115,,,,,,,,,,,190871.2846,181715.2501,174911.1542,180367.7215,190484.2198,188703.4401,208472.6386,224158.3488,236229.6939,234449.4754,244027.1129,283944.3049,332649.45,353648.8677,369666.5059
Llano County,TX,48,299,,,,,,,,,,,218498.9203,216491.9677,220177.0598,225814.6748,240708.31,254832.7334,270175.9523,273538.9583,298058.9648,322809.385,337923.8939,384217.8234,494451.2854,517082.4643,492371.0113
Hubbard County,MN,27,57,99647.84908,110464.1065,123121.8226,134981.9408,147915.896,163199.5058,176449.4014,180358.6259,176850.4248,169817.4397,160236.4245,157191.1295,168181.6509,168622.9377,175068.4622,176539.677,184199.3033,183174.1945,191632.2753,201754.4233,214356.1018,235717.2042,269785.9546,289273.0964,300930.7637
Fairfield County,SC,45,39,,,,,,,,,,,,,127297.6946,120992.5437,120121.3165,121721.2395,117960.0949,125313.7163,126164.5668,122706.5095,137247.014,150328.8415,157286.646,160514.6258,136375.3405
Fillmore County,MN,27,45,101642.9854,111711.6546,121655.8926,130999.3348,140309.9848,151673.7838,156911.361,157908.6362,151690.4631,146298.6105,135975.0199,131465.1817,130266.6804,135633.3018,139400.7212,140427.6141,150859.1333,157549.5566,168543.3497,180373.8406,185514.7992,202364.3331,227270.9675,241689.8926,254223.4947
Gaines County,TX,48,165,,,,,,,,,,,130292.0107,127928.4676,127667.7433,132742.0853,141646.8618,151458.5322,155148.1232,158025.8886,159723.7821,171753.3668,170626.7651,179132.539,194009.1026,193882.798,191920.9501
Shelby County,IL,17,173,,,,,,,,,,,,,85019.57555,88824.41367,91353.23167,95365.62414,97273.19608,98921.59,100682.8012,100380.8337,109731.9505,121557.0505,133962.4125,138108.9747,140622.5257
Perry County,IL,17,145,,,,,,,,,,,82864.85839,81684.64,74788.24156,78687.3478,76655.81479,83915.26882,83438.51889,76085.07332,74930.78303,48237.904,68228.49841,79858.31,78978.84809,87778.88,87972.12
Morgan County,TN,47,129,58046.07817,64290.24512,66664.62989,70114.51943,72494.40036,78680.90068,86685.53,94311.75,97254.99146,96300.76035,92242.92559,90604.81391,87246.12255,89639.55736,91340.88566,94370.46049,101311.7232,103935.5919,110626.4915,117152.5665,130386.3347,146294.9182,168582.6313,177949.4122,194891.8562
Assumption Parish,LA,22,7,,,,,,,,,,,113869.7645,115935.8386,121165.0305,129182.7367,134573.5345,145236.7699,156247.8186,145641.0378,146454.3263,151187.2216,163322.0267,169897.6095,161512.5879,171146.9036,173474.6687
Clinton County,MO,29,49,,,,,,,,,,,,,120490.4857,122431.872,125670.3711,130227.70,131369.4854,146197.0687,158717.5557,165510.6879,175038.5741,199083.3433,225225.189,245921.2796,256784.0688
Jackson County,WI,55,53,,,,,,,,,,,109632.6543,105318.6987,102874.0999,122451.8928,120319.0482,119920.6833,128555.2405,135142.1869,140558.6425,142571.6444,149860.6581,166361.0929,179736.21,185306.1594,193312.8206
Pointe Coupee Parish,LA,22,77,,,,,,,,,,,,,133726.1659,140307.3118,134965.9022,141644.0835,150090.5578,143299.8634,151503.6221,161544.2271,169114.6769,176835.4665,181045.8939,186673.6527,190418.7777
Morgan County,MO,29,141,,,,,,,,,,,,,,,,,,158566.7799,164406.8786,174956.2726,180020.097,236086.4735,268505.7946,279765.5389,263192.42
Bandera County,TX,48,19,,,,,,,,,,,165704.2468,161286.9512,160479.4693,164909.829,170683.6485,176909.7223,188321.9592,200912.8479,214660.39,237174.107,250817.2101,284282.8685,345719.1997,365782.6266,350994.9792
Worth County,GA,13,321,78003.59994,83101.48,87064.31468,90813.08073,93701.16448,98111.90066,103020.3785,107933.3936,109163.8351,106627.679,99920.05641,97803.50002,93077.20019,95904.65,100380.0477,100910.351,101144.0604,95166.71138,98285.83015,101465.705,110516.8208,117837.223,136968.9399,137882.2292,147857.9269
Sullivan County,IN,18,153,,,,,,,,,,,,,88915.3103,90458.498,87525.33353,90901.36497,87394.31972,86452.04197,89443.53508,95855.55663,102825.7856,118561.3199,128254.5129,138291.1647,138276.726
Hutchinson County,TX,48,233,,,,,,,,,,,84310.24,82982.10699,82216.62779,80934.18471,78874.94242,78321.27523,82146.15,86216.04778,83153.57846,87457.03583,88940.72953,94349.67802,104493.2167,100734.0018,96903.33565
Barnwell County,SC,45,11,52945.5276,57086.68991,57214.33257,57642.62272,62548.46192,68260.92727,74862.29956,81885.66449,85513.39879,86983.18551,83751.16451,82636.42,81611.87723,80160.91012,86566.96976,88190.51,94620.71458,99775.7764,101277.7724,104766.1224,111185.4725,123648.1283,136933.8134,137453.9081,131195.7616
Dodge County,MN,27,39,,,,,,,,,,153552.5716,143534.3266,146033.4186,142048.4171,150553.207,159141.7706,160885.9226,168963.33,179981.2834,200238.9302,213892.4264,226209.0507,248005.6825,283577.4272,298115.9855,302992.5864
Carroll County,IA,19,27,82473.73841,85845.4383,89514.48973,92042.34329,95275.08335,99036.62149,93748.85,94883.35298,96470.9279,97657.62583,96343.96919,97416.74543,98157.97306,108836.5566,124287.0902,124443.4029,131091.6109,132876.5554,136511.0905,140017.0508,147256.0342,152573.3315,173279.1058,186547.70,189733.9011
Ogemaw County,MI,26,129,,,,,,,,,,,73278.68863,70645.41429,72376.57548,76979.76763,81601.94694,81653.22,85166.25906,85484.71633,92154.47062,99752.42882,104229.8641,122133.0202,139565.0782,152073.2213,154111.289
Buena Vista County,IA,19,21,72153.10551,75349.19285,78852.33965,80691.37144,83513.16414,,89618.76636,91882.79824,94307.80387,93969.95231,93705.86685,95391.32,95246.37546,97852.90162,104019.0346,108115.3796,110171.2641,114854.948,118681.4793,125958.0405,135553.48,145856.5331,161083.2756,176181.289,185517.1659
Washington County,NE,31,177,,,,,,,,183639.7905,185019.2206,184789.3732,182354.106,177538.426,177032.1335,180502.4435,187481.4457,191718.6823,204367.0171,212930.7888,223925.1008,240135.3834,263343.8815,289206.9552,323415.3202,352583.1026,363084.3537
Conway County,AR,5,29,72737.10879,77345.38893,81106.11548,84443.55912,87758.6338,94105.4564,98574.18799,103597.7842,105241.6555,102299.0479,95462.87739,97828.17946,98224.44,101787.1452,99309.96365,100770.5277,99665.73009,102204.8273,110275.6645,115326.7863,116423.7775,125787.7905,145174.5134,143683.1754,154037.0049
Jones County,IA,19,105,,,,,,,,,,,,135301.5516,136746.1779,142320.9152,148929.0408,157348.8139,155803.859,150403.1656,150422.319,148863.5711,161454.0184,177165.1607,191725.3904,207102.1898,214144.7702
Meriwether County,GA,13,199,45101.70548,48248.01256,52757.73149,55525.95,57985.21192,61649.28,66069.14548,68475.1301,69525.43499,67058.32,63669.57,63587.92013,58731.88457,65442.10711,78046.79249,84907.93659,91288.39053,91645.26266,99410.73177,106832.4267,109311.8401,128435.8998,151346.262,167122.1377,178929.3609
Lincoln County,WV,54,43,,,,,,,,,,,,,,,,,,85634.81286,80533.24,81873.86245,80460.36221,95480.68,100968.3226,108075.8868,108943.9661
Buchanan County,VA,51,27,,,,,,,,,,,,,,,63641.90032,62466.67121,62745.72699,63053.74989,61520.52967,63343.78638,65312.55327,75579.0319,74226.15572,76321.00481,80065.38332
Saint James Parish,LA,22,93,,,,,,,,,,,,,131456.9267,136028.205,140646.6837,141772.2378,155160.0944,159829.4659,162551.7627,166387.3371,161822.3925,177239.5943,186617.8721,199131.8182,185121.3611
Allen County,KY,21,3,59450.81843,61731.38468,63950.70845,65051.18127,66974.82901,69954.56041,72612.59531,74884.05449,75300.44372,75021.25383,75332.93169,75307.46767,76001.7525,78260.08059,81304.46065,82878.62267,86570.91903,94718.9582,103608.8332,111274.4439,117982.5396,133444.6327,152024.4821,164136.4001,171519.8555
Buchanan County,IA,19,19,,,,,,,,,,,115973.6399,113811.4382,115992.8633,116995.0513,124570.1733,126757.972,131571.8281,133345.9056,135158.8201,138951.435,147627.8247,158927.6475,177390.4627,195382.289,197477.7329
Woodward County,OK,40,153,64468.17326,66782.95138,69748.31,72565.44799,76024.7025,80037.20285,84326.29429,89440.31168,93364.77058,88591.95187,91561.40714,86593.74014,87725.8745,95772.1092,103426.7144,108981.3035,110108.6305,105914.0982,103120.7345,107965.1518,109869.919,113366.4628,116945.7546,122719.4167,123857.593
Jay County,IN,18,75,,,,,,,,,,,,,58197.40233,58977.30892,60572.10277,70273.85985,76808.57314,80404.85,85555.036,88310.88983,93698.58287,107847.9854,123097.943,133133.6205,140042.4721
Colorado County,TX,48,89,,,,,,,,,,,132857.6745,129126.6171,127790.828,130891.7071,139875.6827,150744.7345,164268.7519,162892.3589,176093.2245,184770.744,195309.0683,216469.936,250842.3869,240623.22,240678.7949
Kewaunee County,WI,55,61,,,,,,,,,154064.3037,149608.6313,143450.8931,140981.7574,140334.2859,143110.3736,142075.5037,140825.28,145369.5528,152845.5123,165153.0216,179668.1521,194541.1016,214380.64,240095.812,261763.5052,272988.1912
Yell County,AR,5,149,,,,,,,,,,,,,,,,92998.73,101147.5301,107426.2167,106988.6679,109857.4269,107738.2855,121910.1148,142390.3773,144922.9386,142857.7806
Crisp County,GA,13,81,64391.61973,67295.98547,69310.06762,72217.25708,74804.24,78073.92608,82838.4965,86742.26253,88587.19154,86258.32353,79770.05491,76031.41412,71759.28008,71190.94267,73228.27141,72509.79008,76939.56,76373.94324,78256.32223,81707.97505,85371.37969,96411.95855,109207.9123,120264.9302,124380.4251
Greene County,NC,37,79,,,,,,,,,,,,,82714.05,87218.30305,84176.37078,93643.6749,98800.91644,102051.0931,102669.0413,108398.0515,113702.7172,132111.80,145991.1342,164640.9243,167934.0321
Uinta County,WY,56,41,,,,,,,,,,,163739.3282,163803.5187,166974.6834,178528.6971,181215.6617,181307.3868,185231.0193,189559.2943,192186.7947,197154.7647,205766.6077,227315.7367,268777.9605,301651.1931,308165.5631
Henry County,IA,19,87,,,,,,,,,,,102795.4206,102823.8344,103853.5389,107223.2977,110247.9001,109685.9526,117483.0906,120538.5978,123205.1814,128737.97,137789.4846,148949.1244,161187.8312,171189.9775,173068.2094
Clay County,KY,21,51,,,,,34546.45092,39666.39936,42384.97392,39926.17363,37597.20602,37372.2606,40589.57319,43467.78436,45107.07113,48971.55,47922.9464,48403.14458,51661.06787,52638.06681,54805.11267,57597.43486,52076.63709,64745.18743,78521.50146,92980.81963,96052.73188
Adams County,WI,55,1,,,,,,,,,,,100440.7971,99300.57958,97734.2284,98565.75178,102207.099,100900.8449,105465.2531,111002.8297,121163.5465,129230.9507,136797.2712,154759.9804,186461.0797,197143.9629,209700.3992
Willacy County,TX,48,489,,,,,,,,,,,,,,74769.65451,75262.57,78341.45276,82133.97584,84734.99607,88162.25132,96891.18402,110429.2291,121631.7186,138071.9927,109766.0902,100029.0564
Fulton County,IN,18,49,,,,,,,,,,,93636.69089,92856.60338,92776.3439,94421.1085,94049.94945,98623.61437,103022.2071,107467.0178,114080.8171,119642.8411,124730.5649,140617.9174,165468.4894,173165.3376,176837.2263
Greene County,VA,51,79,,,,,,,,240092.5431,235713.6347,221634.6766,209068.6886,200034.6442,197298.5207,201247.8098,211446.98,204083.2189,210654.5451,221464.1645,233491.2822,241623.6559,249345.8045,275860.0035,301736.5417,324391.174,340185.2299
Calhoun County,TX,48,57,,,,,,,,,,,118092.526,117558.2001,118098.5599,115477.3332,122836.8629,129031.7064,137802.8612,142363.2464,143346.7734,153874.7298,164078.7119,173625.0842,190900.8527,197618.2378,191338.092
Adams County,WA,53,1,,,,,,,,,,,140464.1641,135216.6333,131205.7045,132216.7044,133557.6792,133902.1118,142312.4704,147920.0042,160935.1709,173539.9259,192847.4937,223878.8115,261384.7949,283922.7854,293697.9922
Hempstead County,AR,5,57,,,,,,,,,,,,,,,,,,84939.37199,83816.65,85758.96519,87881.27828,97826.23672,109978.627,108890.1029,110142.1907
Breckinridge County,KY,21,27,53535.68279,54670.8619,58346.08292,59693.46101,62871.23521,67546.49,71122.81975,73290.35229,79220.02,76802.42542,71739.33585,68301.70081,68960.51576,73110.78808,78704.93287,81513.43,84565.09228,85973.09856,88455.10855,94901.51535,96358.36,111580.6346,126563.7314,139640.547,141066.7367
Carroll County,IN,18,15,89331.16767,93552.74724,97314.53542,99234.52454,101680.7634,104859.5461,107383.9717,109229.1703,110198.1558,109154.7172,105438.6634,104635.848,102933.7179,107036.606,111407.7116,114302.6425,117938.1319,126547.592,133209.0432,140048.3015,151617.1348,168885.1062,188229.5479,197580.8867,210859.3673
Lavaca County,TX,48,285,,,,,,,,,,,141240.9966,138120.81,138187.8608,145077.60,152865.7504,163140.2003,177297.8937,188148.5409,194890.8255,206668.3528,227229.0335,245530.9922,295335.3507,299638.4801,288331.1981
Bourbon County,KY,21,17,94566.64687,98232.49077,102117.2297,105103.0748,109739.7606,114718.0422,115635.769,118384.06,120380.0451,119249.2601,116670.4067,116086.3235,116058.0762,116150.5903,122413.0208,126421.1086,129058.1819,134768.2404,143791.0396,149211.3267,156393.6188,180977.2638,198228.872,210002.2227,223316.1994
Dukes County,MA,25,7,340266.4276,391944.606,447321.5727,506627.16,562462.3926,640932.7281,689118.0379,678541.2912,654762.263,638939.15,618957.8747,621550.41,619650.504,634405.6979,665023.1529,683770.103,722167.80,755676.2651,821265.4326,880891.6603,912721.7392,1031423.114,1286942.83,1441954.85,1507708.225
Labette County,KS,20,99,,,,,,,,,,,,,,,,,,58413.60172,56514.49024,58876.43732,62775.36454,72123.1803,78799.01878,87423.41067,82595.71942
Carbon County,UT,49,7,,,,,,,,,,,,,,,,,,133070.0938,134599.0773,140045.4217,158923.8477,173070.4089,216975.9954,242081.3137,251960.416
Monroe County,AL,1,99,,,,,,,,,,,,,,,,,,88742.1929,82899.99738,90554.38964,106993.8101,114428.1941,133236.8092,132925.2262,128374.5984
Richland Parish,LA,22,83,,,,,,,,,,,95607.91732,96113.09,,99047.77184,107338.2799,116987.6574,134257.5691,121187.3285,118958.2385,115680.3787,128261.5084,143838.5918,146898.7157,144885.6846,147304.562
Winneshiek County,IA,19,191,,,,,,,,,,,,,,,,169076.3932,186272.5078,186388.9896,187765.7178,191745.8931,198910.6534,218958.4504,247723.4418,273900.6696,281475.8164
Dodge County,GA,13,91,54960.15634,59263.36924,63535.31,66502.55351,70254.78404,,77727.24064,82588.18681,84158.7723,83823.12809,77646.61606,75307.42533,71433.98736,75327.55209,77262.30717,76674.16398,78580.18818,78577.31738,82460.61208,83759.23329,90056.5721,105100.2745,126024.8914,125055.565,125390.58
Lincoln County,NM,35,27,,,,,,,,,,,232486.912,225071.675,220986.8329,223085.6895,227097.1914,238703.5056,226068.7082,219884.3028,234224.9115,250097.8317,240268.0121,275978.9308,318552.8223,334974.6364,340201.1766
Martin County,MN,27,91,,,,,,,,,,,84345.71022,86435.31894,86086.10687,88995.48183,90703.22748,92829.37307,101090.8852,104370.5765,108186.408,113598.2207,120193.7113,129802.6056,148811.1522,157634.0275,166549.3974
Washington County,GA,13,303,63668.86142,68052.11554,70525.34198,73813.73,76707.85776,83466.41564,83335.67952,87442.87344,87384.63,87015.46469,78417.98417,74687.44201,70339.40035,71912.02745,74565.08028,73320.13979,78411.50648,75318.13,81111.13938,82574.35485,90196.48147,99096.72123,114196.7309,116236.1627,117447.5087
Tyler County,TX,48,457,,,,,,,,,,,98184.43269,93556.36,92314.82662,92534.5704,101951.8684,106447.2711,108646.69,120986.0549,120101.6132,123489.7713,138160.8341,149798.0479,178638.481,170333.1712,158236.5179
Franklin Parish,LA,22,41,,,,,,,,,,,,,70889.77098,75292.78573,76300.91592,73592.46091,80686.4172,82007.03743,82220.16777,80675.23759,88927.05913,99357.15957,102495.9113,101444.958,105059.6502
Taylor County,WI,55,119,,,,,,,,,,,,,125601.6917,127057.584,131187.946,133208.8704,138709.0581,144699.37,149680.7072,156860.0312,164900.4238,184123.3416,189014.9343,211586.0527,203286.2274
Spencer County,IN,18,147,,,,,,,,,,,116595.8135,114890.4083,114402.3105,113874.8803,114560.0384,118919.0698,126467.6077,129970.3355,132448.3475,141262.8924,153091.1409,169714.1085,191642.3885,204883.2635,213541.3634
Davison County,SD,46,35,,,,,,,,,,,,,,,,141371.9035,143286.2374,155384.1522,163000.3739,164530.9376,170606.6252,180406.6811,211236.9639,227532.0593,237760.1743
Dekalb County,TN,47,41,85225.93895,88791.36952,92277.38576,94743.44261,97629.16863,102512.1811,109443.2964,,119072.0062,118035.659,112942.8983,112089.1814,109230.4857,109823.1726,114933.3911,119157.7545,130372.0108,136026.0641,147118.2953,161519.8505,180646.8175,200993.1729,249804.6155,265725.662,278459.70
Montague County,TX,48,337,,,,,,,,,,,,,116455.8458,114575.4089,119224.736,124105.8525,127060.6317,129234.277,131980.8582,141973.3788,157544.0223,179088.4152,216661.0295,229570.7934,224286.8069
Adair County,OK,40,1,62411.82296,66854.59,72225.08246,75779.62988,75723.6725,77591.86301,80889.97,85105.32161,88587.78927,80371.01,73819.18965,69421.69744,70396.46266,72916.19014,74984.22,78243.28507,80441.00743,83149.34696,85432.85328,89983.50759,96273.47521,101823.4021,124312.0966,141380.6746,147359.8449
De Witt County,TX,48,123,,,,,,,,,,,110078.318,107462.2499,108677.2324,112925.6509,113292.7026,127909.1296,133315.9277,132030.3045,131007.5981,144369.604,155283.3477,162651.9424,187942.1839,181467.2602,180232.8472
Vernon County,MO,29,217,,,,,,,,,,,,,95471.0616,97928.1164,97674.31436,93858.90269,100415.1088,103630.3863,106167.1017,92087.27697,86887.71249,105197.5148,119774.8625,128318.4249,143911.0567
Wayne County,MS,28,153,,,,,,,,,,,,,,,,,,110745.958,113630.637,117738.0212,124262.1203,136797.532,148247.7462,140822.5822,134984.1478
Smith County,TN,47,159,82426.3219,85666.82912,87948.66,90933.99336,93693.19677,98136.11,105451.5421,,113054.1353,112664.1519,107226.8925,105348.6174,104200.3625,110124.364,115995.6795,122811.5723,135736.5664,152057.6041,167804.3839,183039.28,202234.1959,224861.2954,272367.0406,280777.8084,288228.4227
Orange County,IN,18,117,,,,,,,,,,,,,86681.1707,89572.43973,88927.76045,91803.06,92449.74937,93805.10358,98594.14127,105213.5573,111726.8187,128429.2222,149904.0385,159558.8093,167123.6557
Wayne County,KY,21,231,,,,,,,,,,,,,70542.12,71274.60987,71007.04,72115.66088,76593.91284,75486.16746,76384.66849,85063.50813,90536.09,108064.4139,119184.3287,139039.8559,145805.9384
Jones County,TX,48,253,,,,,,,,,,,,,84883.23178,83831.26622,83484.98957,85385.33095,96889.85932,95741.68687,94570.24829,103817.8994,107953.92,112798.742,124722.3554,124023.8116,126736.7468
Gonzales County,TX,48,177,,,,,,,,,,,103434.6031,101525.5732,100826.2377,103629.1698,112964.9625,118626.3519,133302.0846,141282.1982,143998.0784,155881.4145,165337.3137,178810.8254,205693.9685,200254.9749,196719.2484
Douglas County,IL,17,41,,,,,,,,,,,,,75293.40591,78207.63485,79001.714,82026.01434,86775.60598,90352.61251,94051.14214,95493.05,100452.0173,107343.8051,118804.1346,124258.3137,133919.4919
Morgan County,GA,13,211,138622.4098,152701.3565,161671.4735,167376.7033,175004.2276,187667.0945,183586.4165,195382.89,199484.9971,191797.0378,176752.604,170521.9092,158561.5638,157412.4368,170688.6802,187736.401,205878.1695,216131.9814,237198.4219,249243.1326,264004.5417,300611.5092,351691.97,383109.9202,410951.8801
Lincoln County,MT,30,53,,,,,,,,,,,174004.749,170313.2958,170823.5933,178632.4197,183213.7739,187432.6704,187163.0975,188340.2289,195663.8658,209840.4615,220944.1582,270145.611,362186.0964,397545.0748,426896.8369
Duchesne County,UT,49,13,,,,,,,,,,,,,149740.1241,165707.2483,174981.0499,180051.9164,192763.3914,183885.0641,179967.793,189694.1886,206616.0058,220846.4497,273519.0999,300179.4919,328116.4307
Pierce County,GA,13,229,70379.49403,75086.18482,75608.86754,78503.62633,80931.72074,86737.81406,93152.11164,100163.1006,103118.5324,98778.01602,91221.94726,87110.59,81486.60893,83037.23,90427.56929,92794.22597,97922.04935,98175.1517,105382.8655,108537.986,117255.3974,132830.6882,150621.8123,162505.817,177550.7748
Plumas County,CA,6,63,,,,,,,,297487.99,258414.878,200374.0884,185992.3178,180119.3992,182730.6461,182833.9128,201336.272,210220.1998,224896.3509,237505.6424,260824.3681,277724.8062,290378.889,323383.3727,373916.5144,380690.4622,374733.9606
Holmes County,FL,12,59,,,,,,109516.9776,132078.9968,137960.7395,125039.2422,103418.2785,91921.30822,87143.39952,84453.96618,81947.03792,87636.36202,87526.90982,94154.12188,98982.71762,106355.2455,109639.9031,122553.3977,139449.8155,167282.5449,171641.426,177347.2842
Union County,TN,47,173,79981.25804,81456.75199,83590.45439,87426.01744,90873.92,96802.35182,105458.5531,113455.2377,117788.2266,116794.9044,113143.3677,113098.1823,111480.1234,110971.2412,111798.9284,115745.987,125771.0472,137708.6989,144762.4673,152677.9893,172145.5267,187455.9608,231648.5944,250578.638,277407.1215
East Feliciana Parish,LA,22,37,,,,,,,,,,,128518.9472,127601.4292,129858.1825,132990.0829,140493.0611,150431.6295,166469.8207,163245.1158,177698.3414,185574.5213,193099.4974,197250.9814,207060.4144,207768.6467,207250.5444
Fayette County,IA,19,65,,,,,,,,,,,80772.70903,81401.72616,82178.57,82309.18236,83017.06267,80795.0401,88323.39954,90349.77313,94457.81214,100969.4987,109091.8986,116053.5234,126897.761,134499.2035,140528.4182
Marion County,KY,21,155,,,,,,,,,,,102464.8481,103279.3216,102598.54,103406.9888,101957.5824,104141.7465,108206.9093,114329.4241,119466.0189,121587.9098,134232.6008,145324.227,167207.2666,186109.8692,190615.4797
Cherokee County,KS,20,21,,,,,,,,,,,,,68933.19891,67142.05496,65754.7598,66206.91796,66372.64822,63461.14102,62650.8762,67863.34152,72416.28874,84814.48682,96667.19018,108017.1951,106349.4937
Jackson County,IA,19,97,,,,,,,,,,,106639.8323,107154.6538,110285.948,114883.2123,118759.70,116614.3414,135647.3808,143951.3627,146520.2834,152065.2961,163267.6218,177034.3814,195457.3055,210755.3409,212601.3906
Macon County,AL,1,87,,,,,,,,,,,,,,,,,,66830.99779,69147.2566,69227.88849,72381.05564,86620.07432,100477.203,98630.14409,93564.47035
Freestone County,TX,48,161,,,,,,,,,,,118940.0282,116930.4869,115983.1479,114987.6073,119946.1782,124850.3877,133354.5802,134951.6468,138006.0649,139961.6992,148544.30,170494.9498,208366.2221,215010.5118,217141.6372
Polk County,AR,5,113,67030.92985,70305.50163,73388.06,75741.54295,77961.05393,82704.67,88206.84804,92108.51939,93069.16306,93714.61806,89134.56734,88310.90057,89020.77,92674.46016,90182.79721,92793.52326,99494.60798,100841.0779,107027.2368,110604.0807,113087.236,126491.2136,155369.8201,161440.1261,165938.6134
Langlade County,WI,55,67,,,,,,,,,,,,,103837.6669,111185.4682,112332.867,112150.3469,117416.7772,119852.3173,123369.1833,134684.7805,142765.3637,157904.1807,171927.9599,185408.1186,190699.4082
Lincoln County,WY,56,23,,,,,,,,,,,,,,,,,,255964.4651,272901.5336,,260606.0663,313061.9113,414589.4983,480373.8232,496291.1367
Elbert County,GA,13,105,59900.67826,65948.68225,69695.99741,72930.56491,75293.10585,82148.59,83917.28767,88331.81085,89582.23823,85178.41,79461.94611,75737.7455,70582.29939,71920.60869,71462.38,70934.28014,74678.36702,76168.97,81496.99626,87254.78053,95664.18,107413.8729,136241.1382,142347.8822,155458.3606
Chaffee County,CO,8,15,,,,,,,,,,256683.8608,251057.1425,244868.9161,248683.7698,256760.7146,268571.2213,280834.9692,305679.47,335457.2883,368127.8191,409062.9458,446675.8468,497165.583,621038.6353,659787.25,664560.2295
Polk County,NC,37,149,116904.4053,122148.8369,129656.4258,135971.6917,141967.4177,150204.5987,161894.227,175531.8238,182935.1522,176691.908,168868.7148,,172074.8474,172664.0808,176866.638,182054.7404,196408.0624,212868.9778,226807.9092,234068.7526,241910.1296,283152.706,325277.7819,361707.5502,374018.0567
Marengo County,AL,1,91,,,,,,,,,,,,,,,,108878.1072,109667.2221,111142.0349,114585.2788,119043.6925,126360.5956,131950.1192,139447.929,141859.1354,139059.0427
Ashley County,AR,5,3,59980.40501,62327.24087,66535.91191,68209.65654,70323.09291,75434.16103,80497.77,84020.49055,83850.66287,81571.19362,77049.25343,67909.63359,65980.89728,69003.84921,65594.78742,62451.34614,64454.06466,66013.70125,68808.78212,74071.40621,76563.43429,81672.52942,87184.87683,84986.00084,81329.30278
Benton County,MO,29,15,,,,,,,,,,,,,72687.29047,78155.18258,82840.87918,85706.17,98770.26554,98778.36362,101802.653,123696.6825,132893.7822,157849.8419,179176.3399,174308.5299,163399.6153
Kent County,MD,24,29,122036.3293,129576.7853,141100.8391,155731.5284,174897.8125,212881.1277,257045.1488,272679.9779,265302.8697,238817.9078,219465.2365,212925.7831,209585.9392,215255.0329,215779.0647,216481.0364,222663.1942,216353.4173,225840.4827,233059.5392,245624.8401,278914.2054,317390.1267,326526.7349,341662.9411
McDowell County,WV,54,47,,,,,,,,,,,,,,,,,,,,,27041.58778,38835.94219,42243.28723,34194.20377,31293.91199
Simpson County,KY,21,213,,,,,,,,,,,,,,,,,115972.7808,122023.3364,126247.8049,132428.435,145684.3941,168786.7389,198216.7656,222937.9659,235996.19
Spencer County,KY,21,215,,,,,,,,,,,165715.0647,161263.9804,152544.3329,158649.7098,168940.063,175383.133,189315.4992,199020.1707,212854.2648,221873.3092,237614.1203,268002.3053,304306.8767,322670.9343,336455.5377
Pickens County,AL,1,107,,,,,,,,,,,,,83760.49886,89526.26651,92707.60,93994.18444,98898.76182,100841.7253,104187.2821,104818.9082,111135.1047,121609.688,132338.4043,129606.2012,126708.2848
Hampton County,SC,45,49,,,,,,,,,,,67205.34983,66679.41799,66410.33,76832.95449,84085.50,86291.34018,84544.97,85808.2916,84134.16423,92360.6494,98827.50,111881.913,126922.1391,136393.8733,136618.1981
Roosevelt County,NM,35,41,,,,,,,,,,,138279.0895,136910.577,137000.0502,132728.2581,134683.1046,140705.2654,137571.4219,124399.195,125309.3804,130345.4421,135902.5819,141460.7359,140566.7008,143262.9224,145241.6409
Hart County,KY,21,99,48660.01914,51058.99316,53653.87413,59420.01,62344.75638,64660.85235,63904.8315,65822.2822,67437.07538,67498.41895,65361.41831,65864.49256,64723.04328,68567.68117,69256.05331,74561.23285,80792.04062,83270.94044,86292.88,91124.03,99633.78375,115518.9122,130846.8069,145979.0408,148950.0718
Butler County,AL,1,13,,,,,,,,,109523.2816,111535.0437,107492.101,94149.83017,91962.66909,91113.99545,89002.10937,88886.31936,88740.38918,94447.001,92330.6541,89674.07048,93648.73281,100332.1232,112784.478,106571.03,108760.6449
Los Alamos County,NM,35,28,,,,,,,,,,,318797.4684,294248.3529,278745.8949,273164.653,268014.9145,261286.8326,265472.3899,286902.7325,328622.4443,358397.1346,394320.7829,454244.6319,489641.8395,518551.3563,562267.5116
Perry County,IN,18,123,,,,,,,,,,,95714.50268,94850.48141,94634.68396,98806.04269,94393.75,96844.91409,103914.5916,104597.3563,108150.6879,113102.2224,120730.3728,133536.9776,154202.7771,163098.5698,169239.75
McIntosh County,OK,40,91,67163.68672,70756.30354,73806.51605,75270.09834,78387.60071,80664.65965,83912.67391,87760.23593,90855.94195,82215.59465,86692.64539,82795.68512,82090.87955,87124.96885,90455.95945,93861.70035,98223.58616,95892.42,99821.56639,104378.8322,110971.1118,123038.2033,152209.0732,166680.2145,170283.0931
Saluda County,SC,45,81,,,,,,,,,,,,101655.9173,99318.29543,102710.8973,105853.8438,108635.7023,114097.6381,116232.1965,120430.6333,120419.4446,131912.0161,149774.7048,175174.61,170125.1492,180006.3301
Perry County,MO,29,157,,,,,,,,,,,103283.0554,100809.1889,101247.2803,115941.6302,116434.7079,116568.8763,121884.6295,126984.0712,131244.5645,137859.3898,144384.1601,163507.2827,182813.4793,192105.4635,202745.7872
Green Lake County,WI,55,47,,,,,,,,,,,,,131856.0332,137934.6537,136352.5721,141624.6263,146626.4988,147911.5326,150346.2109,158747.0223,169592.525,189104.8836,214482.2829,235408.4098,242779.6715
Concordia Parish,LA,22,29,,,,,,,,,82089.08403,82064.21854,81105.97788,78883.56601,81087.36095,83149.76916,84856.13219,89529.68016,90909.32648,87318.88691,89804.66655,91644.82638,102993.32,102909.0885,103834.4477,103912.2236,106698.9949
Waseca County,MN,27,161,,,,,,,,,,,,,106310.0764,117452.7401,123392.1833,132150.6834,143927.7672,146525.8257,154954.88,166858.39,176276.8733,190241.3846,221534.4973,227224.0428,235625.2865
Beadle County,SD,46,5,,,,,,,,,,,,,,,,,,157772.6798,162495.7715,162891.7638,166484.6198,179150.3204,211441.8535,219606.5082,200002.2994
Humphreys County,TN,47,85,75797.99162,79120.71,81449.51355,82819.34529,85754.08145,89729.82964,96595.93054,103079.8897,105535.416,105387.4972,100552.2628,98625.34,97187.58531,100596.453,103445.1736,108040.4016,115327.8333,123870.1023,131003.0626,141429.819,155086.4532,171864.6702,205282.0293,212692.9361,225761.6519
Tishomingo County,MS,28,141,,,,,,,,,,,,,,,99974.12387,106102.1864,108972.3977,110799.5058,114563.9038,117015.1123,121684.5631,132525.1087,160037.7475,156291.4533,161533.7406
Warren County,NC,37,185,93519.65383,90631.65206,100141.0756,100385.1309,103399.4215,110852.3559,124125.1756,138014.2278,143850.9521,139145.6275,131794.7624,127419.0256,115605.9872,116537.3405,117565.64,121423.514,132438.272,136126.7705,138474.177,142664.2737,150486.2834,176739.9214,211536.7548,232829.1159,242816.3485
Paulding County,OH,39,125,82996.92771,89385.02234,93311.44319,95784.05,97688.20315,101182.2972,99347.51,94789.13832,90317.04522,87815.74,84706.97156,83167.29,81985.96922,82449.47714,84450.15409,87192.94,89796.00417,91276.01005,94300.44837,102727.04,107165.6885,123611.0532,134086.1112,143637.2469,148210.3387
Adair County,KY,21,1,,,,,,,,,,,,,,,,,,83901.45821,85205.10482,88072.51195,87516.84354,103853.2145,124249.5708,137860.21,135808.5274
Crawford County,IL,17,33,,,,,,,,,,,,,,,,,,69468.22002,75776.3756,89904.23959,102456.7553,114820.8983,116581.214,116744.5322,113944.4884
Houston County,MN,27,55,,,,,,,,,,,142353.134,146161.6734,144661.05,147607.1751,152357.5945,153532.1286,163030.0026,171603.5399,176798.2683,183705.7633,194292.0317,211369.8794,240932.386,262012.7231,275383.3292
Inyo County,CA,6,27,,,,,,,,,,,,,,,,,287791.1415,295231.9111,330709.0258,348732.1534,368516.3146,409775.4406,451355.0979,482163.1521,493834.51
Clay County,MS,28,25,,,,,,,,,,,,,,,,,96324.24494,97400.68393,99570.26877,102142.4183,107132.12,116005.4628,135510.50,137997.0157,130976.5896
Pike County,GA,13,231,,,,,,,,,,150804.8145,137249.2975,129921.7561,122521.3849,130488.1448,148583.9718,155883.7373,167816.7557,174689.6631,189486.114,204634.7971,218399.1466,249582.5849,302197.2586,322339.9355,345403.7779
Gem County,ID,16,45,,,,,,,,,,,,,,,,,,179408.0042,202142.5437,238381.6199,274620.3875,345393.4683,448180.2918,441989.9486,446046.9518
Harrison County,KY,21,97,,,,,,,,,,,,,80176.55797,91987.12663,100578.9448,104072.0223,107619.7401,107361.909,107393.5929,115688.8424,125228.9693,139545.6813,158289.4282,170903.0318,180136.1348
Deaf Smith County,TX,48,117,,,,,,,,,,,,,70687.15457,71031.76841,75920.51193,80941.04773,78800.87944,82172.93454,84793.37839,95858.14,109676.7445,129974.5383,150124.8405,152257.353,154731.5179
Otero County,CO,8,89,,,,,,,,,,,69023.30,68264.63298,66448.87186,66789.73367,70027.58199,70656.07,74690.17,82432.37931,88992.00873,99018.09,106086.4847,129001.4338,152307.6392,165394.74,153966.5305
Poweshiek County,IA,19,157,89450.09,93424.70139,97091.00336,100826.269,104909.3203,110579.7681,114839.1971,118583.8342,121795.0563,122664.0732,122170.9449,119820.066,118944.9999,123464.2571,136380.0471,140613.0847,146371.2726,147018.8812,149790.6073,155037.2096,162989.20,178187.99,200709.2654,218128.2363,217576.4643
Sainte Genevieve County,MO,29,186,,,,,,,,,,,,,,,,,,115042.4474,118961.8243,147057.7534,150317.0514,173464.213,195612.4238,210425.234,223604.39
Dickinson County,KS,20,41,,,,,,,,,,,,,112030.5064,111404.6842,107081.0993,105117.0121,107146.4683,101895.495,101655.293,107177.5053,112930.2746,125583.8356,142769.4845,151963.0417,149747.1501
Appling County,GA,13,1,66379.87246,73916.2632,80115.76924,81654.50237,81425.66888,84481.13862,87130.27418,91177.78409,91946.13,88756.57066,84970.5603,79705.18,74769.46955,78707.76453,86483.50564,89144.09383,96520.87852,92603.27476,96539.37678,101797.5904,110411.8729,124080.8239,143244.8219,136237.2211,147257.4953
Cedar County,IA,19,31,,,,,,,,,,,123229.0563,123259.8868,123604.3232,130371.053,137493.095,139765.6999,151966.2007,157470.0053,160604.9019,167465.4839,176781.6597,187777.05,213017.0642,228257.9713,232529.8874
Covington County,MS,28,31,,,,,,,,,,,,,99323.39911,97233.26655,90572.78755,94248.27518,99909.69122,101620.6973,102588.1503,104638.2832,108248.7506,116948.1346,140650.0934,136708.8823,137534.0311
Lamar County,GA,13,171,76338.2699,80969.54336,85841.95851,89502.78544,92160.60,95389.94,98695.44334,102127.8707,103378.7262,100284.5998,92100.73782,87978.43383,82122.65238,87541.94,96053.14756,102985.2145,113956.0694,121157.0703,132475.4719,146921.3188,153544.1424,179540.0994,213905.21,242319.5139,259309.6067
Greene County,GA,13,133,,,,,,,,,,,319666.6482,315573.1584,296494.1398,297648.9622,300024.074,310044.60,326986.9059,327243.7231,347454.7004,367342.2536,386009.7175,440939.9304,546966.5918,569986.5945,590106.7017
Randolph County,AR,5,121,,,,,,,,,,,,,,,73353.23763,77526.72459,91608.49,94140.78697,98877.21699,104669.0744,110615.5232,116001.9792,133254.896,130647.6149,134133.8303
Frio County,TX,48,163,,,,,,,,,,,,107959.1729,110888.9433,106619.8879,120660.5822,122314.631,126438.0839,124265.1343,119529.9343,124809.61,136247.1088,153846.5614,162175.8428,150553.3902,138593.2589
Jefferson County,KS,20,87,,,,,,,,,,,117160.8227,115661.6942,114410.2871,116501.6375,119916.0933,119206.1284,128447.3242,135820.8636,143292.2129,153056.0429,161498.45,191131.096,221434.685,240008.0079,249152.9376
Fentress County,TN,47,49,62095.37883,66082.77979,68511.24048,69555.85295,72582.67515,76732.72657,84962.49978,91300.41458,94732.4233,95386.27354,90669.70091,89687.39533,88848.4203,86909.71343,86249.53674,91080.42,96969.76,105149.0579,110888.1595,119826.6473,131128.244,154914.7249,193678.0929,199187.7055,215367.2884
Yancey County,NC,37,199,95018.97648,101715.3633,109565.1922,115681.6336,122938.7888,131871.9681,137112.2925,149000.6054,154776.6771,153874.1709,145947.2202,142530.3699,138094.198,141654.8658,143678.4634,146302.6066,151606.4885,157805.6488,166079.7602,174736.5536,180043.5637,209889.1897,252396.0715,283535.6233,293572.671
Stone County,MS,28,131,,,,,,,,,,,,,102169.004,108262.9875,110738.7297,114979.9138,122309.4513,127947.2193,125661.5114,131351.7777,137862.2813,151294.0617,171517.5213,176820.2866,179501.6505
Westmoreland County,VA,51,193,,,,,,,,,,,,182566.2615,180047.8467,177749.4627,196084.2273,204870.1637,211280.7451,206507.3191,211994.1922,211804.795,222304.7108,238489.2394,270190.532,286230.7595,289250.6155
Bosque County,TX,48,35,,,,,,,,,,,,102341.4756,100946.1695,102309.5676,104599.6619,110232.5754,118761.934,125203.5451,135665.9677,147775.2253,155861.2603,176770.0552,218665.8943,226494.4653,216029.939
Wright County,MO,29,229,,,,,,,,,,,,,,,,,,99438.93417,102987.924,105405.5644,117028.6541,134829.1219,158670.9958,179690.108,172033.2254
Montour County,PA,42,93,,,,,,,,,,,170867.8326,171033.9195,170031.365,170305.1006,176972.8693,182351.3366,188567.2661,190526.5534,196048.1037,200703.9214,213932.6097,232487.7982,246515.2683,259285.395,265691.6788
Berrien County,GA,13,19,79104.83,82470.30673,85486.19109,88945.70659,91329.53643,95312.22,99832.88901,104885.7859,107754.8821,107499.8187,99904.98075,87735.99414,83061.91833,86849.34972,88677.87728,92311.18775,96330.99,97833.24436,98566.32785,101317.4072,107222.0306,125526.798,152944.9946,152185.1666,157892.5891
Andrews County,TX,48,3,,,,,,,,,,,115653.875,116785.2807,120489.6211,129193.5859,136674.392,146438.0515,160539.778,168125.6248,168532.1353,180104.52,201762.48,213445.8489,230655.5586,219673.64,216896.3971
Colonial Heights City,VA,51,570,,,,,,,,,,,140732.7466,137096.1714,134168.6369,135909.3103,136876.4819,131670.1169,136385.666,144335.6173,152150.5906,161613.8557,171320.6518,189981.7218,211364.7893,255126.1889,256947.4693
Bertie County,NC,37,15,,,,,,,,,,,45323.05139,43584.09653,41313.10685,40017.20267,42355.38285,41841.65931,42218.20785,41091.13472,44226.42753,45736.36185,43900.42247,50966.6234,54798.53392,51728.32125,56417.44064
Brantley County,GA,13,25,,,,,,,,,,,,,,,,,,83328.67644,87134.34204,97957.39428,102139.29,118027.218,132859.7506,125545.713,127793.2898
Banks County,GA,13,11,106100.0639,110091.133,116184.2363,126196.6172,131780.3951,,134204.8829,142203.6103,145729.9581,140357.7398,128950.7368,121561.9664,112209.5332,108635.3004,118463.5986,130212.1832,138135.0801,144589.8822,158670.9633,173843.629,190131.7115,220381.4197,266983.0772,298010.0706,315758.5004
Pike County,MO,29,163,,,,,,,,,,,,,,,,,,110425.8791,114365.0921,121313.9607,124050.7197,142130.3954,167244.9762,175127.0302,176631.3798
Madison County,FL,12,79,68944.90573,73793.98,79077.99472,84232.34282,94307.58053,115154.5591,140829.4115,146367.0063,132912.4416,110784.8779,100351.2257,92377.99277,90137.19737,91361.35197,95212.66421,93127.31759,100544.2306,105928.7325,111897.352,112560.425,122764.224,140694.7313,178131.6377,192177.4194,195780.5053
Southampton County,VA,51,175,82811.63988,87926.26037,94811.92834,100355.7385,111388.8278,131484.4152,149818.8129,156784.3291,156194.3634,145433.9026,137531.7019,136333.6509,134797.9074,135449.915,138129.4628,139880.5827,143783.9561,147759.0874,151625.9394,154849.4712,164010.5029,183515.0158,205554.6765,220443.5631,229330.4614
Attala County,MS,28,7,,,,,,,,,,,,,,,,,,92147.62298,92009.8483,98747.57,96869.69976,110211.7229,130764.8037,132799.1706,119481.0742
Andrew County,MO,29,3,,,,,125177.7313,132837.7215,140123.1681,143495.4638,142054.6868,137403.8478,131281.8375,130102.5362,127341.7697,131603.5438,141296.5447,143084.3365,151852.3117,158777.5031,161931.2724,175761.5896,184863.8136,209494.7272,228565.3773,239522.9291,249828.0331
Benzie County,MI,26,19,,,,179316.7469,188891.227,201626.3308,205000.6011,201178.4237,192953.6156,178295.4283,162572.4469,155845.5141,154136.7408,166174.6235,187562.4127,198914.5722,202320.4275,202662.2808,205500.0733,215596.8678,227935.0107,265102.028,319789.0332,346138.0696,369595.6811
Schuyler County,NY,36,97,82408.0221,88455.67749,95462.89522,103819.5355,112626.5135,125800.6168,138059.6149,138814.9088,137698.6647,131807.2769,125257.7111,126239.9096,125282.1266,126691.7595,128271.6978,131447.3795,136921.95,141540.4733,149565.3654,154777.2732,158107.1635,180071.6651,198238.6342,212584.3302,219750.0825
Northampton County,NC,37,131,,,,,,,,,,,,,70585.6003,69394.01039,65992.35192,68774.26616,73612.54444,76619.30,82952.59,84316.57332,88107.35078,108789.9504,119382.1696,125929.1466,114928.9395
Grant County,AR,5,53,,,,,,,,,,,,,,,,,,143024.6175,146245.5024,150713.8197,160523.6103,173218.8239,195162.9733,191937.7249,198062.6067
Johnson County,TN,47,91,72172.30513,73431.78974,75594.45014,78968.63068,82088.39898,86790.11476,96143.78885,103131.0904,107041.3684,104153.5705,99033.28666,95246.24471,95209.37371,96363.20035,98018.50074,105612.7587,111749.1231,119422.9402,122809.0563,127530.4852,144968.4277,160450.9187,188547.3021,197221.289,208979.8004
Haywood County,TN,47,75,67608.60,69780.55876,71950.0329,74539.81575,76938.77,80893.99812,86220.02565,91501.61933,93812.86997,91934.91119,87245.59581,85824.10941,84443.51254,84406.13002,84949.12,83898.51731,89333.87,93305.9537,94326.66402,101358.9442,108743.6919,119092.4847,139569.6365,142046.1499,156972.4013
Russell County,KY,21,207,,,,,,,,,,,,,,63445.81273,65585.45313,65516.66424,68657.69871,71954.1086,75800.71948,79781.18455,83654.99,94487.49402,111978.4543,131952.80,131828.8002
Young County,TX,48,503,,,,,,,,,,,87369.54655,86130.49938,86655.70563,86519.82688,89888.87235,91236.28941,95375.79,92899.57042,91131.21568,95927.33977,101474.3132,113673.4434,138886.5441,153432.2568,157783.0286
Unicoi County,TN,47,171,77776.5477,80630.59692,83109.65051,86010.69862,89392.57813,93376.62783,100613.6336,107680.9121,111342.9384,110568.1266,106336.7415,105869.6751,104788.153,105693.6811,109613.0591,114320.7882,118981.9055,125227.4455,126399.69,134803.2286,146761.6012,160535.6537,191291.2347,195977.9003,220096.4857
Winston County,MS,28,159,,,,,,,,,,,,,,,,,,91280.4674,89963.10777,97012.60099,101249.4689,114775.3848,134521.0079,136386.7247,134674.5224
Hughes County,SD,46,65,,,,,,,,,,,153666.1506,155506.6982,156690.7102,161925.054,173084.7536,176168.7736,181471.1159,187742.0389,193819.8219,198842.554,205595.7193,222340.0791,251794.1099,274225.5964,272031.6944
Sawyer County,WI,55,113,,,,,,,,,196205.7184,191889.2413,182366.6897,177781.7682,177122.318,178531.3219,185550.2606,187578.8998,192888.7002,200493.2302,206823.8043,216283.4712,228862.5388,265959.1958,306719.3916,341224.9119,340973.7227
Kalkaska County,MI,26,79,,,,,,,,,,,,86231.11676,80098.98402,82998.40954,89403.50112,91377.91,100534.5366,106270.1823,114336.896,119208.9366,137163.8565,156236.20,189034.2587,193119.1742,204678.4354
Eastland County,TX,48,133,,,,,,,,,,,74442.93,73505.48759,75088.38534,74879.18524,80336.11051,84270.79041,89916.61215,87991.63093,90159.01573,95502.6621,101605.3481,111819.0671,134836.4402,133315.2806,127841.8282
Gilchrist County,FL,12,41,75469.57674,86347.58178,93940.06726,102713.8015,114566.77,137866.2024,171463.1628,177856.3439,160311.6324,134647.5065,122899.8814,116042.1011,112130.4594,110874.2602,116073.8165,119754.3848,129473.7868,137744.644,150138.3121,162580.892,173846.2596,201721.6818,241425.309,272791.9855,292136.51
Hancock County,IL,17,67,,,,,,,,,,,,,,,,,,88127.19262,93481.80683,84760.808,93824.01,101369.6894,104054.8233,101111.9531,106457.5589
Avery County,NC,37,11,,,,,,,,,,,,,,,,,,189335.8417,197328.9884,203239.3822,209953.5127,260524.1531,309334.215,342121.3282,368567.2583
Burleson County,TX,48,51,,,,,,,,,,,161852.4559,157542.7904,158558.8629,159631.4011,160150.5783,154486.6039,171609.6974,169849.7134,189292.3207,202700.3293,211075.189,232666.1983,275554.2178,264093.8431,251758.5881
Patrick County,VA,51,141,,,,,,,,,,,,,106133.122,122264.7689,128024.218,131111.3549,126884.9205,127060.2364,133172.494,132401.9964,135556.038,152202.2474,169487.4765,170800.5192,179198.1085
San Juan County,WA,53,55,,,,,,,,,,,489367.0037,457289.1113,444474.6333,438568.6265,455296.3255,471716.0794,476814.8203,500851.6326,541773.7739,587170.9662,613274.3648,724169.4363,935277.83,950819.9087,931791.2889
Seward County,NE,31,159,,,,,133187.4633,139387.3373,150568.8539,152577.8481,148414.6413,151828.334,146130.08,144886.6143,146229.6427,148349.5869,154689.2998,161621.0034,170105.876,178068.1763,189237.2348,200845.6838,212210.7448,231895.7759,254886.53,272785.9041,281866.1343
Dickinson County,IA,19,59,,,,,,,,,,,181776.6055,186461.4202,188619.021,196144.703,228415.7081,231090.6209,237447.3161,239558.7292,244379.0169,255937.4901,274401.5879,293061.0211,320704.6004,353708.2531,372414.574
King William County,VA,51,101,,,,,,,,,,194949.1328,184745.9907,176222.2851,173627.8977,173802.0506,182816.7501,184855.1842,181712.2087,190619.3677,201126.7224,209960.0647,219395.9265,244880.6025,272902.5297,299615.4112,316146.2199
Drew County,AR,5,43,72656.30813,75650.08602,78516.99056,81762.66393,85416.18782,92315.78464,101024.5939,103563.6193,104705.992,105854.9103,99832.26903,94261.69012,95576.0726,97206.95791,100260.9557,103132.8252,107788.0455,113818.8761,117232.4211,117765.4789,120574.6836,133534.1805,152946.8885,146552.215,148650.525
Delaware County,IA,19,55,,,,,,,,,,,123010.8296,122239.5455,128568.2761,133558.4186,138505.8527,150101.234,157557.7463,161344.1559,170846.9636,178810.6232,189761.4508,200895.5188,215749.893,225078.2293,224119.5456
Polk County,TN,47,139,54815.27864,58092.21836,62287.43122,67063.36726,70165.37155,74853.5453,81914.62103,88986.73704,92661.75725,94663.72708,91649.32,92147.80771,90576.40,93679.30417,96711.19594,101314.7253,112652.6221,127172.9526,133318.5047,137232.5613,150983.4798,172558.05,205572.6694,209045.9981,219909.1629
Pitkin County,CO,8,97,1238651.569,1404284.388,1455593.508,1462814.135,1499897.961,1566868.42,1671339.602,1765789.468,1822925.249,1837290.181,1825832.276,1762388.816,1807776.114,1894126.636,2033337.457,2124638.799,2248048.198,2283290.801,2373637.576,2614852.314,2654675.147,3065254.645,4259046.061,4615560.063,4709142.561
Cooper County,MO,29,53,,,,,,,,,,,,,106290.3103,106522.7825,108609.3927,116322.6672,128809.58,125096.1882,138226.7602,144602.1681,153636.716,173342.1276,199114.4003,219928.9182,214930.5386
Lee County,TX,48,287,,,,,,,,,,,161213.3857,159717.7924,160512.8338,159627.502,160762.8881,173575.1074,191557.6396,201662.8032,219648.8199,241069.2316,257381.6077,284738.0303,344281.3996,340816.4354,337301.4339
Park County,CO,8,93,157390.1611,171402.1371,182411.4826,189484.5781,193840.55,201870.368,210878.0636,216221.2712,217499.969,214437.7873,206732.5656,201356.7652,194918.8987,205797.9347,217526.4834,231812.0372,257437.1235,283339.1569,314536.5764,341749.70,363061.8545,405560.5562,500777.0694,520882.2096,543121.8534
Richland County,WI,55,103,,,,,,,,,,,117788.7136,119764.3364,120022.179,121571.3446,126243.1309,127725.8498,131388.0076,136917.9046,145957.8858,155161.3389,163890.41,179552.26,207579.3583,222846.3521,229042.3941
Chester County,TN,47,23,67804.36022,70958.64511,74585.61,76691.33825,78916.30934,82998.92568,89200.51507,94173.69926,96438.88423,95763.03106,92088.31179,89627.87698,88894.69188,88463.00,92095.72275,94042.85,99216.3372,104928.2665,109212.5903,112583.8121,127615.0099,136893.5942,159645.6811,162165.1083,159410.6081
Arkansas County,AR,5,1,73264.43578,78682.85212,83472.09016,87028.19,91903.92234,97373.12477,92348.69,96469.76715,97807.99676,97049.18897,92946.2675,91370.80,91556.68,97864.06409,98270.55183,100902.8448,99607.70755,97795.80625,96958.27463,99425.11,107568.355,117985.1875,126778.5711,118556.8754,110360.5241
Union County,IL,17,181,,,,,,,,,,,,,,,,,,114433.5417,112289.8551,106592.0631,113705.228,115225.4885,115233.7059,120907.1665,126953.6938
Holmes County,MS,28,51,,,,,,,,,,,,,,,,,,68801.64509,66771.74819,68765.94356,64489.21227,75297.04916,96373.57828,83234.71,61367.35646
Sharp County,AR,5,135,68342.58,69519.2914,72178.22187,73352.92519,75421.04386,80218.73852,88651.42159,93158.84138,93998.03654,94788.37795,91112.61991,90085.21064,88733.83054,88493.64679,88244.24611,88914.72672,91192.50189,93335.44413,92558.44,94781.38287,98211.89164,122649.3983,129497.8511,131156.0947,132052.0503
Ben Hill County,GA,13,17,55135.67284,56310.04712,59194.59728,61363.48327,62490.84,65763.30917,69479.48215,72392.48,73679.37,71417.18277,66598.9383,63807.60491,59608.00404,60887.52858,61098.49274,58845.72065,59738.02906,60665.57023,63143.98588,68225.90259,68470.23133,80566.73424,98994.97642,109531.9853,108881.2778
Mariposa County,CA,6,43,,,,,,,,317626.0218,277868.397,218338.28,205515.9361,193781.6623,189593.3313,195999.7671,214533.9408,236400.5711,253758.2448,271761.3381,291456.3073,303086.15,313610.9387,348870.4862,401328.744,394082.9163,385427.41
Humboldt County,NV,32,13,,,,,,,,,,,,,,,,,178338.3703,189251.7624,192844.5426,205801.8676,215796.1023,236907.9219,282065.9317,286879.8061,307397.9947
Cook County,GA,13,75,65070.50045,73296.40623,76244.97509,78263.91,80956.36798,87057.32522,93344.15,98690.05959,101153.5165,97790.79,89633.74483,82746.82096,77475.36841,79518.2404,84332.88557,84250.82,86600.68,86938.80,91577.06753,95176.1641,101586.0906,114831.9965,132800.0352,139093.7802,146336.5182
Clayton County,IA,19,43,,,,,,,,,,,86918.72145,94322.42,101471.7939,112468.9123,117227.2508,120725.8838,125933.6082,128445.8383,132111.3318,133605.3377,140492.4864,146976.1987,163670.7331,176803.7481,180981.5321
Henry County,AL,1,67,,,82711.12,87851.23072,93019.95241,99952.85593,110671.9324,,123935.5887,125975.5,122054.1453,121285.7575,117038.6601,116659.1359,115943.0126,116176.028,121475.3747,124574.7999,126640.093,136386.848,148359.3777,155020.7047,169553.9732,171298.7663,173021.7243
Franklin County,AR,5,47,,,,,,,,,,,,,,,,,,97676.50978,100023.1227,102594.77,108000.7841,117709.9916,139619.892,144795.1074,152592.5384
Morgan County,WV,54,65,,,,,,,,,,145428.7237,139473.3622,135834.5411,133614.4609,131069.8115,142581.4574,146365.2672,153379.2774,151065.3844,154288.5749,164269.1654,169443.2045,194059.1245,228976.5107,255858.8173,267492.0244
Mason County,KY,21,161,,,,,,,,,,,,79011.92375,78679.91841,77372.95915,78287.75135,78977.5276,84783.12801,85797.17954,86712.62465,92555.19637,95318.3879,110631.3101,126227.1744,140710.8993,141470.7923
Chickasaw County,MS,28,17,,,,,,,,,,,,,,,,,,92996.97,93420.86894,93933.70179,97366.6174,104776.2273,121468.7262,121618.0028,114924.7019
Tama County,IA,19,171,,,,,,,,,,,93877.44,94762.04883,97419.04127,102921.2674,99036.38651,100110.8576,101047.5333,103282.8749,107121.5964,109839.6037,116240.0421,127841.5432,144990.1955,154215.6108,158630.8527
Falls County,TX,48,145,,,,,,,,,,,69387.44493,69746.39689,67346.43574,63048.32882,61086.52409,68687.47092,72928.72237,83150.98967,88293.55102,102566.2832,108485.21,122311.1567,142710.15,133084.2944,121713.4464
Park County,MT,30,67,,,,,,,,,,,230226.8028,223891.7154,222172.066,233909.6535,241923.8036,250167.0678,281800.5409,299816.8878,329168.2848,359312.0907,379973.0366,438156.9613,569190.8371,590649.07,571287.532
McCreary County,KY,21,147,,,,,,,,,,,,,,,55025.72849,51491.53782,54956.73952,55938.03174,56830.48967,49903.51382,50557.45,61601.51107,70696.24707,86304.91784,80892.69781
Garrard County,KY,21,79,76273.61502,80384.97,84002.71253,86090.81335,90586.56223,95501.63528,99014.82193,101610.8871,103247.9092,102871.5385,100929.6872,100722.0121,101271.6255,107111.6361,111845.4058,111170.4683,118177.8767,124240.7003,128449.7966,136309.5996,146899.1385,166282.3989,194026.2243,207726.1764,215766.8673
Edgar County,IL,17,45,,,,,,,,,,,,,75338.13,78872.10528,75231.00462,79721.39522,81592.11033,77482.91386,79129.5726,74062.55055,76563.0113,86241.45633,81025.68082,80513.57423,80036.72
Hardin County,IA,19,83,,,,,,,,,,,,,,,,,,91514.60009,91514.71775,96551.31781,99192.62438,109589.1246,118627.9105,127185.298,132203.1197
Scurry County,TX,48,415,,,,,,,,,,,93653.87396,93951.67757,94360.16788,95478.30121,99608.797,105872.0587,112196.9316,107703.9586,105630.8597,105580.6234,113439.1852,119136.8931,131942.0365,123720.172,118963.7996
Lewis County,WV,54,41,,,,,,,,,,,,,,,,95182.58627,99286.39583,99389.73,106702.8211,108004.7366,105259.3504,120158.7697,129987.1886,135547.7638,138310.6885
Bristol City,VA,51,520,,,,,,,,,,,94336.94226,91146.53548,88995.90295,93988.83697,93111.26137,93137.02876,92771.77918,95321.10534,98450.60533,103203.5724,109417.6339,122500.3607,142147.3882,162755.3426,178471.3901
Phillips County,AR,5,107,,,,,,,,,,,,,,,48836.69966,47723.24795,52276.51,53823.06654,58073.5312,53614.71704,54435.20182,57315.80084,56281.44002,47251.90825,45469.56858
Dallas County,MO,29,59,,,,,,,,,,,,,87520.56642,88606.3757,96338.55225,102819.1076,111906.4366,119620.6722,124871.5995,127723.3636,137062.7622,159638.0262,191766.5619,210974.4446,218170.6903
Cross County,AR,5,37,66569.22098,68968.14116,71589.51278,73628.41953,76946.23706,81886.28,87340.50125,90770.43,91693.84984,90117.07304,84603.42,83280.21266,82923.20622,86658.25539,87327.15222,87866.53784,91344.11,94324.42146,97418.2649,100289.9364,102551.0863,109170.1006,127606.5957,132200.3625,133285.4231
Warren County,IL,17,187,,,,,,,,,,,80917.96815,79325.29903,73814.49589,74028.88857,77344.49527,74878.80214,77463.00,78184.81,83636.56,83030.86717,88902.59027,91073.45507,92772.52053,94860.04186,100808.7151
Jackson County,AR,5,67,,,,,,,,,,,,,,,58186.72258,57009.60231,57424.73484,59604.47093,62602.66538,66355.59017,72828.44,80029.77794,86573.57185,82228.05433,80807.92479
Gunnison County,CO,8,51,218317.7541,238275.0011,256177.957,265740.23,274448.1718,289089.6434,307360.4949,319540.6845,325161.25,322664.4745,,309850.2114,312417.9448,315541.67,317250.3028,346066.9692,383625.7799,404467.9928,432209.4401,474125.943,514000.007,578801.9107,731475.8688,754077.0269,784522.7041
La Paz County,AZ,4,12,,,,,,,,,,172019.8323,144296.6089,130431.4629,127218.6453,135013.5177,140727.4006,145855.0037,157087.6459,158749.5723,162129.4363,173033.4895,191195.7358,212990.5179,263959.2974,280271.2006,290942.2399
Robertson County,TX,48,395,,,,,,,,,,,148696.6567,147187.0136,144033.0207,143122.9681,151385.933,149171.1633,171196.388,188204.403,198512.0694,210866.2429,217347.8378,220707.7832,257149.522,230077.3783,219951.8661
Buckingham County,VA,51,29,,,,,,,,,,,,,104362.2458,106286.931,120028.7549,114266.1477,128431.7496,131381.9922,134469.1534,149718.4387,154407.4265,179134.1156,197766.7904,194723.0361,207194.8672
Bond County,IL,17,5,,,,,,,,,,,,,92445.24902,100707.929,106085.0379,107822.2051,110885.0313,107200.5539,113993.9659,112695.9827,119769.362,132161.9512,136877.6797,140080.6469,145464.8197
Giles County,VA,51,71,,,,,,,,,,,95975.2929,96482.16638,96575.639,99793.54732,100809.8775,101875.3505,107152.6885,108750.2742,112425.2894,117559.6929,126112.108,140712.3107,159088.6849,169929.0502,177460.5689
Piscataquis County,ME,23,21,,,,,,,,,,,,,103539.7957,104416.6859,103589.772,103785.4738,107242.0896,112032.1493,120002.422,129189.0165,134275.515,157155.8012,189073.064,207514.9672,217434.7011
Marion County,AR,5,89,,,,,,,,,,,,,,,,,,124093.0926,131795.4199,136017.0895,140849.6975,160884.5091,187404.47,199661.9764,201743.7628
Rabun County,GA,13,241,136348.3453,147771.9454,156526.81,163770.8653,172908.3946,183598.9339,203243.3335,213594.1293,217736.8757,209679.5999,194163.0338,180283.2129,168938.3235,173610.7928,184446.436,187098.3712,190623.0662,197380.4323,205926.061,226913.7959,230075.7373,276100.0708,347814.605,369410.548,391307.0259
Lee County,SC,45,61,,,,,,,,,,,,,,,,98572.24315,94266.22197,103866.3872,106545.8972,110683.7551,113884.3409,126691.0447,149994.3825,142210.1019,129664.7339
Taylor County,WV,54,91,,,,,,,,,,94084.18287,91610.43742,91461.7619,90783.22044,93650.67758,97266.08,104881.3933,113179.6428,118179.835,128820.6413,130068.6361,131320.9601,152150.555,163622.2625,176884.8473,184507.4318
Rush County,IN,18,139,,,,,,,,,,,96059.13746,94377.90407,,92557.21554,96559.37119,100658.2048,102803.3602,107298.8011,112916.603,119928.3738,125586.5858,142562.0029,164998.365,177587.6414,185573.54
Dixie County,FL,12,29,47024.73506,51009.27,59216.96222,65096.4202,74125.34609,92042.99014,113730.6253,119901.7814,108509.2808,87883.69611,76380.54,74577.88095,74870.49,79369.41703,81257.3157,89777.30913,96246.08851,97470.42582,103033.4906,111792.007,122772.9146,141471.3157,182727.0809,186545.65,196694.5493
Piatt County,IL,17,147,,,,,,,,,,,,,128084.3061,133902.6429,136957.1132,135877.1904,141439.6761,145427.8083,150901.4742,149561.9498,155676.6557,165858.40,173961.2447,184725.2204,186423.9688
Lafayette County,WI,55,65,,,,,,,,,,,111107.7074,108034.3846,105761.6639,102074.1672,108030.2872,112608.2401,118326.0067,125705.4244,136462.2244,142898.276,152244.8612,168100.3132,188519.3386,197496.97,205168.548
New Madrid County,MO,29,143,,,,,,,,,,,42721.79413,42254.93341,41782.59281,43043.74782,44614.03,46372.54606,47343.46605,53108.45512,56896.16532,62534.47273,68287.4825,75925.33,80846.43832,89379.3673,88572.6239
Socorro County,NM,35,53,,,,,,,,,,,,,148644.4445,151299.0263,154693.3367,152714.0443,157840.1732,158347.7847,145586.9312,159442.7162,151118.3535,166124.4968,179289.1695,185035.8756,171844.0381
Iowa County,IA,19,95,,,,,,,,,,,100902.6286,101943.2472,103873.4974,113787.2992,135205.9692,138322.1384,146003.5414,151667.5563,150596.8424,152086.9717,163373.2897,175716.2528,193401.7141,213522.1973,217974.6938
Washburn County,WI,55,129,,,,,,,,,,,139852.8748,138849.6526,133726.09,134603.9362,140291.1012,142384.54,157263.6889,162145.5511,169413.2524,182023.1168,194641.8066,223721.671,265097.9214,299457.4211,304060.2308
Crawford County,IA,19,47,,,,,,,,,,,79751.51616,80365.16997,81105.58,82535.75717,85575.20365,83032.21,87692.32414,90053.64881,92644.55,97090.0936,101758.5196,112657.2099,129981.0958,147797.3042,151932.8879
Richland County,ND,38,77,,,,,,,,,,,76103.62207,80621.61,94028.66977,108644.3799,116153.5281,119783.672,132118.7742,137695.014,138555.8532,146854.071,156443.8749,169379.1247,188218.9918,199567.3684,196492.0816
Baker County,OR,41,1,,,,,,,,,,,,,116117.5273,117139.3913,122190.4646,128382.8102,134866.726,142069.3169,150427.4058,163057.7914,175883.3947,205208.4827,253468.0119,268572.04,278913.7287
Madison County,AR,5,87,70332.92,74641.072,80423.53659,84140.92127,89025.78,95162.02,105536.7397,112220.6521,115440.1523,112337.8334,106588.5201,103224.1757,99507.77778,106484.7072,111156.2789,111872.6896,119661.7055,127474.4983,142405.0041,145292.7941,149299.6765,173326.1656,209996.4194,218370.7071,228898.0506
Idaho County,ID,16,49,,,,,,,,,,,161426.7505,149147.3944,143403.0643,150561.4056,152649.044,158128.6505,164912.8096,167600.5335,173378.3385,183464.386,200520.8775,241958.1783,317701.1095,324354.2004,336346.2767
Potter County,PA,42,105,,,,,,,,,,,111276.7151,109201.0704,108617.1317,113303.375,114861.9275,114750.4341,120291.8104,113596.7407,111557.397,108109.2244,122766.4388,134125.0488,142938.4533,144930.7846,143366.5489
Union County,SD,46,127,,,,,,,,,,,171691.6502,173001.785,173030.0312,181429.7483,189070.7818,197535.8466,210543.098,218523.566,230566.3041,233222.9771,253521.5301,269889.682,302649.7244,327003.3853,326573.3823
Fountain County,IN,18,45,,,,,,,,,,,,,87440.31973,90043.11392,91303.00199,93774.40062,97250.03969,101303.2781,105093.6696,110245.9826,121517.3983,136101.2772,156339.4934,163603.8916,165351.2041
Madison County,IA,19,121,,,,,,,,,,,,,121149.6158,127540.923,141919.0291,150166.0544,168686.1307,186081.7933,196629.7922,212171.5819,230512.3447,250919.126,275386.8913,302906.2191,313029.52
Clay County,IA,19,41,,,,,,,,,,,102011.7056,101520.5858,103184.2507,104943.9416,112300.0751,113148.0783,120143.7984,126194.2722,129084.0789,131734.015,139144.8812,148336.333,165193.9188,176813.0134,182969.7997
Jasper County,MS,28,61,,,,,,,,,,,,,,,,,,108237.0144,114066.1367,118853.7582,117018.5976,125480.2483,147088.3948,131480.1508,126435.8983
Long County,GA,13,183,132714.0933,135784.2782,140711.3438,147407.7801,154907.6533,166031.7855,175262.2521,190292.3568,195778.1014,186782.1481,172514.91,154613.3907,139687.3045,139269.9966,141558.1573,146216.9637,151969.0114,150150.2125,152230.3985,164444.2585,173341.1292,188118.1967,218013.44,245528.1062,262191.4229
Atchison County,KS,20,5,,,,,,,,,,,,,96028.96961,92000.77759,77643.41357,74746.47376,83281.15,88457.82656,88776.67,95607.2112,101970.2652,118323.559,137916.966,153716.8623,152463.6031
Alamosa County,CO,8,3,105268.0373,113628.6581,119830.3635,124217.9675,126107.3462,131494.6856,138334.3448,142751.8839,144677.2983,144400.7165,141780.9628,137333.3928,136996.6479,143445.2393,147717.5312,152082.7171,157958.8147,166267.4393,175065.7368,186046.6557,200566.321,222203.4023,256892.139,288813.4708,296509.1547
Fayette County,AL,1,57,,,,,,,,,,,,,71126.10089,71104.17363,74312.66245,76478.92936,75330.91716,77319.34181,78686.40109,80871.86224,87352.09657,96928.18846,124413.7682,125263.0213,125186.7346
Burnett County,WI,55,13,,,,,,,,,,,133810.4408,129426.7595,125004.2635,131126.1874,139914.9481,143203.671,150626.637,155847.2842,160036.6815,171265.58,179803.5834,206778.1786,244266.2134,258313.9008,284395.3355
Wayne County,TN,47,181,47006.14587,50187.81885,52771.71513,55847.35108,59753.57534,62785.49186,68579.00702,74115.38185,76972.39,78086.2235,75345.8423,75153.84723,74621.24147,78512.92167,81870.23298,83401.65542,90693.68281,96331.49052,100685.2126,101380.0018,109590.507,121077.4243,149417.5713,156222.3527,168968.3613
Parke County,IN,18,121,,,,,,,,,,,,,88645.78919,92889.15914,92835.01258,97308.82237,99415.96538,100798.6602,106913.9213,114878.5261,125269.643,140962.0707,163914.48,173622.3579,185658.7239
Dade County,GA,13,83,92290.72665,97228.09771,103619.0512,108479.1995,112380.7672,119367.9132,124919.6215,130013.774,131294.2852,127540.0247,120413.4059,110535.2716,103396.9806,107315.1568,119619.0287,118941.0404,127724.6161,126592.8936,135550.9453,146132.6143,157039.9471,178574.6505,207683.7016,220588.6817,235703.8375
Hill County,MT,30,41,,,,,,,,,,,,,,130510.3416,134645.531,138550.9497,148198.1446,149905.0869,164893.3496,171634.0385,181235.4838,203174.4999,248230.5124,247662.1886,255446.58
Lawrence County,AR,5,75,46677.06106,50582.71227,51937.0794,54087.7202,56235.98698,60446.7526,64116.65133,66958.17675,67409.12287,68375.21736,67999.85971,67087.02543,66144.13987,68737.08331,69174.61726,68735.28386,70941.73057,75129.71398,73627.92675,80645.08468,87471.11132,96966.97056,112864.8913,113364.4334,114115.313
Lawrence County,KY,21,127,,,,,,,,,,,,,,,,,,85251.78996,90863.69948,100693.4855,102266.2246,123348.0941,135573.9729,144224.7834,145488.1798
Brooks County,GA,13,27,63399.32,73390.96183,77280.64858,83308.37356,85651.19317,90166.12892,93539.97919,98818.87,100973.1973,99473.26288,91864.77872,91912.43728,85372.53635,86197.48,89493.14493,88667.40718,92358.83339,91921.89352,95631.12775,100381.5781,110738.4377,123764.1721,145892.2678,150773.0467,156017.2569
Wayne County,IL,17,191,,,,,,,,,,,72970.68406,69516.31,71631.22,75245.25882,80728.46179,93082.47996,99773.37783,101459.5443,103837.1459,101365.5749,99413.23667,104292.0013,98294.2979,102169.7476,102691.4362
Radford City,VA,51,750,,,,,,,,,,,,,139391.999,145705.0079,145840.4271,150304.5732,159977.7397,160345.001,165143.4286,170446.1018,180935.7147,199354.0347,230014.1505,235679.0303,246352.1717
Crawford County,WI,55,23,,,,,,,,,,,114214.3607,103596.2666,100191.35,109626.0365,109639.8657,112999.8583,119808.5146,122487.8882,127982.2549,135825.6081,140232.8508,151079.3856,172121.0949,180540.7326,190423.5405
Rockcastle County,KY,21,203,,,,,,,,,,,,,59783.75914,60380.61493,62402.55306,66445.66363,68452.44436,70479.42711,76298.73264,80021.45,79402.85393,93329.67296,103380.0161,122490.5919,123450.6771
Union County,FL,12,125,,,,,,,,,,,114051.598,107970.4253,101823.6342,106200.4387,108530.6797,115246.0673,126864.0379,134078.525,139387.8839,142505.1445,159144.1476,173088.7716,194232.4518,233259.583,258453.9895
Bates County,MO,29,13,,,,,,,,,,,91384.44763,89566.31226,88762.59661,97263.96681,101837.7815,111873.1847,117828.4497,125045.6379,132291.462,139946.9415,149375.9204,171808.1703,203783.795,209031.7017,211092.9972
Sevier County,AR,5,133,,,,,,,,,,,,,,,,,,100708.6045,101833.4435,105169.661,107876.5581,122577.2458,145048.6033,138464.5605,144391.7532
Brunswick County,VA,51,25,,,,,,,,,,,,152539.7292,153784.6525,157167.6213,140889.4981,139822.8318,128383.1964,126416.917,122299.0322,115961.1225,121738.9486,132888.544,139715.145,135516.625,133798.4137
Appomattox County,VA,51,11,,,,,,,,,,,,,137509.52,141759.7845,142063.4039,144804.7701,153328.3237,158764.1876,164140.6637,171103.1305,178982.8724,201331.801,226536.8473,245293.5767,259435.2362
Bayfield County,WI,55,7,,,,,,,,,,154963.6959,147051.2567,148681.5247,145834.7695,150751.6523,156929.2742,161736.3048,164882.1742,168802.7987,176529.2276,185471.2647,190905.3618,218183.62,258765.5905,277805.5828,272564.91
Kanabec County,MN,27,65,,,94299.91941,102999.2817,113353.509,124880.4047,133431.5497,133999.2949,129603.0906,123084.1013,112564.6901,115420.8694,109862.5147,114578.7055,118289.7865,123840.7075,133184.6766,142474.1105,158156.328,164371.3524,177490.2581,201666.4896,228613.07,252201.9672,257852.1838
Ashland County,WI,55,3,,,,,,,,,,,111440.5459,105578.9061,107425.1829,109712.7496,108630.6855,108078.5424,109497.1092,114953.0264,115980.921,118284.8556,127983.2502,142780.9508,160495.0213,168114.6641,178696.2662
Pemiscot County,MO,29,155,,,,,,,,,,,,,,,83065.09112,82666.17845,82101.02406,85798.33325,81369.89961,83560.4897,85932.51,93113.82041,97332.11305,102217.0518,91053.31256
Neosho County,KS,20,133,,,,,,,,,,,,,,,,,,59829.53608,58095.8392,59016.28081,62552.45,73153.29768,86698.56281,92878.17198,97791.06
Otoe County,NE,31,131,,,,,,,,,,,117395.6184,109899.9352,109218.8583,110100.5529,117495.6466,119959.913,129330.8299,131183.3104,135950.06,141188.3898,150080.6231,165568.0818,185396.5972,206502.3894,215238.756
Leon County,TX,48,289,,,,,,,,,,,118916.5116,119324.9623,120614.0722,124506.561,141179.9153,150348.8775,169972.9928,186866.1514,185802.7097,196190.1516,217999.6705,236285.2295,282189.0885,282439.7521,266892.42
Richland County,IL,17,159,,,,,,,,,,,,,,,,,,85987.74822,89853.61021,92345.24299,97525.66595,108500.2373,103220.1031,120173.4569,116626.6409
Benton County,TN,47,5,,,,,,,,,,84986.63161,79942.09434,78602.72997,77633.42459,77612.75207,80121.86756,83398.50956,88098.21317,92254.65756,93808.78813,98870.97446,113648.8259,127765.4699,153280.1651,160842.1983,167770.8279
Casey County,KY,21,45,,,,,,,,,,,,,,,,57440.15432,60995.21135,63413.00565,66726.27454,72699.61305,76163.62752,89342.32324,103055.8236,111474.3949,118159.6104
Van Buren County,AR,5,141,61983.82331,64439.27964,66463.33953,69578.41451,73184.14626,78622.38,84780.15818,88445.26111,90268.88464,89640.33,86773.71,88103.29983,89023.25706,93605.42553,93276.68339,92431.68324,95292.19014,96333.50099,98999.87024,99679.04972,100271.1408,116885.4413,144286.7352,150152.252,155955.0861
Jefferson County,IA,19,101,,,,,,,,,,,90709.38,89874.84732,92213.38245,98129.90593,109090.2358,111778.156,118610.3115,124166.6967,126369.3503,130744.345,135524.1225,146537.3766,161920.205,175412.5805,173363.8658
Trinity County,CA,6,105,,,,,,,,,224072.9895,171813.7675,169726.3156,179303.7405,176083.2069,187023.5427,204901.3703,218846.0463,229283.6272,249725.3322,269011.4514,269773.9603,271682.1372,306193.3894,341900.5091,320489.0525,293424.3603
Osage County,KS,20,139,,,,,,,,,,,,,83179.73153,85309.98047,86231.04633,87702.35868,95743.34447,97551.01209,101496.6545,109032.8321,119119.3092,138998.1133,160311.6158,171647.6895,176375.9605
Mercer County,IL,17,131,,,,,,,,,,,,,105566.3661,110316.8502,116053.2176,117037.6256,118664.5689,120671.1896,120286.1847,120204.8407,129525.3837,136314.0835,142930.2647,143229.4616,142422.095
Aitkin County,MN,27,1,,,,,,,,,,,,,121012.2952,139285.3247,142925.9312,146087.1515,152393.5219,153903.0952,158588.9064,165323.6047,175982.1806,191826.9041,228659.47,244668.9265,250597.8366
Sequatchie County,TN,47,153,72596.7261,80241.39496,86437.99522,90030.26246,92770.34875,98437.83357,106424.0835,114158.556,118714.848,119540.0866,115520.5587,114040.1999,112018.9709,116920.1005,117871.2435,123551.2761,133990.7883,139043.3684,148234.0185,155080.0178,169889.2119,188401.1713,229621.7528,239025.40,253187.1769
Moniteau County,MO,29,135,,,,,,,,,,,114574.7294,112964.3469,105730.4864,110225.4954,117762.2016,118137.7481,125890.962,130350.1626,136040.9807,142961.4947,149144.1911,166808.8709,185112.1705,198710.42,207122.56
Jefferson County,GA,13,163,60127.97907,63981.00908,65870.10104,68200.32779,70873.53719,74038.24887,76712.25464,79537.80473,79060.47974,78789.55877,69977.96844,62645.94631,59173.31953,59216.52668,60254.80,62943.15353,62291.92347,65996.31782,69185.2505,75420.77984,79364.99795,94146.24861,106341.6585,97672.08082,101764.83
Henry County,KY,21,103,84472.67789,89761.97263,93856.53305,97471.7127,101471.4513,,110097.7312,112383.9223,114524.3722,112348.6344,109555.3317,108796.8571,98026.52211,97753.42694,105876.5634,107123.0228,113786.9582,124835.9798,134502.4826,141317.7574,147662.7857,172380.4328,193257.0151,207240.0037,215422.6688
Pawnee County,OK,40,117,40994.05151,43767.02045,45447.38762,47657.90688,49927.37691,51961.77816,54769.8936,57664.04943,60460.61652,69142.56635,65277.02298,62426.76062,66571.54,74265.05074,76465.97011,79063.82604,80384.51972,81483.24292,87293.54833,89910.27239,96779.04798,112772.59,130075.0748,140692.1729,147644.0763
Clarke County,MS,28,23,,,,,,,,,,,,,,,,,,94438.4728,94028.41133,95029.30,98189.04732,106343.3147,123018.1859,112226.916,113172.3038
Floyd County,IA,19,67,82249.35049,86787.70622,90383.94347,93555.13966,97980.06652,103095.5848,105674.0901,108289.8239,110432.0364,112736.0177,109177.0845,104514.5435,106107.4886,101351.6892,107277.2001,108608.9205,110080.347,110364.6808,111181.7066,114292.6819,120783.7368,128946.1765,142940.6154,149706.0637,148569.7309
Nottoway County,VA,51,135,,,,,,,,,,,,,106630.811,117294.0931,111815.0499,112729.4139,115353.3881,119292.0067,122433.7639,126277.8104,123370.5616,133016.52,157420.6551,171898.3837,169588.3158
Dewitt County,IL,17,39,,,,,,,,,,,,,94232.10012,92144.14221,89201.35089,88782.55798,92366.44155,95109.98,99736.23929,96167.03903,101800.9771,104102.005,113875.7469,119674.4371,124735.5581
Grand County,CO,8,49,243242.6272,273452.5984,292468.4453,303039.3019,311768.9917,326267.7314,346322.048,357184.7484,362120.3905,356784.9895,346287.8732,335787.3021,330215.5292,342548.2138,353293.3594,364322.9686,386945.3413,419625.6785,466278.3015,527626.525,577500.1529,662628.7187,870057.0268,900653.035,879412.498
Barbour County,WV,54,1,62572.49,67014.72,69422.29979,73196.45119,78083.93114,86297.06759,94375.31922,96766.3053,99743.77801,99998.08944,86308.12185,79247.95,79240.81814,86441.44,85558.18,90103.29,99090.75,95754.38,91212.47986,97533.60348,99483.70194,110995.5904,118094.2289,122304.7449,125469.6958
Clark County,IL,17,23,,,,,,,,,,,92011.10257,92768.35373,92250.08088,96316.30325,100938.4326,94467.60833,96146.86467,98228.58449,98745.68661,100491.6685,104833.4245,115499.874,121897.954,125675.3818,121659.15
Carroll County,IL,17,15,,,,,,,,,,113571.9565,106351.4446,100562.786,98273.21,104325.8954,101068.7309,96019.50846,94847.0949,95639.336,97725.04,97478.8047,102775.2429,110948.0999,120875.1971,129970.0622,132809.4994
Washington County,AL,1,129,,,,,,,,,,,,,,,,,,92755.46353,98994.31376,97998.61336,107370.1061,129847.0943,138348.343,133723.1303,137886.0161
Floyd County,VA,51,63,,,,,,,,,,,,,,135477.5863,139511.1545,142473.592,148761.0254,153809.349,157936.9671,159435.9891,169900.2071,185931.6998,218072.322,224943.0829,238977.7721
Marquette County,WI,55,77,,,,,,,,,,,129450.0786,124032.7857,124392.0888,126979.6567,126581.4073,126081.6936,130473.4637,138181.2947,144968.1239,149567.442,159783.0934,181344.0718,211345.5003,225362.8473,241621.8991
Vermillion County,IN,18,165,,,,,,,,,,,,,,64302.65126,69088.02787,70885.75342,70322.58873,73423.88095,76469.82706,82068.22463,88404.07,100435.9044,114819.9514,119663.2031,117378.6812
Lawrence County,IL,17,101,,,,,,,,,,,,,,,,,,,,55611.94644,61469.127,66940.84161,68619.0036,70496.24491,68990.57072
Brown County,IN,18,13,,,,,,,,,,,,,153384.5683,157634.7578,162652.7829,167056.2199,175631.3688,181580.1348,193597.8571,204708.484,223286.1349,256452.2381,299267.9337,324126.2408,342110.7594
Redwood County,MN,27,127,,,,,,,,,,,,83478.04629,83031.1791,86580.06133,90748.80116,96403.01,101901.0913,108714.6516,114488.685,120157.3391,123004.1774,133347.975,152278.095,160141.1905,160197.6791
Gooding County,ID,16,47,,,,,,,,,,,133134.4217,113445.5855,109619.4664,115505.2102,123792.1705,125589.9133,136211.397,145326.2062,148982.8175,164648.5927,189846.6837,231852.8617,303997.7384,320640.7496,326128.994
Grayson County,VA,51,77,,,,,,,,,,,,,,96608.17602,101143.2832,101964.98,111190.2288,111774.4226,114818.5178,116855.0813,123095.0142,139334.8549,164892.4613,170553.913,181585.2151
Marshall County,OK,40,95,83750.81043,88030.12065,91117.10576,94868.05456,98604.59,102489.8381,95573.00907,95337.61,93203.70184,95985.18177,87762.76442,90684.48252,96270.19916,98260.80525,100801.055,99051.03256,103080.1855,104802.5528,105187.7955,111115.497,126595.4736,144455.4611,165670.5656,183673.723,187111.3929
West Feliciana Parish,LA,22,125,,,,,,,,,,,212273.9628,208525.1117,205026.3037,213845.579,224728.5628,229638.1815,239123.6568,245746.9177,253674.626,252432.2516,257198.9579,275248.4968,298268.2778,320900.2478,334011.9332
Roseau County,MN,27,135,,,,,,,,,,,,,96576.65405,101907.4069,111082.1755,118016.3473,132761.4545,140776.7929,149872.6022,158797.0637,163871.4555,178936.77,198067.30,221248.0123,220107.9026
Tipton County,IN,18,159,,,,,,,,,,,,,97283.28585,95055.77712,97005.06,102885.1315,110751.0128,118485.6487,125032.5442,134985.9332,144597.9128,159058.0983,186732.634,197892.8525,210597.641
Kingfisher County,OK,40,73,79023.56628,83730.56622,87773.74558,90785.63806,94246.12885,98393.36,104374.6944,109350.3889,113914.4581,107923.214,110265.8872,108036.0645,107720.5769,118595.7921,123168.8174,132811.4668,143894.1343,146994.9083,150610.4616,159456.9734,173615.4683,186102.5461,196512.8415,205205.3822,209005.2086
Alleghany County,VA,51,5,,,,,,,,,,,,,,,,,,106329.894,106446.9052,105838.5137,114158.644,127331.9183,136930.6854,148314.9754,156253.6668
Page County,IA,19,145,,,,,,,,,,,,,,,,81088.67325,88642.82933,84217.26052,87369.68109,94022.12793,101180.0207,111447.4262,119698.1687,128980.0355,132872.0021
Macon County,MO,29,121,,,,,,,,,,,104274.6502,102819.7354,100242.6003,99111.88256,94008.48984,95300.02,102978.1798,103034.8665,106955.3508,111304.1114,114533.4733,128808.5419,149526.3318,163016.1134,167837.9336
Jackson Parish,LA,22,49,,,,,,,,,,,69161.46109,69531.863,73004.39,73515.21264,78037.27399,86486.20633,98593.62381,95264.66827,97622.60,98459.73607,99727.22455,108691.6022,110391.4502,108658.1507,99825.67034
Gulf County,FL,12,45,88863.91,88182.41886,106006.6659,121774.15,141855.1209,179317.1036,230963.185,241505.686,215531.3169,175214.0267,155037.5438,147560.5705,142170.7053,148739.1385,161786.6442,174787.8291,189205.5213,193941.3503,221718.5759,244949.7254,247102.6361,275081.8249,339826.0138,392017.3598,413203.6294
Pecos County,TX,48,371,,,,,,,,,,,,,,,,,,112302.6545,115727.0792,126550.9243,147993.3516,180528.0756,187383.5632,160059.3661,158054.86
Williamsburg City,VA,51,830,,,,,,,,307584.6344,305110.7191,290872.2606,274750.6893,270424.802,269183.878,279219.1813,286329.5545,300256.9155,312965.5124,312057.8211,316756.8793,319622.6965,319882.774,338993.58,377240.1687,404090.9738,421581.4977
Torrance County,NM,35,57,,,,,,,,,,,,,151961.7893,143660.2249,139167.1553,158571.84,173338.4364,152390.5805,155069.7878,166329.8314,176100.8565,192851.3792,207912.4773,213232.8947,195306.7245
Hamilton County,IA,19,79,,,,,,,,,,,,,,,,,,93809.82386,97937.50027,105153.1005,109513.8396,119967.0543,136248.8329,147371.7589,152268.2913
Cleburne County,AL,1,29,,,,95643.11419,98377.339,104672.0035,114933.6434,109662.6046,111913.8837,114210.519,109769.4771,110328.6909,103633.1587,101188.3727,106226.0307,108770.3676,119959.9579,130536.301,134324.9121,132544.8384,149053.8272,173746.0558,206340.0458,206661.7685,210225.9479
Missaukee County,MI,26,113,,,,,,,,,,118861.3402,110665.6321,107777.8223,107353.5128,116078.3109,116087.8926,125745.0904,130039.0248,135342.8887,147788.9898,167413.4027,165001.3916,183042.803,195340.8263,199507.4512,208743.1544
Arenac County,MI,26,11,,,,,119586.6471,120946.0852,124252.144,125026.0632,117917.767,110271.6031,99627.34321,99334.80215,97029.81,99626.29277,99883.40,97516.30781,102512.4592,103835.191,105455.5134,107211.9752,112787.1719,126867.0599,152173.9378,155819.154,154651.3393
Livingston County,MO,29,117,,,,,,,,,,,103697.5061,104632.4631,100265.8527,101792.5175,105220.7425,105388.4406,106489.8529,105166.6183,108038.8502,111397.3833,118235.4944,129680.2187,147599.0903,154961.9605,163447.9707
Fleming County,KY,21,69,79044.88023,80437.75788,82371.15882,85890.51468,88869.15246,93426.32752,87745.54354,89142.32417,88394.39,88496.15385,82885.35994,84073.94549,87529.1023,89312.79553,84347.86156,87593.10337,93746.92567,92085.59447,96806.1989,98331.54265,101158.3818,112515.7215,125382.1949,145204.7712,158086.9643
Jackson County,TX,48,239,,,,,,,,,,,108530.3664,106522.4881,106424.4149,112114.8256,116148.0291,124255.8898,138685.1438,141468.1714,145673.3339,154621.5086,167489.0442,188059.3461,219220.5248,202972.3806,196045.84
Mitchell County,NC,37,121,,,,,,,,,,,121493.4134,118402.2007,115078.2067,117579.6261,118070.8986,121102.6409,125919.6183,129300.901,133483.3233,138990.9945,145366.1514,164487.5177,192551.913,219336.8167,228221.5766
Sibley County,MN,27,143,,,,,,,,,,,,,109823.1989,132889.4542,153065.78,162421.7563,180871.4837,184521.6387,195009.99,204529.9707,212779.4491,229218.4283,254847.3207,261500.3996,260377.3388
Pike County,IL,17,149,,,,,,,,,,,,,,,,,,84062.63,86840.82696,83468.04272,84652.24944,95530.92325,90031.67086,92969.39873,96739.49287
Bledsoe County,TN,47,7,,58399.33247,60376.17877,60544.38119,63758.80483,68876.57426,75627.48165,81983.57966,85474.93116,87856.61403,83547.81863,81239.79,80234.38,82632.83629,88451.41,93286.20879,102126.627,109063.1157,118522.2402,125209.617,132118.0062,154127.7992,197037.9983,201361.383,209458.8423
Gogebic County,MI,26,53,,,,,,,,,,,,,67960.69998,75933.84959,75419.39789,75195.90838,75061.80968,69158.16636,67030.50944,71525.73013,73199.28941,88527.00341,104016.5666,107500.7442,110365.2877
Kossuth County,IA,19,109,,,,,,,,,,,84464.29647,85110.54,84988.20315,87882.02134,94221.47918,95364.07961,107241.8236,106735.4026,104851.0942,109281.8481,111641.9993,123430.529,133663.3996,142319.55,148273.8674
Karnes County,TX,48,255,,,,,,,,,,,,,99631.29,104233.2234,115293.9192,118222.5422,134460.7363,130135.5518,133812.0519,152184.285,171143.9548,177536.7622,192700.8524,161891.4426,141518.2356
Hale County,AL,1,65,,,,,,,,,,94438.63192,89089.33079,86186.16,87351.29369,94942.2253,99340.17,101873.1598,104257.4139,108668.8418,109354.8208,117825.1591,122609.977,132247.4535,154814.3514,150907.1233,154756.5485
Clay County,SD,46,27,,,,,,,,,,,,,,,,,,144066.12,151885.849,158890.6351,170084.3852,187228.6803,209479.8363,229362.5972,239600.4529
Gasconade County,MO,29,73,,,,,,,,,,,,,,,,,,119475.4897,125708.2843,127178.7004,135150.4091,148636.8681,178025.2304,195261.6403,198518.9861
Manassas Park City,VA,51,685,107481.0578,115385.0371,126655.7579,,169414.252,213574.2198,239460.8168,266400.4994,226726.7674,210638.1006,197005.7528,191368.4649,187633.5727,213471.8945,242329.1973,255139.2218,267331.974,276454.9277,289661.5871,301043.2197,319280.7256,351178.3111,386918.8004,405397.0372,428709.0328
Nelson County,VA,51,125,114329.3068,121995.2339,131615.5031,143159.4911,159218.9104,190557.7764,224981.9579,236688.471,232589.8506,216782.9941,203190.5681,196271.9144,191535.4822,200185.4244,202465.9573,202099.8229,199442.2502,208637.75,214122.2168,222346.5042,224620.6671,259380.35,294035.5318,328552.9429,346579.5834
Oglethorpe County,GA,13,221,85327.53432,92440.06414,96835.55745,102477.5118,108783.5725,,122744.859,128075.8478,129106.1065,125320.6531,115075.4055,107503.2328,100294.9343,108893.2291,115881.7465,120523.6411,132047.1138,139017.8659,150902.757,165957.3664,179240.4914,207134.2515,242738.5398,267853.114,288455.9041
LaSalle Parish,LA,22,59,,,,,,,,,,,,,,,,119186.0736,131378.8144,132471.0653,125811.7042,120723.3261,127318.5863,140502.815,139672.0005,136361.9024,135020.1853
Renville County,MN,27,129,,,,,,,,,,,,,79819.04911,85221.97016,94233.88567,95626.297,102134.9044,106561.6923,116627.9817,119087.9639,128247.4131,145268.8708,168310.4618,174390.9876,178025.7038
Larue County,KY,21,123,79376.66595,81737.61867,85341.05414,88606.54171,89495.62211,97088.33726,102230.8026,104644.4004,106250.1437,103834.2526,100940.1409,100544.4699,,88027.50208,92694.63751,96761.3826,103575.3334,109206.5164,115481.5302,122721.1654,133017.5634,151421.9448,171229.6764,184032.8034,192422.983
Jeff Davis County,GA,13,161,52335.86871,53483.39234,56303.27,59354.3284,60023.59419,65491.32108,68902.78518,71903.94748,72778.96013,69602.68639,65206.5884,61075.67,57050.21,62298.01083,67082.50682,66617.27152,71622.2828,72188.97873,78181.11356,78306.13,86248.94973,96516.50996,111890.8607,119868.1992,128228.3623
Nolan County,TX,48,353,,,,,,,,,,,83053.84897,81255.43471,81545.29,83996.49771,91603.12894,97262.76148,106374.4113,106507.2316,102907.0165,106375.0794,110629.3117,119494.1311,122971.8281,117298.2679,106781.4858
Clarke County,VA,51,43,116459.8942,125250.0162,138151.0995,151519.8645,170355.8915,206200.6057,246424.1086,259867.0736,255852.8377,241134.238,226303.3007,222293.0452,215341.6612,251722.904,284308.295,326559.6416,355655.1694,356947.557,355025.4274,356856.3591,363477.9861,419372.6883,459432.0864,484899.1031,503537.8194
Carbon County,WY,56,7,,,,,,,,,,,160285.7725,159379.4602,149902.6363,157077.0759,163167.2747,166149.3505,180390.5869,177674.3596,176065.3105,179340.0972,181221.0347,191337.1999,208796.4915,218670.0145,220721.0554
Clay County,AR,5,21,36777.26522,38491.22939,39886.10956,40881.30712,42469.62512,45229.18959,48279.72,50038.72574,50316.19,50966.42447,48722.48848,47438.78537,48928.26622,53734.17287,55683.33675,51509.28453,56147.78964,59239.9145,61850.31144,65905.04817,71181.46317,80687.03,93530.62472,95713.28342,97185.07896
Mills County,IA,19,129,,,,,,,,,,,122436.7324,122318.4981,122684.5974,133686.2522,141735.4305,148171.9854,167402.457,175503.8576,191561.7021,200461.9113,217226.7118,236861.7016,244934.5124,266564.8138,265377.296
Moultrie County,IL,17,139,,,,,,,,,,,91356.86205,88277.44,83933.19105,82337.80583,89600.79,93347.06846,96895.65261,96404.38113,96060.18884,100779.8009,102552.00,121985.8681,125985.9278,129378.2821,142036.2513
Wetzel County,WV,54,103,,,,,,,,,,,,,,,,,,81437.28041,84417.63153,89566.92388,92233.95,102394.9023,110116.5262,115753.4407,115739.2903
Pendleton County,KY,21,191,81040.09343,83402.00869,85527.20521,86661.29,91099.74881,94251.93,90798.99869,93811.47193,94744.187,91819.93,88925.10628,88135.90,83110.86264,84849.23707,92101.32988,92245.59975,101391.8489,105364.7285,111921.3482,120285.9652,131756.1306,154831.9555,172558.3902,187212.4253,193049.358
Harrison County,OH,39,67,66338.67,70850.84906,74948.25,78424.69141,83360.74565,88703.52649,74811.58695,74923.47424,74313.0877,73489.37858,70978.37323,72284.90595,72940.8233,75289.52593,77331.55957,82533.85952,87839.02144,92077.09124,97277.40,99514.86887,104835.2997,116222.5203,132194.4789,131874.6841,138154.3747
San Juan County,UT,49,37,,,,,,,,,,,,,,159625.1517,162730.7903,160673.8676,169577.2823,174569.4222,188261.2322,202933.0918,222082.3944,257294.5876,303883.85,310303.9465,328098.7805
Harrison County,IA,19,85,,,,,,,,,,,,123390.76,120463.4361,121517.7999,135680.3072,130865.7047,148596.1865,147625.2949,150372.9673,156122.3959,168179.2049,186957.2686,179940.0978,197158.8814,201592.9673
Dent County,MO,29,65,,,,,,,,,,,,,,,,,,96979.16765,99595.28436,103643.8103,108275.8071,122426.2437,150136.5003,166890.4639,171790.1081
Reeves County,TX,48,389,,,,,,,,,,,,,,,,,,138452.2037,140129.0273,167785.4355,185212.981,215812.4278,241141.6366,206505.2804,152962.6625
Las Animas County,CO,8,71,84655.35,95566.18994,102747.53,105471.1339,108670.8353,113831.7473,119831.4391,124005.561,124884.3334,125121.4664,120546.9611,117925.1978,116341.8416,115456.2534,111575.9555,107270.5045,113289.4721,119616.0844,130745.0258,149568.8538,159702.6365,183215.4804,227054.5385,248004.7719,251392.4877
Fulton County,PA,42,57,,,,,,,,,,,164723.9937,159763.091,155337.0805,136287.9661,137750.1567,136506.7917,147086.1267,135678.8991,144946.95,144092.2294,157245.1171,178742.4643,186869.9367,201794.1945,212385.5556
Knott County,KY,21,119,,,,,,,,,,,,,,,,,,58123.59739,60318.42778,61055.34,58946.76029,78435.21166,89593.80051,100377.1521,100650.8847
Smith County,MS,28,129,,,,,,,,,,,,,103136.5774,101108.5314,103707.1543,107886.284,113980.0233,115385.4071,115002.5989,120102.558,130142.0238,140093.1764,160142.1498,157550.6767,148031.3472
Jasper County,GA,13,159,72289.78393,75952.01824,81635.68104,87088.77875,90645.91898,97301.88132,101811.4687,106524.9998,107714.4604,103651.3906,96650.02234,93207.60917,86582.42467,91623.27658,102046.2156,110476.0591,120356.0439,134055.8066,148353.4121,163989.7034,177197.5143,209466.9376,253538.0147,273421.7598,293378.7311
Claiborne Parish,LA,22,27,,,,,,,,,,,119763.1932,120530.355,116865.2834,125138.5454,130978.9209,148613.3111,163246.9473,155025.1222,144903.2486,147359.6203,148885.2423,141818.8789,105272.3594,94363.19061,78911.06423
Butler County,IA,19,23,,,,,,,,,,,107473.23,109595.7914,113041.6579,109874.1513,115467.89,115135.2331,121681.73,121495.9633,122985.6121,127042.1928,136830.7109,145827.1506,166986.9772,179813.6944,181474.8288
Bourbon County,KS,20,11,,,,,,,,,,,66304.92501,65925.70,65665.68,64143.12057,61699.85375,61698.33882,61758.28787,61589.32003,62041.81565,64838.41164,71658.48277,84290.13303,99789.46274,108220.4399,111984.675
Jefferson County,FL,12,65,,,,,,164794.928,204634.3916,210706.8848,191026.5086,154333.8464,136981.0662,131470.0039,130638.1843,132717.339,136085.8911,134743.5235,144788.307,152133.0002,150291.2178,156515.4868,178779.4108,205451.1571,242318.538,270551.9166,286115.37
Saline County,NE,31,151,,,,,,,,,,,,,,,,93200.18987,97461.95208,102599.1986,112057.0362,121325.0998,132078.3369,147376.8328,166135.5428,187019.0503,196834.8189
Falls Church City,VA,51,610,344478.2851,373299.1091,410939.82,453150.53,509738.1707,615017.9856,727828.1442,761691.9625,749630.419,709618.6983,676396.1564,668601.8889,664283.60,715926.43,761876.0639,789427.796,813121.5941,815448.6414,841634.4537,855670.38,887158.8747,964049.6867,1031967.935,1062854.038,1110742.258
Cannon County,TN,47,15,,,,,,,,,,,107556.9922,105597.8705,102643.254,109899.664,114263.2837,119051.5052,137048.876,150927.8445,166693.8146,175159.1072,192504.0074,215006.1316,261801.6804,281714.1616,292470.8721
Choctaw County,OK,40,23,41523.99906,44516.19266,46186.14,47679.04969,49263.76056,52071.55164,54802.05564,57903.68693,57123.40754,53558.10374,54466.08204,53143.65425,49839.00312,54560.51,58374.69801,61371.23078,64900.68173,67632.31498,71567.80067,74828.13452,78154.79106,89530.0087,104247.433,121394.5714,117587.2025
Massac County,IL,17,127,,,,,,,,,,,,,,,,,80849.22861,84410.95538,87997.28963,82513.65132,86424.25783,92222.67515,94580.59676,95075.43639,95964.67722
Hardy County,WV,54,31,,,,,,,,,,124406.3329,122083.6788,116801.55,115126.6275,126114.6083,122953.6513,115871.5967,120377.0347,124256.0165,126154.8254,133473.8277,135764.4189,157181.9539,186503.4104,199670.6496,211219.1464
Dickenson County,VA,51,51,,,,,,,,,,,,,68661.33894,66028.58159,61366.27182,63676.5586,66641.72265,66192.41949,66854.95539,65523.20259,61422.36232,76641.07319,81233.86546,85179.73,88992.86534
Calhoun County,SC,45,17,76007.66,77095.4227,82794.47009,88404.32241,91179.82614,93229.97,114963.0681,123827.3534,129490.155,130120.1772,124007.574,125758.769,118694.6975,115319.849,115694.7592,118697.0527,129401.1539,139182.1964,139541.1724,149598.6625,158987.4294,174133.15,195168.0881,203327.55,212738.3079
Cedar County,MO,29,39,,,,,,,,,,,79783.65,80182.68722,85901.14435,95450.23055,99709.12717,103647.9479,106501.6357,108967.4247,109244.9774,115618.8608,122585.3072,134715.5661,162994.0638,183770.9993,192444.5842
Clay County,AL,1,27,,,,,,,,,,,,,,,83777.81,86943.19,89003.54455,96985.11196,101952.3912,102718.9328,110558.3059,121594.095,140986.5684,137512.3601,143208.212
Rusk County,WI,55,107,,,,,,,,,,,105052.0549,94361.18265,92504.18908,97646.66702,105382.754,105668.5756,111556.5929,117870.0185,119873.7511,125914.4335,131415.6689,149232.7172,176233.7303,190693.5787,193950.9966
Craig County,OK,40,35,59749.93296,61715.16224,63396.27355,65082.82841,67318.51604,69688.25128,73123.87026,77183.33958,79985.87629,78837.82641,74685.80,72098.86267,71537.14542,69122.02,75867.66007,78493.91477,83648.39638,84484.92234,87052.33444,90444.77,100662.3576,116526.3687,132315.6961,149176.6179,154819.1589
Swain County,NC,37,173,,,,,,,,,,,131772.1165,127784.4836,128523.8194,136792.315,141610.5939,145015.5352,158411.1872,168283.1818,175121.4236,184348.0201,191591.4301,220064.0175,250963.2287,279510.7472,305934.6144
Noble County,OH,39,121,,,,,,,,,,,,,,,,,,119775.0714,122922.3124,130609.72,133422.18,150281.2836,175212.6909,176967.2417,181902.3322
York County,NE,31,185,,,,,,,,,,,,,,,,,121851.1309,128374.9852,134201.4281,149270.9353,156330.8218,165021.3343,187769.4497,200298.7999,208470.5879
Estill County,KY,21,65,41814.76013,43716.6078,45616.9472,46670.04,48222.99073,50121.85129,52622.86539,54749.60263,56351.61878,55816.14894,54114.53809,53512.89415,52576.92733,55133.68,56638.81981,55325.33515,56875.50893,58551.58166,62258.62816,68171.30367,70210.88763,82957.36,89041.53501,95671.55364,91302.27346
O Brien County,IA,19,141,,,,,,,,,,,87947.64326,87124.8152,87518.21007,94920.80836,98910.81213,97038.86256,105093.1202,108600.7631,113318.2256,118108.7539,122046.5455,134779.6207,147348.1011,157573.5874,162926.8671
Roane County,WV,54,87,,,,,,,,,,,83420.5698,82545.2012,82162.04,89178.10038,88702.26273,90574.72774,97216.62233,97838.81224,93484.78626,98124.74531,100068.5717,114199.6094,125385.3375,124742.4522,121180.7272
Atoka County,OK,40,5,,,,,,,,,,,,,,,,,,98257.3463,103696.5953,108456.0677,115986.0292,137198.3585,159442.2577,174143.3285,186747.7805
Allamakee County,IA,19,5,,,,,,,,,,,115373.4164,116650.469,119474.2105,127598.9271,133730.7882,135457.5735,146609.1401,151558.3642,153126.5141,161161.9568,172882.2008,181603.0684,200889.8292,213448.0674,223586.9377
Trigg County,KY,21,221,,,,,,,,,,,59179.57816,59933.26565,60135.37,63561.1466,72663.39228,80659.22654,81895.5654,79067.04194,85470.40058,107122.4334,106444.6074,120614.7428,111156.3626,108557.3389,90092.4399
Pennington County,MN,27,113,,,,,,,,,,,138802.5237,133288.6842,133183.8049,153269.6349,162339.0676,173193.7449,178980.3648,190328.0029,184279.0032,181883.59,183514.1072,189852.788,199201.4772,206466.4563,196364.2803
Franklin County,ID,16,41,,,,,,,,250628.431,244759.2694,235670.1248,217819.9292,204267.7294,193800.9303,199766.6738,206645.0607,177210.8392,180394.7012,195955.728,222894.0495,243479.0802,269226.2021,323881.22,407313.7508,412727.7549,404399.0204
Screven County,GA,13,251,62159.40408,68365.83,71330.12759,73958.26533,77363.25581,,75050.51,79394.84724,81180.68109,79861.62,73916.91061,71959.94,67509.86931,71489.85676,77914.75348,77105.45312,84109.32459,84621.26,87578.16549,92919.07101,102218.2794,120013.8707,137069.8176,144033.9567,154869.46
Crockett County,TN,47,33,66304.83616,70171.6222,72403.49,74457.15997,78001.37466,82156.1178,88507.68779,94063.23475,96957.81097,95347.07242,91772.42518,89318.7827,88246.49712,89206.40453,89726.18037,92283.04784,95616.41266,96342.14,98906.87045,101008.2304,117879.3624,126924.378,155269.6069,158258.7885,166884.3466
Wadena County,MN,27,159,,,,,,,,,,,99948.31304,97694.78433,96634.6706,96246.77761,103118.2111,105853.77,116788.6016,121215.582,127547.2997,138985.1211,149142.5679,161375.81,191911.7568,193455.2528,199937.4175
Price County,WI,55,99,,,,,,,,,,,,,106630.2147,112603.6834,122611.9828,117225.2453,122590.4682,123973.2165,128912.6715,134615.5202,135736.9163,155367.4686,183595.47,196040.525,196303.5204
Walthall County,MS,28,147,,,,,,,,,,,,,,,,,,109689.5399,107128.0535,110229.4598,114043.6683,126304.4355,146444.451,138897.2227,139550.3838
Hamilton County,FL,12,47,51100.08064,55224.12066,63281.55369,69488.04021,78564.36,95631.04539,119592.763,123960.2658,111719.402,93441.67139,81283.6615,77029.16964,74800.69812,77240.98646,79585.73621,80454.90526,85696.77819,92196.2812,95341.12731,98669.19033,107630.8633,125551.6982,151552.212,180017.471,189288.8827
White County,IL,17,193,,,,,,,,,,,,,,,,,,84822.14055,87803.94963,81900.91752,89345.42797,94180.87977,95489.77006,94668.29246,87025.09099
Morgan County,OH,39,115,,,,,,,,,,,,,,73357.2631,77906.76994,80129.87675,88349.32,91839.15555,89057.67229,91407.81276,100084.6707,115084.2954,125371.1719,131538.3073,139350.5422
Ketchikan Gateway Borough,AK,2,130,,,,,,,249951.9403,264599.6616,267279.5878,266574.8329,262321.1742,261910.0883,260425.738,271965.6745,278373.6143,289356.5727,303354.4272,314430.2648,324814.5355,343703.8181,371592.1303,395084.6504,415828.6046,434718.1171,417671.2638
Zapata County,TX,48,505,,,,,,,,,,,93471.5669,92218.36,96578.50301,100177.922,102317.2081,108088.2293,110938.7504,112232.6468,116873.2803,115996.346,123862.4915,135556.0546,144606.1501,129585.0092,116774.49
Faribault County,MN,27,43,,,,,,,,,,,67215.85398,66927.38765,65838.36537,74958.5024,81312.04764,82130.51272,86205.90484,89372.55869,92084.67,93697.29424,97975.75,105181.8691,124495.4086,137679.0194,139890.2782
Lamar County,AL,1,75,,,,,,,,,,,,,71817.77521,75849.06238,74138.00735,75309.98747,76271.96584,81808.42041,83210.39371,83316.0817,95496.56339,105131.3371,128749.2801,127556.208,117511.8518
Winn Parish,LA,22,127,,,,,,,,,,,,,,,,,,,93805.13063,98859.63016,98111.16042,104053.8661,91454.92998,85740.41927,96369.83478
Murray County,OK,40,99,40473.963,43039.74353,45763.73249,47674.5621,49154.65835,52081.77879,55742.83416,58319.65419,61004.63707,65765.03407,68755.31688,68418.37571,68742.20954,69271.76435,74009.20,76883.79,80902.55,83304.955,85731.03367,90030.37352,97630.56,107092.1284,121279.9303,141897.5037,147272.1037
Newton County,IN,18,111,,,,,,96260.1685,98121.45029,99563.81,100072.9075,99230.84,95331.2676,94380.76425,95101.31559,105588.3718,100644.0949,105588.3272,110405.8212,119552.9466,124665.6467,132650.4945,139115.2988,159697.8842,177409.9887,191024.4244,206371.4268
Calhoun County,FL,12,13,,,,,,,,,,,91649.91374,87828.74838,86185.07891,88112.07199,88262.1532,87515.0133,89821.30304,97824.15,101709.93,108840.4291,111047.1823,134949.3721,151627.7812,169433.618,172652.4077
Washington County,IL,17,189,,,,,,,,,,,,,90368.02086,94879.52534,98963.81,101136.8279,105095.4168,106094.6443,108604.4355,107736.8255,121622.8138,129408.9084,142823.4348,143404.1331,148471.1964
Glacier County,MT,30,35,,,,,,,,,,,,,,,,,,109504.8831,103099.5794,104728.9884,104094.6865,110793.5904,138769.8204,163809.3413,175153.5717
Chowan County,NC,37,41,,,,,,,,,,,,,,,,,,135407.6869,132208.4702,142454.7902,145257.8886,167064.4803,188825.3572,216378.5535,224169.1503
Nantucket County,MA,25,19,655641.9852,749218.0589,850000.6672,947004.5806,1040384.901,1174628.538,1276217.25,1269028.33,1242057.202,1197194.727,1165375.899,1160079.547,1181951.512,1223120.578,1313560.319,1407749.012,1607001.655,1655956.936,1739367.61,1854496.277,1932004.525,2013037.783,2580936.083,2762153.605,2842488.464
Union County,KY,21,225,,,,,,,,,,,70133.23322,70959.27463,71304.08738,74064.12462,73913.41,72894.67956,75997.53539,73888.39933,81801.19068,84665.9066,88297.13969,99141.55802,113271.8039,123899.9109,124820.2483
Callahan County,TX,48,59,,,,,,,,,,,103082.9116,100466.4928,99168.51832,101844.2875,104167.1608,111195.4362,122985.4216,130818.8211,132889.7355,144455.3027,151297.5438,164179.6403,185400.8634,175691.4531,168182.2134
Morgan County,KY,21,175,,,,,,,,,,,,,,,,,52524.52936,53698.7258,59409.77156,61449.43447,63378.62836,77817.35113,85705.09589,99780.93456,99656.46007
McKenzie County,ND,38,53,,,,,,,,,,,,,,,,,,,,,281669.5716,299689.2201,311585.0923,322799.0157,306406.3654
Madison County,VA,51,113,137138.4516,145345.2331,158962.3639,172942.6338,193285.7777,231439.2399,226057.0228,241292.1352,239647.2462,225044.5984,210514.6741,205939.843,201921.7671,202234.1824,197600.2318,204749.5931,214220.5568,221649.4098,231073.0909,238546.0172,251222.0459,287183.535,325581.7016,344636.07,357236.19
Converse County,WY,56,9,,,,,,,,,,,174198.5636,170943.5127,170525.7561,186080.6268,193254.7582,201074.0195,213610.9931,210751.9003,206596.7419,207280.4287,224281.2963,243096.3315,270693.5346,284882.6678,292026.3572
Trinity County,TX,48,455,,,,,,,,,,,,,100389.956,98515.17329,99553.16046,104996.6225,111465.7434,116311.5341,116228.8938,130228.0787,135608.4365,151024.9028,184022.8624,182927.9595,176518.2332
Greene County,MS,28,41,,,,,,,,,,,,,,,,101845.3093,110594.4184,113336.6044,115226.7122,108913.8589,111451.9716,127086.0896,140092.6501,145842.7569,143042.1331
Izard County,AR,5,65,,,,,,,,,,,,,,,,,93317.67851,94697.55872,97980.30672,99375.2486,105569.0104,122703.4717,142587.0039,146591.1992,150239.3059
Breathitt County,KY,21,25,,,,,,,,,,,,,,,,,,51008.01584,52720.00959,56351.05143,56291.08541,68210.5603,70097.00042,74137.66,73409.84816
Ford County,IL,17,53,,,,,,,,,,,,91203.02233,90711.82334,90812.33016,88602.15307,94475.00379,100523.9123,105127.969,105803.0981,106451.3005,110980.5755,115039.5421,114065.7622,118694.7861,129161.0623
Madison County,TX,48,313,,,,,,,,,,,125467.9427,125509.8178,126608.1987,128851.5466,132572.6016,142996.5724,152263.6109,156282.6083,160974.0232,169324.7378,173951.0002,197071.9675,245651.797,264730.116,269973.6592
Stewart County,TN,47,161,74735.14,79526.76682,81770.71179,84048.89235,87380.65,92388.29997,100471.5496,107652.9782,111459.3406,110902.9403,111426.6724,111173.8265,111728.6336,112426.6177,115099.4325,119176.5307,123916.7229,132045.95,138163.524,144884.3722,157933.4286,177516.4515,211500.2183,216853.2865,231246.176
Comanche County,TX,48,93,,,,,,,,,,,92841.90513,92900.45969,92340.26402,92820.57,96399.02222,99280.03,102818.9908,108273.8004,116721.3673,120482.754,130534.5306,145845.1027,178402.3551,188175.6537,186615.8094
Bamberg County,SC,45,9,,,,,,,,,,,,,,,,,,74939.39,74022.57234,76409.12474,78112.90975,92656.11,100823.8169,99026.96547,104128.9623
Monroe County,OH,39,111,,,,,,,,,,,,,,,,,,116933.7424,122053.5979,127207.4259,127692.8062,144057.8175,148789.0193,140838.0933,147964.1154
Martinsville City,VA,51,690,54363.45206,57055.59597,60358.03,64109.93341,68962.43012,71551.73874,81761.45885,76307.39644,71843.22,72164.19462,65741.88827,61843.91003,61421.04,65397.94219,63408.25873,61740.70345,60978.26452,62457.7959,59853.00421,58525.43353,62007.43994,69607.75186,81859.04047,98163.20655,97852.3191
Grundy County,TN,47,61,51909.39323,55495.94793,57397.20931,61184.40076,63307.46185,66765.31,72129.89,79081.34772,82010.23641,82411.09372,79378.02521,79575.29241,79049.88583,81310.73382,82505.25808,84213.69342,94985.97866,100105.2613,101987.6618,109987.4204,120402.8599,138855.0133,171232.9881,167446.7495,182175.147
Calhoun County,MS,28,13,,,,,,,,,,,,,,,,,,81872.39,79494.40684,81802.45571,86473.46552,96554.84899,111758.903,111813.618,110145.2405
Hughes County,OK,40,63,,,,,,,,,,,,,,,,49195.23,52787.70477,56668.27365,56060.92743,57702.0098,64076.33742,72771.10,88300.81185,93363.90,94396.5504
Osage County,MO,29,151,,,,,,,,,,,,,119443.9718,121888.9277,127252.8475,124804.0024,133234.9943,140377.3214,148328.0308,159544.7124,166369.7826,189479.0981,205529.1414,232336.893,247742.6736
Fremont County,ID,16,43,,,,,,,,,,,164367.5258,152545.53,157182.9122,160662.97,165626.399,163962.8001,174931.2991,187677.609,201625.4286,225230.3416,250382.2694,312527.9719,417613.4674,429912.2113,409613.9044
Buffalo County,WI,55,11,,,,,,,,,,,125525.6136,117236.8363,111414.1543,115926.7065,121599.8954,124981.9889,132599.7184,138748.9735,150066.2767,154801.5346,159820.2411,174957.6347,196265.8308,211837.0203,219857.9566
Clay County,IL,17,25,,,,,,,,,,,,,57272.89025,60140.9728,63085.42523,70046.8847,72085.69,75010.27,73225.33478,72910.18327,79180.69,86404.10,90054.6724,87740.14945,91047.05792
Pend Oreille County,WA,53,51,,,,,,,,,,,,,149660.246,154181.9799,162501.0678,166708.1468,185325.5064,199270.0157,213928.686,226638.2777,256406.3768,298229.2894,370291.9043,372584.1813,375425.2314
Crenshaw County,AL,1,41,,,,,,,,,,,,,,82969.56463,83920.15058,85447.18788,86548.35,88760.1337,87208.47904,90879.87831,96851.94255,102698.7817,121445.8321,121809.7408,121451.889
Mono County,CA,6,51,,,,,,,,,537674.6607,417269.9291,392207.8218,400425.1495,421360.9017,394305.9126,425771.2033,454567.1974,496317.2726,516343.6021,572024.8357,611301.82,637738.552,689241.9697,835599.9239,861679.7719,854495.3276
Jackson County,KS,20,85,,,,,,,,,,,,,,,,,,102351.7146,106169.5219,114900.3607,125064.1232,162100.4946,184432.9618,209209.7605,218548.0333
Archuleta County,CO,8,7,,,,,,,,,,,246192.691,238890.8309,231226.7308,227734.9406,251936.9184,264698.2483,291495.0684,311880.35,332252.2187,359720.1572,382817.7077,429409.7643,538105.5983,586520.0867,585993.9165
Lewis County,KY,21,135,,,,,,,,,,,,,42689.42593,48220.58179,52347.75571,54427.06073,56543.87345,57782.79,62106.48237,63411.09061,63361.3566,76276.40034,83650.87269,93553.03523,88822.14352
Moffat County,CO,8,81,99937.77493,108104.6136,114380.8607,120862.8307,124996.1468,134369.4869,147130.6079,156405.7792,162782.9854,163806.4623,161018.7603,159253.339,159226.1741,159875.9834,161988.5092,157301.4926,159435.6146,162844.5994,169446.4188,176877.123,188679.0007,208383.0412,240008.7807,269085.8027,287737.5005
Johnson County,IL,17,87,,,,,,,,,,,,,,,,,,111604.9794,126249.9057,131834.532,126009.5964,133983.6757,144201.7612,149823.5984,164363.2965
Mason County,IL,17,125,,,,,,,,,,,,,71414.55698,82137.40784,88191.22,93055.76521,94598.13451,91945.45098,81515.3291,81559.20461,85715.1604,92864.11464,97034.85925,91359.685,86786.49
Amelia County,VA,51,7,,,,,,,,,,,,,127721.2423,132570.9049,142673.1982,155712.4015,156011.1396,169652.707,182028.7642,188594.198,198425.2345,228109.0259,244897.4803,281658.4353,291149.907
Kodiak Island Borough,AK,2,150,,,,,,,279804.4466,296134.5837,297806.7373,296438.8407,279438.9547,291559.8017,305151.7955,328409.7588,338924.338,339818.2255,324857.4371,320064.5019,329437.4415,353179.4233,385982.9705,403486.0563,438850.6261,451103.7045,408399.1723
Big Horn County,MT,30,3,,,,,,,,,,,,,,,,,,118036.5297,126973.3465,137529.4298,139317.58,164127.4296,199290.4803,212942.9299,228411.0346
Cass County,IA,19,29,,,,,,,,,,,,,,,,,96538.20216,93349.10964,94635.09177,100152.7441,106085.88,115049.4553,124629.5718,136245.0517,138724.0389
Lamb County,TX,48,279,,,,,,,,,,,,,,,,,,62796.85272,62281.71657,65356.44897,70755.01,81481.13,97392.80,91620.26317,87291.11
Bienville Parish,LA,22,13,,,,,,,,,,,,,63432.81001,67567.69813,74417.54664,78358.24573,88022.22604,74231.91677,74984.60,80074.91842,81662.86,97669.54977,90026.30571,95305.96982,85964.18
Shoshone County,ID,16,79,,,,,,,,,,,,,,,,121070.657,122938.7674,131266.4077,133898.8096,146044.0284,179273.6507,209651.707,289596.2015,288880.5605,279963.6456
Crawford County,MI,26,39,,,,,,,,,,,,,60449.11753,68256.29,76651.75822,76172.5279,86317.90638,89203.64,102136.2472,113390.9504,117355.7161,133846.0831,158877.491,166491.6063,169854.4351
Lincoln County,AR,5,79,,,,,,,,,,,,,,,,77019.83738,83730.91,89137.50976,90497.16567,95662.53619,95897.48056,105195.5556,120486.391,114266.5541,110477.5714
Cass County,IL,17,17,,,,,,,,,,,,,,,,,,58019.20603,66169.9019,62875.60435,67362.82346,73649.83583,73371.78324,77344.52657,86020.7952
Powell County,KY,21,197,,,,,,55950.62059,57308.88,58662.32587,58988.20614,58408.35821,56601.19839,56941.06,57562.21347,59015.32299,58296.96247,57148.04571,61815.99541,64220.55601,69182.13652,72577.31184,75845.61768,88547.05125,103403.4322,118471.2398,125516.7127
Jackson County,KY,21,109,,,,,,,,,,,,,52122.00956,56702.93999,59408.94034,61455.23103,64156.04968,75450.24603,80098.40124,80958.1461,88577.33,110662.2345,107915.3898,118179.379,102872.4382
Perquimans County,NC,37,143,,,,,,,,,,,309462.5842,278237.1109,267627.0141,265492.9682,215149.5471,196583.2362,178502.7457,160132.913,181242.9776,180860.4421,174916.6403,201789.4081,231361.8879,254031.0262,258150.5558
Webster County,KY,21,233,,,,,,,,,,,54280.37814,53419.48563,48995.00961,52046.33467,54742.49387,53169.79461,61382.32913,63835.46406,64039.32598,65147.8199,71819.65923,83619.66101,92398.35905,103780.8504,107969.2135
Wright County,IA,19,197,,,,,,,,,,,74114.18803,74090.23896,74983.65434,77731.91038,80192.1052,80161.78181,80886.97002,84621.94663,86116.236,100106.0149,106380.91,115048.1797,119019.5146,125995.65,124897.332
Mississippi County,MO,29,133,,,,,,,,,,,,,,,,,,67773.45394,67855.08388,73874.71,74900.91456,85597.7591,100347.7575,103106.9885,97315.34
Presque Isle County,MI,26,141,,,,,,,,,,,132790.229,140018.5375,147359.3623,152955.3021,145997.3847,140094.2983,146538.5399,145008.8382,158158.0642,165543.2386,156572.7801,166203.8363,175923.9153,188091.0887,190397.6103
Tallahatchie County,MS,28,135,,,,,,,,,,,,,,,,,,77160.54249,77559.86011,87767.29024,92810.29343,104880.453,127167.1102,111778.6644,90252.00269
Howard County,AR,5,61,54849.10486,58408.64903,59857.88207,61334.91945,63849.03,66851.48594,72118.42,74946.93971,76026.61071,74766.57457,72329.66791,70870.56411,70261.25209,72992.09216,77742.4673,78042.92748,84126.27542,88781.62096,95796.50636,103827.0631,108643.7975,122756.0246,141783.2642,137979.6341,134391.539
Wilbarger County,TX,48,487,,,,,,,,,,,70343.11969,69681.27875,70075.36738,67898.20,66076.05231,66645.82943,66661.41,65810.43,68477.90846,71364.019,76832.37781,87111.34288,89636.23,91416.82064,87394.0098
Millard County,UT,49,27,,,,,,,,,,,,,138210.0399,144764.4232,149178.804,154630.7826,158850.2147,164750.82,183274.5235,200976.5268,214554.8377,247091.2314,293167.8268,307577.4047,318039.4779
Telfair County,GA,13,271,46478.47181,50555.91572,54475.35614,59667.0517,62933.70584,65084.6575,66144.66406,68434.28452,69205.79281,67375.36,62051.43176,61646.93,57931.77506,60614.21888,67122.98218,65022.05565,64559.80226,67886.61511,64572.59765,68919.3662,76229.96349,87238.93672,107526.9221,102289.3032,108887.1408
Vinton County,OH,39,163,,,,,,,,,,,,,,,,,82575.64,85974.82,88305.96909,91403.87442,99336.9106,115939.6879,129229.1838,129542.0325,143237.1202
Choctaw County,AL,1,23,,,,,,,,,,,,,,,,,,,,,,,,109183.3362,108770.3144
Amite County,MS,28,5,,,,,,,,,,,,,,,,,,129681.7972,126472.0856,127081.4324,129586.966,145316.2514,160251.9251,150818.7387,145041.3706
Braxton County,WV,54,7,,,,,,,,,,,,,,,,,,84547.27792,82892.17317,86099.10387,85886.90,103094.3527,115431.3543,128248.1156,127893.37
Bath County,KY,21,11,56753.98774,60535.36624,63879.3408,67206.78,70948.75242,74612.10601,72288.18552,73542.41908,74582.93147,74154.44521,74678.44325,71994.72019,68220.96594,68477.92,71626.44695,72519.35003,80796.69226,82328.56371,87224.48,88501.10298,92637.09949,107104.4649,126027.644,139806.8192,144032.0395
Goshen County,WY,56,15,,,,,,,,,,,,,137093.6814,140545.7738,139581.0792,140317.225,151265.137,151245.8129,154333.9056,156093.259,164787.774,177654.7164,209504.8685,228151.4187,235463.31
Caldwell County,KY,21,33,51015.41129,51929.91099,53109.25496,54874.382,57156.08,59831.72054,56359.45495,58197.64714,59497.00768,61164.37118,60453.06225,60273.43087,60993.69519,65006.50733,66149.61232,67662.76427,69058.984,74901.05068,83649.23474,87415.08527,88038.76026,97773.14446,108898.522,117712.2548,123887.2675
Meigs County,TN,47,121,68861.40971,70227.0136,74172.57388,77623.10062,82215.57673,88725.1015,96811.682,105009.235,109018.1803,109990.0418,106976.7438,109957.1563,106713.2741,113675.8559,118511.4295,128141.3042,138846.1538,153042.4507,159610.4787,165286.77,177568.2706,201473.9736,242223.5954,259956.6096,264243.3486
Madison County,MO,29,123,,,,,,,,,,,,,,,,,,95261.35307,100642.561,98265.00,107417.2563,123694.2632,142560.618,150852.68,158711.2186
Yalobusha County,MS,28,161,,,,,,,,,,,,,,,,,,114976.3137,113678.9569,114964.7574,119717.149,128922.35,152138.2778,143066.117,132231.5791
Bleckley County,GA,13,23,69091.54912,73493.11022,76354.08974,79785.49731,82872.15,88384.00796,93206.83336,97857.44832,99111.99955,95282.47744,89086.34893,84180.95387,79715.38,84017.4842,84553.83239,83947.63,86453.18,89776.81359,91487.76047,97247.68677,103249.0258,116375.0361,135650.0268,154001.6384,160691.544
Allen County,KS,20,1,,,,,,,,,,,63010.03525,62471.65792,61998.50,61640.60522,60793.84789,60118.30546,59789.00459,55708.75741,55364.86756,58249.60,60270.55923,70878.91,86730.0439,91993.67458,95305.29117
Newton County,TX,48,351,,,,,,,,,,,,,,91797.21506,92088.73631,94935.00978,99327.24,101217.4781,108304.2359,117227.2005,132312.3254,133850.821,152278.8497,151226.9,153433.0281
Chippewa County,MN,27,23,,,,,,,,,,,107629.4565,105371.8639,106595.326,114370.368,114033.9482,115549.1016,121487.5623,122635.1498,128555.8187,129893.015,141967.7438,156538.4528,187697.4315,197555.5689,204579.4157
Camp County,TX,48,63,,,,,,,,,,,,,,,,,,123759.5708,129618.2102,136661.5487,141095.0531,158965.1323,196338.67,201834.2161,201066.2522
Pulaski County,IN,18,131,,,,,,,,,,,84109.2016,82199.39075,82561.03559,84136.92021,85831.15785,87582.05219,88982.20925,93308.72788,98209.71453,104248.9816,110406.88,123814.9763,144947.7505,156100.1997,169021.1039
Monroe County,WV,54,63,38410.8537,42480.42612,49132.71429,51163.94632,54706.07155,59468.7387,63770.45312,66627.58357,68670.37464,66074.89,65773.47007,78326.23657,90840.70981,89184.28784,93155.91834,94474.89,98854.40177,106632.9481,105790.078,107062.3249,107723.9296,125391.3737,139414.9193,147900.2643,147629.1556
Lewis County,TN,47,101,68541.31663,70967.88859,72539.92735,73460.79,75297.33,78166.8634,85047.66656,90687.56524,86680.34,85634.25016,82129.88687,80714.73347,80465.39764,80395.67325,82598.06825,88163.56421,94343.02574,103212.0561,109607.3873,121406.9868,138858.5786,161510.7796,201245.4115,212683.9874,223055.2639
Sumter County,AL,1,119,,,,,,,,,,,,,,,,,,60018.66773,61548.13579,64282.39,67030.68,80105.59173,91731.21983,89309.07728,95039.79203
Charlton County,GA,13,49,58232.74178,61578.96289,61959.02393,65628.06889,70683.48856,79755.26317,80913.32889,86277.36537,90031.33886,89896.08544,83582.57349,76546.75777,71415.51605,72075.5708,74565.12181,74319.59957,82146.12303,86100.2793,91078.45971,95530.03276,105849.7213,127232.3878,152762.6335,165189.923,177429.2638
Butler County,KY,21,31,,,,,,,,,,,,,,,,,,102061.3464,107241.744,115101.6316,129295.9108,145839.4213,155336.4233,162887.9075,167623.2063
Colfax County,NM,35,7,,,,,,,,,,,206438.8596,197856.3366,192378.2572,191604.7637,188222.2729,176791.7748,177676.1414,165435.4501,169216.4324,178586.6887,191257.7418,211616.0794,240883.7152,245428.4484,242033.7661
Poquoson City,VA,51,735,161062.036,172508.1337,184395.7933,197666.4387,218177.3861,259259.4553,302978.8185,318548.6993,314330.1818,297872.1888,282888.4023,278077.3711,275485.4901,277202.9341,288840.0819,292486.6662,294736.06,299257.5375,309582.0351,317488.3978,327760.9066,355294.1341,386344.1785,410228.4046,427254.7254
Dawson County,TX,48,115,,,,,,,,,,,,,69228.7154,67780.44578,69408.64163,71852.86761,79644.72011,80747.80533,80815.88505,80710.60,89382.08281,103303.5727,103864.4446,94651.63622,82534.30741
Stone County,AR,5,137,,,,,,,,,,,,,,,,,118283.2074,118180.7589,119607.6994,124339.8944,123361.7095,139581.2315,169477.3199,172881.9821,172336.691
Menard County,IL,17,129,,,,,,,,,,,,,,,,,150049.6335,149496.976,148036.0818,146192.5118,159159.6235,168684.7776,176693.5345,173859.4596,180933.8742
Grundy County,IA,19,75,,,,,,,,,,,99155.30042,102003.5541,102935.1704,117281.079,122441.9839,126199.8614,130065.308,128407.5048,135795.9264,144365.515,152455.6698,161053.0799,175906.0727,190614.5496,201757.2793
Macon County,GA,13,193,46807.38989,48106.73144,48935.37325,50060.98587,51031.1618,56207.67781,58281.52354,61441.06986,61572.87796,59467.71381,53332.29963,51041.62823,47362.60035,47144.84318,46614.90981,48057.53635,49308.50507,51615.67807,53781.91826,53647.43612,58096.33679,70173.27541,80079.76882,76528.90,89123.21965
Appanoose County,IA,19,7,,,,,,,,,,,50136.44712,49964.55508,49621.91486,52405.47823,52737.67159,54987.14224,63234.88129,65470.21176,72369.83492,87417.61822,91298.52694,108497.7106,100542.6516,100816.8637,97663.63367
Towns County,GA,13,281,,,,,,,,,,195580.9113,182325.4612,172638.2973,161687.382,165846.22,175933.9078,183641.1649,189142.76,198022.7132,204174.2067,217646.0701,237128.5043,269591.7867,337526.3633,356074.4072,374406.0128
Sanders County,MT,30,89,,,,,,,,,,,164713.545,161356.7528,160229.6306,164676.0049,171545.4795,175090.9384,190761.6905,202208.912,215986.5515,224748.8385,240976.0127,285990.2668,390822.6616,433354.883,433322.3427
Pamlico County,NC,37,137,,,,,,,,,,,,,,,,149117.1799,148089.5174,152469.9587,162313.9003,166623.6543,177465.4331,204768.17,232142.3173,254047.4349,268770.8452
Lake County,MI,26,85,,,,,,,,,,,,139533.7194,131004.8408,127573.3369,138512.5356,126282.4286,132395.7581,136156.1148,138570.8097,123930.3598,113523.1048,125319.6027,131569.9634,136430.7338,139768.2794
Franklin County,FL,12,37,117230.4216,126982.8547,141726.1672,161204.219,186310.7376,235918.9881,303913.722,318341.289,286175.4726,234895.3736,206415.1268,198455.9595,191373.7855,198465.9825,212339.6272,219394.4211,234279.849,241973.9767,259606.1197,288030.1599,304682.0527,344347.425,426823.7945,452003.9146,469646.3554
Northampton County,VA,51,131,,,,,107002.8751,130007.9573,160892.3727,167904.4084,169052.2077,162470.1729,155270.9785,151610.2887,145477.2892,146807.5989,141897.3848,144119.4558,149735.2117,143549.4608,150789.9069,150022.7226,155419.7255,187222.326,217681.5906,240549.3571,251571.07
Pike County,IN,18,125,,,,,,,,,,,,,78835.16158,82594.74,82974.53779,84019.75059,89147.00584,91200.92198,97008.52453,104375.4979,110150.8617,128100.5507,141735.2324,152897.9568,161620.5702
Todd County,KY,21,219,63477.1754,65216.25569,66869.28181,69682.30321,72009.77265,76198.53314,78552.55758,80896.64122,82899.52588,82976.14504,80277.9561,80151.6609,79370.36266,81862.98,84893.85,84825.09723,86997.0099,90411.03006,95142.62224,99964.52904,108742.7663,126378.4674,149725.4236,164835.4847,176374.6061
Union County,IA,19,175,,,,,,,,,,,,,71734.33467,73421.67399,82121.29862,82408.94442,91825.98996,92674.94925,93777.86411,100675.2158,108661.1817,119328.4383,129637.9748,135120.755,135574.4063
Greene County,IL,17,61,,,,,,,,,,,,,73629.14285,72525.17592,72237.77074,74626.00905,75715.16127,79317.10,85430.25656,90154.92931,85347.80498,89822.01961,85308.32,85580.86,88614.86449
Glades County,FL,12,43,60598.61294,65270.71994,70605.49328,77831.73477,86175.5409,106225.3511,134195.244,140971.9415,127538.4428,104687.103,92199.64472,87876.52635,83931.12357,85761.75243,94383.66852,99122.14117,107293.8219,116460.7208,124203.8965,137015.1712,146080.9071,166352.0961,202655.423,240534.4586,261796.8918
Edmonson County,KY,21,61,65274.12198,69111.68729,72552.72,74597.57457,77705.45,82343.88473,86277.65075,88588.85412,90135.97953,88526.66612,86966.17121,,81993.8644,83558.29742,81299.67,81633.27526,84837.89287,86666.38465,96847.35034,101419.198,101043.6108,120860.3081,136178.2854,152547.9365,156187.062
Morgan County,UT,49,29,,,,,,,,,,,,,238500.1759,260365.6479,281932.6505,292615.4781,318028.7408,351539.143,381140.4979,412245.7904,442107.3416,512574.8693,624462.8442,642813.2598,662775.7221
Crawford County,GA,13,79,,,,,,,,,,,,,,,,,,90773.45,98565.09497,107835.6777,114952.6379,130717.2067,145247.1583,165654.2397,173838.0863
Blackford County,IN,18,9,,,,,,,,,,,64313.18345,64008.80626,63132.09031,64786.28699,63559.67607,67333.22955,69260.6012,73087.22024,74405.40211,75935.0684,80447.81825,89077.34811,105955.2016,114887.1516,121359.5666
Koochiching County,MN,27,71,,,,,,,,,,,83913.59,84647.00774,84965.05187,95278.19565,95377.16794,92803.48957,96805.3215,97127.45031,98220.61586,104085.5939,108612.4981,119195.5136,131640.5167,143080.6278,142116.2109
Summers County,WV,54,89,,,,,,,,,,,64906.97,64505.62766,65650.61814,75111.66488,73227.63061,78431.17,85711.59256,85298.92,85068.80093,90234.79462,90504.01823,108276.6289,119314.5634,128505.0188,129144.3719
Little River County,AR,5,81,,,,,,,,,,,,,,,,,,88616.9844,90921.07733,98497.61198,97732.79492,110471.8853,125475.7274,121328.7878,136439.8089
Fulton County,AR,5,49,,,,,,,,,,,,,,,,,,101450.2793,104070.5856,110498.4913,120989.3737,139117.8395,165559.9188,158385.2148,163755.9289
Jefferson County,MT,30,43,,,,,,,,,,,,193154.8801,192743.9416,204434.3333,212822.7035,224944.1438,238671.6519,246322.2579,270169.0034,287521.1501,302513.4837,342555.8482,437167.6448,477521.50,507414.4652
Lawrence County,MS,28,77,,,,,,,,,,,,,95225.7802,93703.22283,93138.73,99342.18932,102997.2097,105366.8365,106308.774,102999.9879,106314.7127,113917.0437,130792.8687,126906.514,115579.6494
Chickasaw County,IA,19,37,,,,,,,,,,,111909.6347,113383.2804,113100.1689,111510.5172,110193.1475,109374.4407,121754.4204,124546.3216,124365.5996,130010.1107,141619.3047,153021.8573,168664.9056,186857.0373,189812.1627
Rains County,TX,48,379,,,,,,,,,,,,,137655.1801,132927.2656,140938.3252,145230.5429,151033.5846,162401.232,168193.5168,185766.6104,199179.1026,219610.5104,273677.5911,276421.6976,277687.6468
Morris County,TX,48,343,,,,,,,,,,,81684.01714,80762.29592,79681.45243,80350.69606,82289.65,82582.24349,89915.58082,93294.12297,97669.24797,101453.6579,108253.8611,124771.2631,149288.1383,145436.7389,140993.2375
Lunenburg County,VA,51,111,,,,,,,,,,,,,73235.26139,71326.98,71671.98079,75876.13262,81835.05057,85756.67,88815.51774,87942.38789,91418.6098,103025.2719,114361.1065,121342.4206,118485.6527
Skamania County,WA,53,59,155767.313,165294.0294,169974.7028,173957.5001,183789.3953,210689.152,251136.6317,283396.595,288615.0462,268999.2487,245875.0812,226784.1168,211342.1935,217556.509,234746.3405,241980.86,266954.7178,294838.6342,324200.9653,348842.6652,367385.2556,438186.6086,489349.5145,515261.6876,530290.7905
Custer County,MT,30,17,,,,,,,,,,,,,,,,,149637.6637,151267.5529,161420.8566,169556.4191,174834.2684,197617.2254,244686.5193,258771.5267,269204.9111
Boundary County,ID,16,21,,,,,,,,,,,185134.0487,165779.003,159498.5784,163745.9837,177048.5992,178842.2061,197808.7862,217612.7607,236136.6286,256336.4491,279235.4666,342190.4332,480538.1258,472910.5022,459754.59
Prowers County,CO,8,99,56618.24704,60261.98375,63064.35862,63956.21977,65308.94021,67883.84,70333.85164,71286.18897,71665.17488,69949.37626,67383.09719,66445.55655,65172.5855,67670.1171,69593.00875,72348.89,76276.77887,79112.31,83198.29893,95999.84691,105196.8785,122659.9878,142169.283,156219.3749,161533.7818
Northumberland County,VA,51,133,,,,,,,,,,,,,222249.2211,227091.6091,240657.5054,231197.064,243146.0454,244535.0136,245986.4617,259971.1943,269765.9725,298088.1878,344786.6577,352962.4234,359519.1652
Morrow County,OR,41,49,,,,,,,,,,,127662.491,122963.9099,120543.6579,122399.3361,125115.3207,132557.374,140233.6441,147803.0475,159945.6882,174282.2745,187389.251,220522.1788,268310.2442,276154.7005,288922.4783
Linn County,MO,29,115,,,,,,,,,,,,,62301.21803,63219.77645,64994.49975,65086.27017,70210.10357,70526.70046,71639.08324,76729.28576,78540.12,92900.68173,104838.8236,117900.6015,123027.729
Washington County,KY,21,229,,,,,,,,,,,95217.06047,94253.18,90000.21,91125.73,93308.74683,95029.51529,99457.54401,105953.9414,111844.9902,124506.0913,128761.9366,152629.6195,177086.8504,194211.4196,200342.4556
Lyon County,IA,19,119,,,,,,,,,,,102427.9447,104245.7569,104976.8917,111688.0052,119079.0657,119482.9959,134344.1836,133135.1793,139128.8593,158092.6647,167837.1871,182829.2284,199208.0986,216796.8007,223165.5029
Terry County,TX,48,445,,,,,,,,,,,,,94391.4362,95476.42671,102185.3788,108690.8088,116075.8334,123018.3959,103692.6241,115276.9808,124055.2619,133597.6672,128600.5792,121747.445,103117.7067
Marion County,KS,20,115,,,,,,,,,,,,,64461.58722,67470.18774,67650.51472,68205.90,72109.97952,70378.12423,72439.91617,75672.34087,82978.53651,96656.03021,112046.4905,120767.2906,126005.5087
Magoffin County,KY,21,153,,,,,,,,,,,,,,,,,61009.80,72775.29745,73670.0144,74794.04,76835.49703,90285.22892,100774.485,112258.3044,117953.0514
Owyhee County,ID,16,73,,,,,,,,,,,,,,,125539.1359,133601.241,149622.3287,165594.8288,187378.0728,218048.5531,245810.5132,316123.6898,409922.276,408643.5784,401696.8046
Douglas County,MO,29,67,,,,,,,,,,,,,97808.22,99321.31841,95837.97503,99301.26056,101179.8938,104522.0135,114177.5861,119231.9429,129358.6385,149822.97,181930.6256,212204.3473,221199.092
Marshall County,IL,17,123,,,,,,,,,,,,,81231.58236,76100.42,78302.02093,79534.56,82164.60027,80586.25178,79512.34686,78563.97106,80522.59,86744.93344,94848.36179,104538.3244,111219.8622
Conecuh County,AL,1,35,,,,,,,,,,,,,,,,,,93401.10288,94790.15521,88681.44551,93250.50,97742.92741,113974.0802,118069.1737,115343.6717
Shelby County,IA,19,165,,,,,,,,,,,95341.17553,95756.86633,94666.09925,99125.25935,103583.4653,108316.577,124490.0633,125657.1673,124644.9812,130410.7399,137625.5264,150549.63,168725.5511,182608.0921,188635.1231
Barton County,MO,29,11,,,,,,,,,,,,,,,,,,114622.3746,114438.2713,115308.814,125550.2235,135920.1275,148214.5134,156140.7526,159650.8714
Haskell County,OK,40,61,41852.96675,44042.31897,46513.55809,48128.28727,50046.69321,52646.75108,54764.43889,56149.22165,57606.50451,64075.73436,60609.20686,60257.63908,57017.49337,62266.34125,66072.97388,71545.25483,71853.71579,74862.69594,78641.88764,83060.33108,89292.46064,103940.0195,127785.7209,139767.7126,144246.8608
Red River County,TX,48,387,,,,,,,,,,,,,78615.07,78335.19265,80746.89564,84570.08028,90057.29118,87606.86454,93250.48,95995.83474,102447.8437,116170.88,136893.7755,136078.8258,126589.5758
Big Horn County,WY,56,3,,,,,,,,,,,139461.1761,140228.4784,148388.3471,150767.9982,149457.5598,150727.28,160436.0774,160260.1356,165870.8965,166361.6156,175649.8272,197354.396,232519.9543,259343.0892,269809.7335
Juab County,UT,49,23,,,,,,,,,,,,,141807.4564,155581.7711,171246.8919,175077.255,193547.8269,216159.0471,243638.4461,276544.3334,288731.4058,331208.468,402620.9408,418324.5073,415399.06
DeKalb County,MO,29,63,,,,,,,,,,,,120082.8644,117965.9481,122045.942,123321.9206,123933.6338,131680.7711,143665.0611,147105.4393,156236.494,161339.5548,178870.3665,212887.9543,217391.3645,207035.6789
Ramsey County,ND,38,71,,,,,,,,,,,107533.025,111704.7247,121635.4137,135235.8597,145431.0224,153911.985,168913.2773,173257.4211,178607.1003,180942.9837,184002.6951,192963.1525,208434.47,214618.179,203330.882
Jackson County,TN,47,87,47237.61104,51970.29968,54647.25,55841.78379,59333.41955,64777.72409,72074.71391,78511.00603,82307.66,81412.09332,79133.04795,79871.63481,80112.63855,79839.19,88658.78,91162.63902,99472.90,107307.872,117171.7805,125976.5557,139637.067,158107.1742,192379.4559,200159.4284,211906.2135
Perry County,MS,28,111,,,,,,,,,,,,,,,,,,108394.3977,108659.302,111135.3435,117326.034,125587.3044,142201.1496,135675.0279,132146.9334
Cherokee County,IA,19,35,,,,,,,,,,,75093.92174,76312.67393,76840.17,80329.5911,88593.26501,87936.54571,94477.93127,103664.8405,105091.3554,113028.6531,116408.0587,125127.1194,139041.9236,148195.4848,149067.6666
Charlotte County,VA,51,37,,,,,,,,,,,,,89355.76582,100240.7109,96945.90041,95483.38111,103644.5266,102641.8223,108099.3971,124717.5686,121460.004,141084.9414,157724.0876,153921.1945,159077.3204
Iron County,MI,26,71,,,,,,,,,,,66755.5969,69767.78018,72756.56222,77941.46448,77561.30,78375.44,85108.66244,81756.25768,81282.66,83142.05051,83762.06492,96939.65274,106580.5961,109853.4074,110202.4873
Dooly County,GA,13,93,52237.28735,57361.80741,59237.09042,63367.92427,65467.64408,69765.69825,74931.13128,79528.92367,80876.45117,79650.81,73438.10795,68510.71542,64897.00392,65864.04,69351.42847,70571.68857,77593.08301,76779.39,76296.18,78373.45397,80877.38659,93556.20054,109683.0541,111025.5435,120756.3978
Desha County,AR,5,41,50085.1943,51173.54,52416.00872,54909.56948,57993.77374,61459.17,62725.62421,64255.33757,64626.40123,62769.26102,58026.14,56596.41965,56229.70747,57332.30891,60562.15282,63850.88564,68350.24,67445.76022,67191.68696,69081.40,72712.05415,79989.22612,87039.64691,84446.98623,83168.50089
Sierra County,NM,35,51,,,,,,,,,,,,146397.2958,141850.12,130172.5577,125294.3834,118833.153,113824.053,111687.2156,108013.0585,109307.1417,115936.458,135561.81,150784.7377,158434.582,157950.0381
Teton County,ID,16,81,,,,,,,,,,,,250286.687,244543.4141,266231.7338,286326.3479,310865.663,349553.8213,401504.5403,436717.2875,467313.5215,457333.1294,563098.6104,745953.5173,794316.9528,820090.376
Cottonwood County,MN,27,33,,,,,,,,,,,,,,72039.13041,80416.00953,83585.85396,88649.44,93773.31731,98626.43251,102338.7412,110994.5979,120258.42,138250.4191,154454.8252,159675.9167
Rio Grande County,CO,8,105,106458.2668,115059.3142,119285.7932,122796.4649,124163.0058,129945.7301,136813.3549,138134.8481,136722.978,135149.6253,131042.757,129862.182,122045.0593,130259.9714,135663.5302,138506.0096,140330.5806,147956.1921,156400.4263,177449.9292,187007.37,207411.5305,246816.8953,268243.9663,285504.5589
Valley County,ID,16,85,,,,,,,,,,,234916.3904,204457.408,190302.9961,189036.1714,215371.4632,239729.8835,265141.6705,283479.2877,305725.2909,338474.7244,375499.8987,476074.6731,668308.4198,685733.1619,670929.941
Greensville County,VA,51,81,,,,,,,,,,,,,86962.40904,89001.27666,88857.21143,86504.99862,84447.71941,86151.93916,89942.37651,92621.4061,97317.53887,115614.7534,128567.3299,138472.381,149342.0801
Fergus County,MT,30,27,,,,,,,,,,,,,,,,,,152433.1796,157927.8604,164040.8147,169779.0515,193026.7797,245028.1386,257487.9663,267226.0471
Trousdale County,TN,47,169,78508.91,83655.27,86594.42654,89446.78815,93755.47966,99595.95579,106793.5805,112777.1863,113822.9219,112991.5742,108819.1306,106275.1233,104663.8552,106925.8303,116165.4785,125029.79,136660.6094,151740.3018,167617.3792,189183.8932,206549.5504,233092.1686,288086.5557,297322.7499,320211.5656
Decatur County,TN,47,39,52392.36581,56200.03884,57123.28987,58661.70977,60641.05663,64494.38365,70963.51828,76443.32,78354.65431,80025.52445,77597.37517,76758.74305,75724.9731,77100.69689,78368.73,80695.59785,85535.04781,90474.99606,91754.73,96079.2945,109462.7084,121961.1745,144126.5954,145075.3891,150480.7371
Okfuskee County,OK,40,107,42339.78595,44200.4071,45903.38541,47786.26512,49182.02317,51613.42584,56009.96484,58374.7888,59912.18332,61054.55476,59513.433,60809.40413,60705.58402,62893.49268,62631.34374,65594.78651,68217.43834,68867.41872,66527.56969,66722.49935,72131.5061,86201.57369,99049.98215,111670.2962,116629.297
Heard County,GA,13,149,58354.71046,64276.42,68111.2336,72984.17443,76519.40316,,78624.10482,83652.33,84973.1905,80481.56618,73955.61857,74155.30356,68710.44202,76554.64,87708.25,96824.91552,105706.8325,110730.3368,123917.4352,132605.9692,144580.3276,168617.1826,194418.842,212070.4712,231761.5822
Wabash County,IL,17,185,,,,,,,,,,,,,,,,,,95822.10594,88401.40637,90550.53972,106175.556,103708.7093,117823.1664,124028.1668,103329.5259
Martin County,KY,21,159,,,,,,,,,,,,,,,,,,68439.03559,70859.61463,71394.86286,69446.23563,83147.94,95329.9954,108437.5126,97052.06
Montgomery County,MO,29,139,,,,,,,,,,,,,,,,,,124810.5951,131093.3373,141020.2682,144821.2232,170572.4173,184786.4429,191288.2777,181155.2
Live Oak County,TX,48,297,,,,,,,,,,,128176.2093,127740.1161,126354.3003,130082.4343,147964.0911,168278.3292,160965.6086,145188.6352,142845.2545,147724.5266,154756.2039,164703.4775,179715.6619,174252.438,170206.6585
Ward County,TX,48,475,,,,,,,,,,,93659.39902,94349.30875,93786.2369,100183.5133,126469.9809,141296.3538,153459.2158,142434.1367,149233.8886,170445.6435,187548.4731,199018.6486,218333.042,178037.1354,164363.4637
Richland County,MT,30,83,,,,,,,,,,,,,,,,,,255070.0029,259322.7417,260738.2474,259784.5929,289017.7742,368847.4625,328863.2851,304043.2496
Jefferson Davis County,MS,28,65,,,,,,,,,,,,,77508.20,74264.68821,78028.24532,85493.14065,88915.71234,93093.11165,93352.07947,89467.14,92201.13659,101664.6426,119508.3464,100434.2671,89413.1985
Lake County,SD,46,79,,,,,,,,,,,,,,,,,,151905.5336,157868.8877,169438.5283,170574.7636,197417.0245,229983.8352,268709.517,276307.2935
Blanco County,TX,48,31,,,,,,,,,,,212749.2628,210646.9684,208753.6515,213043.625,223487.9254,243852.0114,272729.6927,281514.0339,307756.6748,329691.3573,356388.1332,411058.2634,525114.1112,561455.0196,571940.178
Wayne County,MO,29,223,,,,,,,,,,,,,,,,,,86430.42427,90911.33376,95349.19931,95762.67259,112152.0469,126161.9838,120431.6315,115059.7273
McIntosh County,GA,13,191,72708.1094,77491.33475,81176.54239,87087.98966,93945.89786,103749.2212,121358.8101,132770.5214,136903.7862,131844.2269,119237.4281,110587.7019,103525.5818,107936.4886,113212.8161,115027.0651,117932.7084,117010.9961,127045.7687,139427.8849,146056.85,163387.5492,190636.1505,206215.4645,232628.8438
Monroe County,KY,21,171,,,,,,,,,,,56758.13773,56001.66596,51101.97324,51343.40956,52446.58232,53158.77562,56045.68468,58597.24847,62044.62832,67180.80,68359.64,82088.16,99854.87,110312.4609,113350.5749
Watonwan County,MN,27,165,,,,,,,,,,,,,57633.03315,61772.10417,66040.14207,72217.68889,79572.56862,82450.39592,87062.11128,95703.2164,86892.98114,98735.32351,127286.8822,145495.3135,157053.1747
Pope County,MN,27,121,,,,,,,,,,,,,140497.9031,153121.4967,164587.1806,172418.9719,184561.0379,193014.0774,203037.9589,209432.6253,218011.6645,244429.9575,279711.6619,292192.4662,294774.1735
Washington County,NC,37,187,53571.38257,55115.25113,56717.273,61764.25631,64955.51631,69441.08572,73750.29521,79231.68491,81715.84529,81005.19769,76235.14683,75696.86273,72064.49795,69925.58413,67028.87655,71302.33486,73700.83111,74340.26592,78330.15438,80419.01401,81504.34633,92844.50,106435.7897,110196.7484,108895.81
Bacon County,GA,13,5,45468.12156,52940.42842,56555.37164,58834.90895,61714.85162,67419.52177,64138.49925,69023.03364,70441.09233,69917.20829,64121.67629,66257.08685,63666.74794,66978.90441,67620.93928,69012.58305,74927.36,81477.59843,84342.03006,85204.72997,89006.70251,100715.5915,122190.8975,126560.8743,138620.3795
Owen County,KY,21,187,,,,,,87734.79488,82580.36432,84362.30,85279.3508,83992.35462,82794.04366,82080.41,80895.46257,86614.37028,85814.00779,85156.88576,91375.92395,93732.8338,100574.8691,105093.4547,110393.2896,121135.2491,129992.4027,137378.982,138693.08
Green County,KY,21,87,,,,,,,,,,,,,62600.79813,65614.98081,70500.98705,72522.92269,77159.44764,77141.25731,82434.44151,87481.97,93651.47028,109033.7533,124783.1221,143681.7532,144148.3563
Grant County,WV,54,23,,,,,,,,,,120352.9284,108900.7335,103142.4175,102558.272,115291.0168,105310.3121,107873.7945,113594.1349,113359.3047,118192.283,119037.1763,123197.2246,138064.7127,152243.7668,159796.6659,166180.6556
Ripley County,MO,29,181,,,,,,,,,,,,,,,,,,138138.7513,142186.9001,152059.8608,146806.0814,151669.9878,162416.7391,168181.50,147342.5587
Noble County,OK,40,103,59132.49,62750.8701,64689.56706,67860.4552,70248.88844,73695.17073,76884.51,79571.13322,81190.92,77136.85703,74646.28,71863.97835,72659.97789,74041.88665,75044.19825,75293.01906,78560.44818,81528.63592,83849.32186,87459.1359,92453.21,103090.8938,118192.3751,125513.3838,128390.7711
Washita County,OK,40,149,,,,,,,,,,,,,,,,,,57490.22014,51760.06934,57349.43462,62622.70881,70815.47184,80310.71688,85008.91658,90092.59751
Clay County,NC,37,43,93595.53,101890.4227,104568.833,110689.8679,112805.2428,121400.5522,144082.3239,158385.2342,166426.2666,165517.2325,156656.6477,150794.7287,142818.381,144467.3932,145069.2465,152250.0635,162063.6712,169249.4249,174536.2719,186444.9624,194493.1454,228167.6547,274123.5163,309281.385,326574.8566
Sussex County,VA,51,183,,,,,,,,,,,,,96307.28213,110162.4585,113273.5144,105027.3215,107544.8647,110326.7686,110461.6061,110283.0859,116537.4665,124476.9783,139307.2545,160258.51,168535.1316
Lancaster County,VA,51,103,,,160312.9265,173690.0291,193089.6374,230355.3391,271083.3685,279502.4403,276101.05,267509.9916,252114.8508,243909.65,238110.7579,252362.5028,240127.6723,242552.7706,247127.093,243676.7764,252515.292,256442.5236,258081.2273,288821.2497,334307.8161,357014.6988,366738.5721
Alleghany County,NC,37,5,,,,,109115.2297,115913.9689,126668.4127,136894.5542,143685.3387,143442.6649,137391.6386,133848.5927,,136458.9022,137116.5851,137843.0874,140600.5567,147003.4803,152567.3856,159982.0084,168545.3874,190902.1172,226763.3483,248264.8477,262096.7887
Pushmataha County,OK,40,127,,,,,,,,,,,,,,,,,,75337.46938,72885.48142,73732.82236,83804.19723,97513.08868,118199.6962,124955.3215,126738.6236
Louisa County,IA,19,115,,,,,,,,,,,93780.21,94486.57431,93981.80134,98474.09457,98920.62013,96433.48505,99251.59194,102950.9436,105144.9443,113108.6924,121827.6317,132836.5277,138302.4427,150768.709,154664.322
Candler County,GA,13,43,61074.67721,63393.64613,66889.61986,68619.23008,71772.15248,75763.24,79601.25364,84683.99,86931.91488,84717.96825,79436.21758,77373.12387,71350.39448,76003.09,79284.84,83666.13408,89367.70559,90034.15338,98132.73,102347.1387,105380.9529,121999.0681,146161.3839,157067.3668,168246.8973
Roosevelt County,MT,30,85,,,,,,,,,,,,,,,,,,156341.7382,157759.6126,169515.4184,178127.7922,202422.5152,246682.8426,276985.8948,279247.0095
Saint Helena Parish,LA,22,91,,,,,,,,,,,,,,,,,,,,,,,,147716.4528,140354.5581
Barnes County,ND,38,3,,,,,,,,,,,,,,,,,,148375.9246,142965.7968,144603.05,143232.4435,152106.3866,163114.8761,170483.5694,159786.2524
North Slope Borough,AK,2,185,,,,,,,,,,,,,,,,,,185984.5346,176920.7198,230808.2691,237574.0017,253258.4664,253876.4236,240164.8379,236817.4964
Hancock County,IA,19,81,,,,,,,,,,,74646.62913,74890.06026,75676.46033,83373.48231,93067.67241,93367.27834,97936.50154,102554.0815,106452.5863,111146.0107,117473.3259,130498.2859,153833.7824,163422.0159,167793.9062
Lake County,MN,27,75,,,,,,,,,,,139800.5725,136030.4522,136042.2693,132155.7101,139690.9902,138012.0184,142790.593,152456.476,159155.1429,168811.3295,181303.7653,198235.0394,234787.9985,251286.6945,255700.6458
Box Butte County,NE,31,13,,,,,,,,,,,,,,,,,,99621.65,102274.3612,103428.2942,118382.7057,129507.4225,146129.7063,153170.6239,154555.7785
Mackinac County,MI,26,97,,,,,,,,,,,,,89903.93782,105892.6221,115169.34,121751.0526,123978.5564,121190.5382,124456.9579,131567.5189,137885.171,155726.6573,168647.4233,188973.8304,194062.5252
Early County,GA,13,99,60224.50735,65806.68,69113.94031,71773.71,73168.89261,77284.05579,76321.96476,79968.85453,81309.06804,80235.67353,73879.66736,69825.94161,67097.52137,67151.99636,68118.48,70116.19365,74371.60494,74816.47894,78889.58841,82174.02472,89899.90937,95702.39652,112126.7662,113394.5538,114774.5333
Carroll County,KY,21,41,67699.18356,74142.28679,77421.01313,79138.06562,82608.48646,86161.60593,88965.91432,90413.34087,90469.22226,89917.12,86476.10438,85730.33,80664.72023,82704.85188,85346.11922,86105.80,90226.68106,92459.40742,95767.89699,97879.16235,101079.6147,120686.8269,138946.3278,159463.7286,169508.346
Lincoln County,WA,53,43,,,,,,,,,,,,,124575.782,120660.9209,124626.2527,128425.0114,145345.4799,150541.602,160342.9255,175286.6406,193263.6349,229804.4482,286636.4356,302970.6202,297657.3082
Evans County,GA,13,109,65300.49284,72542.00227,78827.32046,81593.7642,83071.20177,86430.19326,84289.11249,88594.22217,88503.5327,87824.26,81166.33349,76211.97984,71567.08186,71545.60067,75275.97152,76847.52,81231.36,78943.89396,84570.6042,92077.26711,94906.63646,113238.0167,130379.417,138271.8899,144419.8708
Bollinger County,MO,29,17,,,,,,,,,,,,,,,,,,154581.5082,162877.6676,167646.6582,179908.0088,193509.7759,224271.47,202180.0897,195554.4826
Winnebago County,IA,19,189,,,,,,,,,,,82633.50414,83720.00797,83279.46719,93765.42088,99517.56,99083.24939,105078.2351,107311.0155,111496.7102,114947.9758,117653.5774,125686.3908,138522.6062,146378.7929,140349.7756
Red Willow County,NE,31,145,,,,,,,,81052.78794,81619.66585,82223.68886,81398.54029,78592.70711,80057.3729,83745.44004,88687.57997,92369.12205,99518.06842,106143.0552,109371.7888,117630.3229,125277.22,136446.5483,154699.4803,165992.4796,165762.5143
Wilcox County,AL,1,131,,,,,,,,,,,,,,,,,,108701.765,113855.6511,112282.2735,121568.4584,129125.2491,144810.7183,138026.3937,133035.5615
Middlesex County,VA,51,119,116108.695,126599.3929,137474.0301,149553.5095,167775.7435,200719.3605,240598.3998,256072.6328,254102.516,244090.1177,231060.9558,238062.0168,235791.0029,230159.7885,227578.8397,234752.1525,241017.53,241409.321,243931.6126,247456.8519,253720.4545,282401.0139,324373.74,351943.11,369114.2413
Walsh County,ND,38,99,,,,,,,,,,,70132.49013,73830.44,79226.14519,84619.59235,90537.30705,99789.43993,110540.4583,105589.9465,105862.8639,107099.2828,107960.9528,117574.1646,118955.5156,132848.9837,122324.7505
Custer County,NE,31,41,,,,,,,,,,,,,,,,,,110967.1239,112642.0275,127095.5234,134503.7451,149745.5619,163854.6243,167013.9542,163074.2664
Leslie County,KY,21,131,,,,,,,,,,,,,,,,,,43080.67202,43987.59319,44227.4256,45705.52554,57804.40881,67529.15343,76679.13,70244.66
Essex County,VA,51,57,,,,,,,,,,,162878.5448,162198.2511,158560.9682,161686.2655,152281.5292,155417.3184,164459.0611,165548.9646,171875.6246,175217.8896,182258.9942,207405.1565,241178.3741,256341.4471,267850.9673
Colfax County,NE,31,37,,,,,,,,,,,,84182.35855,85698.56614,87523.34252,90585.56,94737.14624,103538.5344,109521.1678,113490.7861,121413.5479,128508.4204,139769.9802,162310.8448,178670.0908,190206.834
Guthrie County,IA,19,77,,,,,,,,,,,111171.6062,111804.0992,111132.6725,120359.7145,131358.2503,134310.9798,149033.8336,157178.6247,162776.0534,172024.8106,181043.1887,190413.8418,213315.2718,241078.7103,237930.9215
Bradley County,AR,5,11,,,,,,,,,,,,,,,,,66800.31859,67302.54707,69828.61632,71535.04507,71290.47578,82142.77084,90814.09469,89072.81263,92720.4244
Gates County,NC,37,73,,,,,,,,,,,122333.9542,127899.64,124999.2767,122346.5181,118011.428,120326.4918,132228.6836,137476.8872,142853.1984,136034.6686,150491.5573,173517.0583,187350.8891,198276.4754,200709.8584
Cumberland County,IL,17,35,,,,,,,,,,,,,78030.76165,85818.44,90504.34202,94165.67696,96892.52212,94029.9183,95358.10709,94133.06,108026.0889,125962.5051,122830.8616,125407.4723,133173.0228
Mitchell County,IA,19,131,,,,,,,,,,,84827.22033,87107.483,87591.1277,95888.72286,100022.8006,97880.79956,115911.0252,118244.0256,122179.3482,129118.0828,134883.9028,144042.8294,167340.9243,182762.6382,186133.7713
Crawford County,IN,18,25,,,,,,,,,,,74779.40006,72405.22777,71796.80651,73619.99,74196.67,73732.90,76765.0762,77376.15565,83011.38479,91127.7862,102477.6311,113684.6599,129007.0528,139380.82,147458.94
Carbon County,MT,30,9,,,,,,,,,,,,,,,,,,251279.7867,271774.50,283309.4475,297229.3875,335682.5882,421573.43,453725.2451,488210.0863
Johnston County,OK,40,69,41202.73791,43576.64812,46809.90664,48805.48384,50551.91105,53045.88724,55767.37791,57958.12341,60034.84,64231.098,62943.83885,62868.41479,62460.95214,64931.42472,68017.45119,68728.28208,71537.06,74185.27072,75028.69502,80301.51457,88714.63236,96396.13977,117617.5584,140136.4151,140679.5188
Coosa County,AL,1,37,,,,,,,,,,120424.1438,111851.3631,108254.0222,108071.161,108228.5546,108019.3591,110159.9379,113287.1569,118954.1467,125653.8218,129685.7268,134209.9334,148879.8366,173224.0366,175267.2403,174840.9483
Washington County,ID,16,87,,,,,,,,,,,,,102051.376,113902.3817,120454.4672,123068.1639,134604.9419,138444.446,149023.8313,168208.0292,186057.7966,233523.2312,314417.35,326980.0749,334629.8249
Franklin County,TX,48,159,,,,,,,,,,,149454.836,148084.301,146804.7385,144496.6474,152181.9516,159876.6291,171198.3554,172104.7579,184682.2635,190070.6316,201932.9708,228911.4036,290241.8107,300863.2059,291735.2469
Noxubee County,MS,28,103,,,,,,,,,,,,,,,,,,91727.90983,94332.49024,93263.81675,95654.25,107708.0806,126194.9178,108384.1872,94492.86427
Chicot County,AR,5,17,,,,,,,,,,,,,,,77376.23304,78772.03322,83207.94786,84342.08126,82602.37705,85667.75465,91723.32838,94881.38802,83759.82,77186.05,78953.36852
Bullock County,AL,1,11,,,,,,,,,,,,,,,,,,76623.97156,77872.55663,81360.49817,84790.45028,94476.83945,107775.7719,103492.8439,104108.4758
Camden County,NC,37,29,,,,,,,,,240866.0113,230482.7425,219580.0752,205768.9315,199740.6124,200290.1188,200804.7415,206119.8356,218584.4945,225434.7683,237045.3204,247114.4624,256112.3121,281836.5461,314015.0798,331886.4915,357586.4752
Lowndes County,AL,1,85,,,,,,,,,112210.4641,111689.4093,107055.2535,96279.55892,93435.02405,98444.53151,103854.3249,107004.8095,108360.1355,108877.5209,107456.0032,108179.2452,113631.5659,114243.1964,131283.1933,127483.2764,124897.5011
Montgomery County,IA,19,137,,,,,,,,,,,78797.42801,78896.61627,79210.66237,77355.20425,83104.41635,85137.28804,86095.95998,85909.86893,82839.64139,90317.64,96385.098,108038.9607,113073.2372,123648.9508,130395.7067
Ralls County,MO,29,173,,,,,,,,,,,,,96215.72122,111499.7509,119436.2363,122654.234,133409.5536,134395.7885,137306.1626,143492.7567,148999.3508,167013.6155,193837.1947,209441.294,222059.1784
Madison Parish,LA,22,65,,,,,,,,,,,,,,,,,,,,,,,,,68144.7335
Metcalfe County,KY,21,169,,,,,,,,,,,60423.73694,61002.86486,54596.12735,60032.06402,62139.31925,64674.8099,71072.39442,76529.14975,82038.63094,87472.88386,88334.68374,105980.6802,127604.1514,140627.48,145032.6844
Roberts County,SD,46,109,,,,,,,,,,,,,,,,,,156998.7984,158677.6022,166793.1692,177118.4375,215085.4482,228612.9792,239256.1816,210092.8597
Clay County,TX,48,77,,,,,,,,,,,,110311.477,109652.5228,103523.8394,101609.5397,106737.1776,113990.7058,113515.168,114893.6758,129073.4279,135236.6336,147562.0014,174839.2892,177912.4739,174126.9172
Pike County,AR,5,109,,,,,,,,,,,,,,,87545.22938,84870.62347,94728.67834,100638.7788,101828.7566,105632.899,106913.6061,125743.5389,147244.4102,149741.4985,157456.2893
Nemaha County,KS,20,131,,,,,,,,,,,,,,,,,,105352.1811,110365.6174,120348.1188,131198.6718,146110.5581,168175.9849,184849.1021,191934.7456
Holt County,NE,31,89,,,,,,,,,,,,,,,,,,98050.98655,102466.6127,115548.0416,120230.2979,137417.073,141646.4415,154100.9587,157892.4172
Butte County,SD,46,19,,,,,,,,,,,,,180672.8378,198588.0213,200298.1115,211365.4363,216541.5739,222356.024,227390.1011,242324.1227,250929.0783,276736.2508,330005.4168,372299.4475,327438.95
Howard County,MO,29,89,,,,,,,,,,,,,100959.0589,107275.0446,107974.276,109718.4944,115110.3602,115267.2128,119999.5317,124278.8832,133528.5463,152593.5134,175989.1253,195236.1395,198775.6417
Alcona County,MI,26,1,122671.8901,125901.453,135252.619,143694.2182,147118.7283,153625.3513,140252.5386,137972.7319,132927.4578,111377.082,100093.6524,97863.20831,101294.1169,101107.7198,112777.3829,127257.4301,144245.1713,158677.9598,152989.7166,157167.2526,154377.0013,166194.6432,163437.2952,167995.3551,173286.7741
Love County,OK,40,85,54837.4105,59040.65111,61501.10734,62733.2938,65861.54,68665.7475,75288.67501,77829.52,81601.42825,79760.81483,83633.28991,83050.92642,84411.71,91675.67387,93871.98971,99411.08357,108781.4411,112391.6871,115157.9132,119038.9639,127697.868,139003.7574,160063.9538,180894.1594,185413.4174
Ochiltree County,TX,48,357,,,,,,,,,,,,,,,,,,118916.147,126434.6458,132727.0698,134839.1146,139573.243,147929.1732,131250.3061,113294.6067
Perry County,AR,5,105,70495.93,74139.42,78377.09841,81664.22,85828.42805,91005.28504,97353.96,100507.4224,102523.0452,102173.7099,95302.12174,93473.06157,93940.14695,94240.40284,92661.33871,91184.82293,94544.28959,98817.99525,104418.8748,106751.8444,106349.8895,119412.5289,137338.17,133343.0145,145314.412
Franklin County,IA,19,69,62228.20,63365.72823,67597.19288,70425.03,73072.32431,76331.43379,72020.02,73594.65531,75756.71994,77173.35374,77400.43154,78398.86255,77230.28295,80968.47658,90376.18654,88588.20073,93926.88773,94955.57354,99128.94302,104715.8652,113001.1309,126109.2175,136010.6192,142590.279,143307.9942
Carroll County,MS,28,15,,,,,,,,,,,,,,,,,,121942.8167,120240.2362,122395.6282,139817.2868,155454.104,177974.5596,171203.678,161974.9014
Keokuk County,IA,19,107,,,,,,,,,,,,,57668.65228,71876.2374,85363.31149,95936.1742,100295.9207,100884.3646,96790.19273,100208.2573,106395.1982,118176.0301,125223.2918,131976.0153,132609.7746
Lewis County,MO,29,111,,,,,,,,,,,,,,,,,105871.8139,108386.3919,111668.3486,120871.3215,129220.1544,139039.9725,163633.2754,153317.1851,157984.2146
Jackson County,MN,27,63,,,,,,,,,,,,,,,89598.11227,94628.38798,111139.3303,118454.6545,121800.7647,128404.678,134914.7013,146984.2774,161938.6872,181651.9144,187394.9358
Pulaski County,GA,13,235,67404.79,73528.63303,77895.24123,79669.85092,82826.26101,86017.32867,88825.90,92670.82549,93736.17534,91953.40193,85569.99467,82834.53498,77584.13682,78705.83741,79511.14877,79821.22695,83785.42031,83089.95803,86051.31,94173.43223,98795.21137,110931.2229,129571.2167,145246.8295,153770.2924
Duval County,TX,48,131,,,,,,,,,,,,,,,,,,,,,,,,86237.99671,72894.39368
Marshall County,KS,20,117,,,,,,,,,,,,,,,,,,74649.27606,77052.33018,78738.8949,85764.84667,98466.28243,113623.7555,124290.29,127752.6323
Sabine County,TX,48,403,,,,,,,,,,,,,,,,,,126965.8872,124375.0145,141703.5422,149482.2616,165742.5761,190689.2788,184025.2438,176763.5733
Calhoun County,IA,19,25,,,,,,,,,,,64187.61333,67353.92,68848.48135,74656.59608,75027.62455,78035.58528,83998.44328,84995.1935,89643.53066,92631.82994,95503.93876,106215.4973,121655.0927,129274.2561,134287.1635
West Carroll Parish,LA,22,123,,,,,,,,,,,,,87650.98,102369.5183,103178.8532,98942.56516,110995.7252,113865.5381,114469.2334,110151.3319,120475.9019,124702.3966,127481.1338,127592.6323,117420.9713
Tunica County,MS,28,143,,,,,,,,,,,,,,,,,,92876.55094,87541.80784,90594.12392,97569.14274,102100.0918,124827.4516,116795.3652,111788.9143
Montgomery County,MS,28,97,,,,,,,,,,,,,,,,,,83948.78783,84237.06018,85479.25892,87356.11947,99677.86079,122195.4975,120045.2365,99492.94
Yuma County,CO,8,125,,,,,,,,,,,107245.12,109841.9,116933.7645,121604.0384,126696.4183,136577.8307,144459.5969,155129.32,161580.1306,169272.3139,182959.0517,205755.8669,231648.6309,239857.4803,252337.5921
Webster County,MS,28,155,,,,,,,,,,,,,,,,,,101717.5189,106135.3575,114021.9601,124181.7871,140438.7753,161908.8808,161162.98,154877.2407
Scott County,AR,5,127,67439.14383,69097.35868,72427.44,75000.21049,78353.3774,83765.83121,81913.91697,85757.48,87515.98607,87288.67146,,80123.47892,80868.73,83233.16534,84536.06,86779.783,94192.78076,92444.26301,93705.6267,97703.60306,103163.3385,118915.7901,139793.412,138064.613,131628.197
Grundy County,MO,29,79,,,46448.21,48497.1578,50428.28763,53783.34152,52114.37464,53335.27594,53524.42795,52218.06,49040.33166,46037.44169,46330.04567,48678.63933,43125.26893,49351.82029,52662.92396,55273.21697,53106.86508,57301.8617,59200.11531,68649.33,76564.38463,66112.76637,76132.12916
Zavala County,TX,48,507,,,,,,,,,,,,,,,,63657.17946,69141.37354,71063.55364,69346.12371,70588.84319,70476.54466,73648.12631,85578.41292,89684.20398,82870.73816
Runnels County,TX,48,399,,,,,,,,,,,,,73621.03,73465.86363,75430.75372,78774.82074,86552.17517,84330.99,85212.88877,94172.11715,101563.6183,112166.0592,126095.6879,113921.1356,112452.5644
Martin County,IN,18,101,,,,,,,,,,,,,83255.28857,86120.64633,85718.16522,85713.74424,90110.46793,91489.19,97095.22,104276.4873,112982.2056,131380.15,156165.9389,164336.6147,178232.2063
Lanier County,GA,13,173,75656.37593,88010.08949,91654.66831,95433.47977,97167.42693,104528.7442,111882.0459,120984.1716,122950.6987,118702.6351,102359.837,96895.78891,95670.39262,98628.76961,101412.0321,99776.49138,104257.6622,106379.6318,107806.3461,111837.2866,120002.85,133241.745,157979.8143,176472.1319,184757.3233
Parmer County,TX,48,369,,,,,,,,,,,93493.79072,93098.28793,93096.25,95860.17684,98408.47863,94402.18641,100935.89,102801.9495,102612.1829,104217.6464,113770.75,126294.6869,144970.0643,138871.1327,131920.3132
Switzerland County,IN,18,155,,,,,,,,,,,,,,,119484.8306,117669.6952,121345.5494,120753.5101,126129.7039,133635.9384,138643.4298,161159.115,185695.1838,198889.1574,213724.2429
Emery County,UT,49,15,,,,,,,,,,,,,,,,,,,,,,,,,258013.888
Sac County,IA,19,161,,,,,,,,,,,,74289.0826,75282.96723,80689.26914,84517.08287,89196.03157,94236.2509,95209.10,96939.09785,99651.14133,107462.8823,121997.3729,139479.8526,153287.2495,156226.4995
Swift County,MN,27,151,,,,,,,,,,,,,81886.27794,86316.10416,95175.95178,98319.45564,104881.16,105117.4965,112898.9248,116945.0902,123660.8323,132699.5638,150019.428,160439.5873,163821.7013
McLean County,ND,38,55,,,,,,,,,,,,101823.7099,105136.2069,123395.8017,150494.3119,161873.9066,170951.6939,162672.2405,160915.5511,159758.9008,163793.0525,171927.7089,180867.7731,186421.3879,187889.5604
Marion County,TX,48,315,,,,,,,,,,,116637.8843,115428.4239,115269.5603,116495.5668,118458.8864,127803.13,123804.5812,119025.8503,115983.9016,129913.2092,123324.1134,132732.7871,144216.6042,146109.2347,138881.1435
Clarke County,IA,19,39,,,,,,,,,,,84302.17278,84622.37409,81133.56,82992.94075,88536.03027,94425.53689,102414.3208,101403.6931,107068.148,114580.4606,121670.1491,136133.2644,150371.3718,164105.5047,169888.8586
Rock County,MN,27,133,,,,,,129756.2663,134935.6366,134913.0857,130680.6469,127197.6166,120461.4131,120781.8222,124294.5046,133969.138,133843.7774,136356.3097,144271.698,152034.26,164886.5165,175978.1881,183857.8575,197061.9861,222241.4825,231989.0976,241577.6834
Mountrail County,ND,38,61,,,,,,,,,,,,,,,,,,,,161428.9325,162313.9878,173335.6448,196131.7591,206474.8021,190149.6526
Caldwell Parish,LA,22,21,,,,,,,,83975.24032,87395.36723,89950.05,85464.90611,83533.93621,84580.67794,94731.47274,104725.8271,108388.9736,113762.2161,113234.4873,113455.5149,106404.3104,116850.5617,116644.4425,124270.8511,119010.3472,108861.5991
Stevens County,MN,27,149,,,,,,,,,,,,,,,123782.6666,127275.6842,141390.5397,156395.6573,153475.3804,158709.801,162841.2164,177040.8447,182103.891,190559.7388,185286.6911
Cumberland County,VA,51,49,,,,,,,,,,,,,127125.1631,132486.5116,141855.9433,130404.1052,141077.2498,149037.9911,154874.3232,162655.4019,164616.8076,190109.8129,222527.3406,239494.0527,250663.0004
Linn County,KS,20,107,,,,,,,,,,,,,42659.69153,44476.50168,51504.54422,64869.31174,72228.46,83818.42413,92352.97343,98908.61099,105599.2,123794.4333,139428.7561,144022.1921,143301.0014
Valdez Cordova Borough,AK,2,261,,,,,,,,,,,,,,,,,,269265.2805,277960.6666,289575.7038,307018.886,325266.7175,366131.0188,344678.1715,321219.1799
Wilkes County,GA,13,317,58472.52069,61786.65874,65066.75736,69074.51547,71207.43169,74134.52158,78833.67577,82545.07925,83556.62,79827.00334,75115.57002,72483.70573,68359.72,67731.16973,67824.70137,68216.23,70997.62147,72953.14133,75124.72339,78131.45072,81247.88561,95227.13098,111394.4303,128774.2335,134012.8974
Grand County,UT,49,19,,,,,,,,,,,,,219704.0045,226998.1125,235509.0272,255088.3962,276282.0926,297629.7654,325428.2308,362561.8457,387708.7226,454055.8924,568111.1102,600440.5123,600090.916
Humboldt County,IA,19,91,,,,,,,,,,,85612.50409,86341.80529,85138.09493,92961.26,98787.73847,95196.53692,105041.3233,103081.1764,107956.5284,116921.7987,126914.1357,140988.8442,149984.7949,157595.1376,158629.5904
Yellow Medicine County,MN,27,173,,,,,,,,,,,,,77521.11562,83223.17364,92568.79734,95953.53574,101830.6325,106230.4306,111765.4429,111122.8945,118835.7415,127087.8303,153383.499,156254.9023,153225.0937
Irwin County,GA,13,155,45849.67,49003.74832,53017.8852,53430.96068,55261.01948,58033.69848,61471.63112,65175.99209,65480.38293,65111.75655,60678.88242,62930.69756,60732.22603,63253.31376,63335.85329,63429.25596,68167.30,72143.46058,73282.85049,76731.62064,80060.09686,93236.30486,106076.6346,112857.7662,117433.5218
Iron County,MO,29,93,,,,,,,,,,,,,,,,,,81605.11189,82197.60569,86329.2093,88871.81737,106743.0588,127006.665,138596.9125,135377.1326
Wayne County,NE,31,179,76115.17851,79401.42,82919.15135,85854.94254,88641.20066,,94542.49808,96347.02925,97436.07893,98071.67875,98501.19081,107620.94,111539.4133,120459.37,124433.7028,128065.5991,131882.7021,137719.1874,143973.02,147662.3177,161146.7535,171897.0034,195935.6186,210559.9535,217561.8037
McCormick County,SC,45,65,,,,,,,,,,,,,,,,,,198983.3377,203154.0164,214005.3981,220766.9975,244878.0667,303133.8752,326297.82,339446.8218
Cheyenne County,NE,31,33,,,,,,,,,,,,,,,,,,113656.9727,110161.6277,94982.94917,99639.42529,109049.5694,124177.9495,144072.6885,149059.9974
Latimer County,OK,40,77,59226.35052,61413.51044,63327.62208,63963.46142,67127.0699,69187.3451,74768.04635,77514.64612,81060.36094,79883.68,76865.86706,70954.19,71768.94,75616.6363,76856.4297,76908.19,82010.32,89881.74276,87447.27918,88318.31183,95901.08806,108550.9767,126704.9712,127166.0605,125304.6387
Greenlee County,AZ,4,11,,,,,,,,,,,,,,,,,,,,,,135349.14,150973.443,151473.0297,142451.0002
Chattahoochee County,GA,13,53,,,,,,81954.06817,84749.04524,87591.25,90776.12104,83323.36961,80221.66572,80222.40482,80138.90503,76916.25877,84111.32235,84720.93793,85880.42341,90464.16065,89780.25403,95963.27471,95521.39273,109082.2343,117775.8755,107422.6621,111529.7285
Brown County,KS,20,13,,,,,,,,,,,,,60319.25687,61421.96352,63180.84123,64750.62959,70395.31755,68919.84848,70754.26636,72651.91112,78167.63646,93045.56383,106506.1926,118679.9163,124606.9201
Jones County,NC,37,103,,,,,,,,,,,59524.58019,57945.11564,56735.45976,57275.1617,50673.38458,51720.12254,54418.80461,57916.21267,60845.96356,62506.27251,59822.15827,75181.59578,84101.84195,96532.21999,95630.54396
Benewah County,ID,16,9,,,,,,,,,,,147313.5263,142759.845,127116.2792,138515.6153,140478.4368,142638.9662,151916.2464,160872.3957,173619.93,189097.5434,207690.3884,249193.6454,328934.2466,336319.6464,325600.1986
Brewster County,TX,48,43,,,,,,,,,,,139742.209,137041.1066,136229.4965,138221.9862,142740.8518,155610.1399,165449.6178,165655.0619,167627.8541,175826.0522,182674.2929,202001.9471,234895.3078,242167.6386,223085.0781
Nowata County,OK,40,105,61043.64,62560.51829,64360.90817,67795.47863,69467.10182,72026.37433,75766.67509,77510.09,78936.60198,78974.29096,82209.73,77061.18095,75182.68285,78435.24634,79264.83279,79773.3203,83884.79574,88213.02,86618.13505,92816.85,98459.08313,109778.5756,129285.7401,138133.3435,139005.6297
Rice County,KS,20,159,,,,,,,,,,,,,,,,,,63250.77976,64354.89552,66010.8938,70004.44233,76783.98441,87139.31992,90084.45369,97854.75
Howard County,IA,19,89,,,,,,,,,,,,82071.19382,87439.70872,90910.1255,94456.82076,94947.93018,105038.882,101000.5852,105365.186,114021.0659,117931.9429,129955.2363,150683.3449,165079.6272,171683.7191
Emmet County,IA,19,63,,,,,,,,,,,67574.01286,68069.40568,69081.66938,78774.39276,81042.15368,79261.5032,87531.04581,91861.81,92878.59161,93472.03779,100243.1604,110168.828,114751.181,121070.828,119238.6878
Clear Creek County,CO,8,19,,,,,,,,,,,227371.6946,212399.5368,209623.6968,223055.4195,241129.63,258536.3928,289368.93,314556.104,341237.8925,379029.6527,402378.0079,459243.1561,533827.431,578862.9375,578571.9936
Beaverhead County,MT,30,1,,,,,,,,,,,146849.9625,146607.8501,147935.344,154358.5592,163693.7922,171933.791,186440.5038,187831.9032,200688.9932,217639.5881,233353.7359,257905.9395,327131.5301,348172.3576,358108.4934
Deer Lodge County,MT,30,23,,,,,,,,,,,,,,88271.03717,88901.86149,93626.66795,103032.1093,108043.9055,116787.189,125944.9053,139058.3801,157924.695,211945.9432,241053.9636,260274.8754
Hamilton County,NE,31,81,,,,,,118016.004,108519.9103,111255.3204,112483.99,118406.8347,117557.7271,118151.5452,120344.5129,126581.5835,128030.5829,128049.3249,147707.8256,160485.0574,168220.4959,176768.0199,187881.7158,206189.0531,231276.7448,246799.8617,258300.2529
Clinton County,KY,21,53,,,,,,,,,,,,,,,71785.36692,74651.48,76822.91,81299.81317,83113.75,92644.02,94375.71397,106843.4891,123654.8266,137159.09,138584.2446
Pipestone County,MN,27,117,,,,,,,,,,,,,,,,,,121721.84,121382.0813,123409.2836,126229.4272,140673.12,152677.3503,157294.8777,160745.8697
Charles Mix County,SD,46,23,,,,,,,,,,,,,,,,,,130739.0566,138733.2057,142976.4169,148470.6399,165501.0954,193900.97,214231.9676,218732.671
Jasper County,IL,17,79,,,,,,,,,,,,,73512.20123,79929.78704,82257.90847,87188.5383,90626.19888,93892.48534,96209.53545,93365.81327,110395.9495,130596.5464,137881.4509,134954.6947,145364.9179
Johnson County,GA,13,167,,,,,54516.43189,58034.30352,61468.03202,68009.11302,70125.12915,56925.34348,65991.61607,65435.41021,61161.82559,61784.45453,63088.59448,65679.09088,69535.79,70958.16301,75262.12785,77533.74552,83275.42029,95586.7426,103336.4391,106349.5008,113866.6589
Pratt County,KS,20,151,,,,,,,,,,,,,,,,,,80011.0555,77874.82342,78139.32066,80042.38256,84269.05045,96563.14528,106169.0162,108203.6206
Saint Clair County,MO,29,185,,,,,,,,,,,85465.38426,84113.69324,83682.29,85333.45395,85208.74273,88732.53007,92584.74367,96860.92978,100083.7172,103535.3599,111565.8587,128484.9434,158018.1235,173356.9466,178464.4865
Kemper County,MS,28,69,,,,,,,,,,,,,,,,,,91828.91411,90613.45,92148.03611,91845.57958,103268.2149,125127.7307,123177.1468,123301.8698
White Pine County,NV,32,33,,,,,,,,,,,108853.1612,98074.29529,92166.97868,97941.80399,105551.7073,112136.7236,111746.6956,112819.7943,116937.7918,122438.1846,133871.2118,153082.2396,173014.0931,177312.9692,178457.9582
Forest County,WI,55,41,,,,,,,,,,,,,111100.9761,118140.6229,122764.821,124153.0053,128312.4533,128134.5997,135259.9273,143082.3937,149933.7858,164596.0638,184682.1118,194271.3748,198029.699
McLean County,KY,21,149,,,,,,,,,,,,59258.61916,59521.338,58738.55347,60251.12486,66811.41134,70943.10,68284.39115,77349.30666,89623.21572,91708.02128,106324.3795,112645.3587,122889.4261,123947.4364
Somervell County,TX,48,425,,,,,,,,,,,192283.2394,186302.4914,185140.3698,187423.8861,195892.8647,202837.6985,211096.0898,217553.9046,235086.8115,246917.1027,256595.0816,288406.2333,344535.9673,385370.7071,384312.0008
Montmorency County,MI,26,119,64144.24532,63410.43,65718.6627,72984.68224,76292.13,78079.49059,83930.56131,84050.4016,77730.14025,71387.00566,63328.53122,61245.07253,60876.14,76094.44643,78732.75086,85285.05439,93142.33155,93677.21491,105384.4682,118466.0705,122802.512,137370.4741,150691.3019,158668.6367,155379.6328
Stephens County,TX,48,429,,,,,,,,,,,108106.1672,107027.3326,108199.4076,109217.2314,110898.8538,110755.3475,110625.0024,109878.6902,110703.0462,117804.1612,122732.7405,134624.8241,159379.9592,164963.3874,138458.1803
Catahoula Parish,LA,22,25,,,,,,,,,,,,,,,,,,111120.6318,109059.4536,108109.5711,116023.4349,123905.7389,112432.5001,114482.6367,102435.4442
Claiborne County,MS,28,21,,,,,,,,,,,,,,,,,,,,,109466.3808,117719.2468,136353.5008,106309.2753,87801.43
Seminole County,GA,13,253,67968.90,74531.73369,76829.93917,80569.89187,83793.52171,87168.3649,89952.00092,95640.46746,97229.43084,95204.92323,87763.46203,77160.05511,74080.05292,69360.0124,74693.54072,74064.33917,78879.14321,78944.69795,82540.21192,84555.05701,86468.83,97294.47485,113798.0297,116819.8439,126354.826
Terrell County,GA,13,273,54590.34689,56261.28648,60205.21576,62978.66713,63978.99982,65332.36525,68067.03794,71412.00097,71661.469,69842.96688,,56940.27751,53459.16037,52026.89389,55358.21405,54673.8394,56267.38721,55780.2964,57122.85799,62181.92282,65361.37,76792.32601,83702.42,92879.39012,95895.67007
Marshall County,MN,27,89,,,,,,,,,,,,,,,,,,134371.6833,141902.9017,150116.7335,158991.8295,176789.4582,196008.8962,191289.1029,180650.694
Davis County,IA,19,51,,,,,,,,,,,87529.6006,89666.99,91335.52852,99156.79,106771.4412,114648.5583,132868.9326,135611.3113,137122.6263,137275.6117,143543.2278,157419.8238,173727.3847,192810.7351,208201.4892
Hancock County,KY,21,91,,,,,,,,,,,78115.98263,77948.58199,78213.2731,77715.70788,82496.1907,86312.42,90666.65352,97302.79952,108267.1438,116390.2821,122174.083,136982.481,147371.813,163014.7995,169192.0697
Cloud County,KS,20,29,,,,,,,,,,,,,,,,,,62170.59134,60513.77458,62574.9756,65778.06473,75041.5894,85307.67633,89622.79602,93300.24095
Cuming County,NE,31,39,,,,,,,,,,,,98853.52462,101053.4623,101742.0241,104760.893,109538.7848,121181.5905,129034.2891,137100.2581,147321.7614,154973.279,173470.9769,204751.1517,219265.7989,225209.2961
Dawson County,MT,30,21,,,,,,,,,,,,,,,,,,149037.2057,159727.0483,165910.655,157333.5793,172355.527,197051.1685,200941.7853,215911.1958
Crittenden County,KY,21,55,45190.49391,49348.38,49975.57908,52249.77754,56635.88,60349.59654,56795.71495,59930.36963,59818.19792,59546.12474,59431.93265,59651.80762,58961.84414,60884.1847,64619.39537,65466.05145,71853.53544,73218.03871,78327.24628,79212.20853,81901.46181,92921.27277,95003.6867,98674.49016,93000.13882
Palo Alto County,IA,19,147,,,,69954.07673,72970.45846,77917.83581,83660.73524,85550.27585,87382.24974,89813.95388,88352.38626,92358.0504,93205.21734,92017.84042,92992.37641,98666.35696,101450.7513,102936.6896,102890.3165,108603.7265,115200.5903,124618.5641,138242.1326,144538.9002,146816.2552
Livingston County,KY,21,139,,,,,66841.58198,70771.03951,74665.44105,76224.51988,76995.5422,73416.97289,70545.79484,70992.23272,68625.79706,67239.13944,65561.55,65737.43468,71830.42381,77326.02263,80149.35479,84174.11181,87590.69,93882.46,109203.5805,120440.7093,121481.3102
Phelps County,NE,31,137,,,,,,,84378.23205,86078.96594,86677.02866,87655.86,87096.42076,93665.99845,98531.26427,106648.2966,119669.2975,123347.4206,130285.1135,133652.8169,139872.8955,142556.8596,150761.8606,160728.5011,183806.1697,190592.0202,188314.5547
Wilkinson County,GA,13,319,63975.63,69589.34388,71702.41024,72461.85,74112.68,78463.97644,79293.77965,83852.93629,85838.50528,76677.1434,63588.05073,61499.03754,58818.58634,58397.63378,63159.96029,65196.13148,65466.29762,66392.23496,68873.32437,71581.85794,76948.4795,90520.06,106710.7279,104018.4845,108122.5391
Stillwater County,MT,30,95,,,,,,,,,,,,,178431.7974,186546.0235,194634.4231,205372.5759,228428.4882,229708.1684,243752.125,257078.3551,272691.8768,311798.6181,400175.8701,415032.2598,437981.631
Alger County,MI,26,3,,,,,,,,,,,,,,,,150414.3354,154171.14,156401.761,153107.6964,156670.3905,146558.4703,176341.2651,183006.1721,197069.8744,191091.6847
Mitchell County,TX,48,335,,,,,,,,,,,,,,,,,,91556.16356,86672.78275,87264.1097,91941.18663,100051.7471,109322.1803,102991.8775,83929.73326
Richmond County,VA,51,159,,,,,,,,,,,,,129940.7079,136006.8987,138928.4063,142503.3878,144349.515,145087.94,150685.0807,154605.6927,159647.0143,174508.14,190173.1998,214071.6008,220918.0037
Oregon County,MO,29,149,,,,,,,,,,,,,,,,,,96571.75982,98224.87715,104421.2204,114732.3743,124462.9295,139038.5944,153237.2166,153251.1676
Turner County,GA,13,287,55261.02709,60275.74457,62758.068,66976.16147,68297.67119,71411.30877,68382.91793,72218.71961,74572.92463,75104.16568,70096.40,66389.53836,62619.9044,66162.97705,68133.90738,68812.07683,71530.93693,73491.8882,72466.17299,79258.1143,85247.25994,95151.30333,114085.8307,111525.4437,114162.0633
Caldwell County,MO,29,25,,,58828.40361,63103.30573,66673.5527,72107.30931,74254.98725,72900.78,71981.05,70344.03024,67269.17765,66888.9795,65048.34827,64751.49065,69385.18,84789.18215,102154.7123,110025.7158,119277.7107,129570.9796,136921.6841,161298.1051,184680.2967,187998.3526,197666.3809
Wilcox County,GA,13,315,47398.39585,50296.36497,55348.58055,60069.86543,63848.21439,67732.47322,64662.76359,66853.60672,66545.26938,70446.02121,65322.67108,60898.61992,57665.24,60987.2975,66827.94674,67120.69021,69132.11733,69755.37301,72258.27535,76994.4093,78880.62098,91798.36028,108873.2442,108802.9262,114833.3175
Dimmit County,TX,48,127,,,,,,,,,,,,,,,81864.05063,90650.54389,93378.31407,90710.88771,88134.94251,93658.61591,100661.4636,104881.5974,113556.7486,106547.7629,104190.3246
Lee County,AR,5,77,,,,,,,,,,,53266.7175,54387.31942,51497.67122,51831.48226,54098.58,57292.47045,63678.3922,65205.09635,67889.56989,70623.08203,73904.77615,80742.63326,91990.03062,83910.15714,80757.04143
Greene County,IA,19,73,,,,,,,,,,,,,,,,70010.83469,80159.72458,83120.6856,85633.69012,92120.49,98038.15631,106784.8174,125368.8641,140932.8938,145472.9813
Sublette County,WY,56,35,,,,,,,,,,,,,253993.033,272737.0899,280009.0547,289559.3167,300833.7999,298073.7869,297875.8296,292811.5094,281530.076,303567.01,346037.7822,385054.5659,424306.7137
Blaine County,OK,40,11,51299.02627,53435.478,55801.15135,58624.09073,60677.40104,62559.27749,58593.13678,61824.03296,64082.69,65118.51,59227.90749,54291.28634,54765.79465,57503.68391,61096.29824,65386.48059,67403.71786,67978.70984,66195.21007,70214.55,74495.75967,80585.42095,87325.7116,92648.63713,94568.00657
Monona County,IA,19,133,,,,,,,,,,,66613.07298,65227.60742,66178.30429,72022.11986,74267.32931,76740.35316,83027.51447,87806.26601,90698.82329,93633.61135,101419.6483,113443.8109,127345.4166,134706.3914,139911.3803
Woods County,OK,40,151,,,,,,,,,,,,,,,,,80359.76333,79788.23814,81711.46554,82494.90331,86040.22,91550.8639,102936.2425,105557.9518,108168.9124
Modoc County,CA,6,49,,,,,,,,,150407.4118,113954.1005,108736.0109,108883.8571,103909.3962,104398.9957,106640.4633,113554.836,113436.4719,120230.9361,130300.46,135074.848,143649.6879,152688.3968,177122.5895,182986.5456,189013.5685
Clearwater County,ID,16,35,104412.4077,110186.9886,116032.8846,120235.7909,123433.5086,137241.2272,125265.4048,139596.7159,139580.3523,135547.7733,124560.195,115108.9868,116609.0524,122956.4845,126414.7704,131987.086,139247.1144,142738.3845,146941.635,161012.9836,172287.3704,206080.6396,268669.1148,288949.6503,287758.5402
Wilson County,KS,20,205,,,,,,,,,,,,,59668.47838,58341.53517,57752.7813,56253.69804,60371.4469,60899.62218,60462.2243,58915.6096,61731.87261,66799.56,76361.39398,83265.74423,82903.35838
Wilkinson County,MS,28,157,,,,,,,,,,,,,,,,,,99116.73204,103629.4839,102362.0325,107566.3923,117226.8189,131639.5739,118124.6196,106513.3333
Perry County,AL,1,105,,,,,,,,,,,,,,,,,,90775.86,91906.74118,96131.64612,101696.7881,122028.3954,134743.95,127377.7981,120325.7047
Montgomery County,GA,13,209,,,,,91354.16509,96800.89667,104918.7973,113976.5408,118708.168,115164.3082,104769.8153,97688.83997,92581.19595,95067.98661,97011.21804,93648.33472,100417.0603,101892.9533,109681.7731,113414.9296,118161.863,135587.8484,156244.9703,156561.7051,167662.4726
Lyon County,KY,21,143,83362.49,86882.92,91962.12,94099.39849,98423.41014,,80592.16845,82173.22,82641.30855,83861.57923,82713.95725,83464.18332,83372.10158,86061.22195,94775.82425,89609.74041,97031.66928,89432.76397,90773.34385,95259.71361,94924.89837,105679.0709,119699.1772,127804.3479,131592.9432
Gallatin County,KY,21,77,74969.80114,79288.84896,82044.48061,88770.95157,89160.94803,94454.94739,99115.26465,102547.6425,99511.5619,98013.45,95539.03,94465.04,93129.13599,102188.8508,97795.9113,105208.1666,111556.8081,110446.3832,119133.5636,127308.1917,136032.6903,159700.7811,184318.1732,200381.608,205289.1416
Jenkins County,GA,13,165,,,,,,,,,,,,,,,50358.93399,53197.92472,57619.0782,56551.59322,59909.26352,65050.62426,70811.46565,88219.86187,104282.4901,117874.4382,126360.0587
Benton County,IN,18,7,59391.26959,62881.84073,65014.90344,65881.18956,67353.75,69704.19,72008.7958,73477.29383,74010.91,72606.43188,69711.16124,67180.04025,65407.31011,70265.49071,67339.00088,71980.93,77642.11355,84450.34,90606.88696,96673.24023,108680.0822,123967.8134,144774.2743,156083.1403,171264.5702
Ritchie County,WV,54,85,,,,,56144.9349,62478.86179,68934.18963,72746.21,73543.44793,72439.74,67746.70,67164.85246,67367.2291,72776.38128,71610.27793,75976.75356,77127.2184,77981.71211,78941.48963,86432.91621,82197.76534,98892.35935,109375.2916,112417.3945,115817.9064
Quay County,NM,35,37,,,,,,,,,,,,66133.3353,70522.01324,68133.43371,69448.90,68019.76305,64479.2851,65970.21763,63444.84408,65514.19422,72179.44841,77981.44395,87086.90831,89645.72,89667.78427
Ozark County,MO,29,153,,,,,,,,,,,,,,,,,,112482.5746,118607.5501,123999.86,137592.851,151662.9018,185561.4332,201873.054,206350.7191
Hancock County,GA,13,141,,,,,,,,,,,94749.29455,82383.45911,76582.03598,82238.69107,86557.84975,88903.44803,94627.99144,95738.55682,99324.6729,108258.6986,114909.5851,140352.0547,164872.7302,170886.553,179526.9856
Lucas County,IA,19,117,,,,,,,,,,,,,,,,79418.6854,86806.1106,96170.01521,95565.02027,108165.3147,119529.5097,135052.4836,150324.4424,166745.7942,167926.6396
Monroe County,MO,29,137,,,,,,,,,,,,,105776.5549,114033.9412,117669.5613,116367.8488,118248.2481,124421.7805,125959.1479,130668.7593,132089.1409,147213.259,166994.4736,173511.4459,177399.99
Turner County,SD,46,125,,,,,,,,,,,,,,,,,147472.3264,152765.3985,164917.3058,170016.9652,186180.7986,207214.7739,240132.0264,271016.866,274046.69
Archer County,TX,48,9,,,,,,,,,,,120928.9333,119502.7568,119918.6632,120065.3305,122199.984,128508.4204,140262.291,140813.1861,145177.1047,151965.0311,160283.9912,176652.7227,206082.6671,213359.4853,209183.3334
Platte County,WY,56,31,,,,,,,,,,,,,151277.1358,160186.4296,164344.4169,166264.2859,183521.0832,185333.1675,196470.01,200605.9984,214033.75,226435.9049,252618.3037,267344.3581,270989.7399
Carroll County,MO,29,33,,,,,,,,,,,,,,,64153.65244,62603.10781,77954.43424,85847.08429,89174.24,89965.11267,91620.56535,103637.4104,118140.8606,122796.8093,136100.4221
Mathews County,VA,51,115,,,,,,,,,,,243937.6016,229751.8824,224675.7102,250944.02,247463.4506,249230.6682,252505.2196,256576.1989,250515.6808,253555.2959,267005.883,289491.1077,310917.9742,313713.9306,334567.8388
Montgomery County,AR,5,97,73984.41,77188.84582,80424.66,82858.12124,88708.77637,94270.51968,105070.4962,102079.5456,104189.8163,99110.52252,95646.99,93430.87,91405.57189,97286.01165,95028.59841,93269.88633,98939.53312,100311.2722,105395.3541,110800.5643,116562.4815,132529.8183,156992.1178,156774.7157,175584.2464
Clearwater County,MN,27,29,,,,,,,,,,,,,94963.77,106644.732,117099.8186,123599.7851,131316.8188,136028.8966,141750.8446,147618.9298,154259.5037,171717.0944,191157.6707,200128.6843,208026.0024
Sitka Borough,AK,2,220,,,,,,,,,,,,,,,,,,477275.7715,489175.5933,489075.74,521790.3159,553874.5865,608166.81,581688.2113,491907.1411
Kiowa County,OK,40,75,,,,,,,,,,,,,,,,,,41710.11595,41786.56093,43327.36137,43354.0544,50554.25673,59838.08,61642.24328,63365.93618
Trimble County,KY,21,223,,,,,,,,,,,,,94807.61012,102084.7239,108257.4844,110115.2537,120424.7118,122064.7795,125917.478,131716.049,141740.1627,157793.4044,178943.5346,190624.1145,202235.3317
Madison County,MT,30,57,,,,,,,,,,,,,,,,,,322397.8332,345779.7454,378686.0756,401737.3367,473702.0847,624833.0909,643753.8048,656469.68
Jack County,TX,48,237,,,,,,,,,,,,,,92074.86,98331.31865,101884.8103,120958.2248,121986.765,130897.3225,142485.0711,153405.7288,168452.9561,193531.4168,185083.6156,160563.2673
Rosebud County,MT,30,87,,,,,,,,,,,,,,,,,,141399.453,142940.1559,143166.7107,148178.4695,167154.8268,204798.7792,225753.9862,233931.7995
Johnson County,WY,56,19,,,,,,,,,,,211625.7791,208858.3193,203073.9903,223379.4801,221874.9769,231193.1399,249609.5853,251114.0711,257917.7216,265315.0544,275525.4103,301291.1352,361654.85,392378.3969,395181.5324
Maries County,MO,29,125,,,,,,,,,,,,,,,,,,151363.2183,156556.0714,154936.5543,158096.8588,172201.0021,188115.4665,209469.8314,220057.6625
Knox County,NE,31,107,,,,,,,,,,,,,,,,,,90387.88967,97982.23915,103293.7069,110925.9088,127156.9043,142249.8601,146225.0976,153941.8501
Warren County,IN,18,171,,,,,,,,,,,,,91464.94209,94735.96,96252.20284,99861.23288,106025.656,114006.2944,120394.2029,130989.3543,142203.9713,158966.7458,187157.2514,197322.8572,214606.0845
Hickory County,MO,29,85,,,,,,,,,,,,,,,,,,93227.33156,98140.70556,104961.5172,110062.3513,127192.1749,153644.1582,173138.8595,174165.1128
Daviess County,MO,29,61,,,,,,,,,,,,,95939.92,91779.87336,95878.02158,102803.0314,124244.1631,127049.1821,140159.6191,140180.1777,148914.1689,170544.6721,200793.3735,214031.8553,233500.605
Webster County,WV,54,101,,,,,,,,,,,,,,,,,,,,,48180.29262,60347.38602,66210.37155,70372.26862,67210.72
Mercer County,ND,38,57,,,,,,,,,,,,,134437.361,146370.2253,166756.2955,179733.4139,214777.2871,208307.5929,197436.2678,184497.7699,181980.51,189852.0506,184089.3019,195313.2132,193523.2017
Cedar County,NE,31,27,,,,,,,,,,,,,,,,,127576.7993,132743.0984,135731.8692,144722.2769,154494.9118,171285.4977,190688.1693,203581.2246,197384.0873
Tyler County,WV,54,95,,,,,,,,,,,,,,,,,,69268.95,73507.0572,78970.33449,74996.46124,89051.5217,97183.07,105047.3294,110059.6362
Bracken County,KY,21,23,59213.02916,64534.91646,67877.67932,70318.74342,72656.4178,,67136.52305,68477.95,70309.54,71350.10096,70693.9487,71948.95,71707.80,71208.70,76122.26474,79563.243,89002.05,91680.37,95214.95556,102462.4855,106620.8068,131046.9118,150674.3947,162360.7946,163195.6445
Dawes County,NE,31,45,,,,,,,,,,,,,,,,,,,118189.9247,126658.5255,132868.2108,143433.9824,156333.8126,169886.1717,170863.771
Coffey County,KS,20,31,,,,,,,,,,,,,,80042.27,80930.55,84039.63625,89234.33223,91443.99587,94999.25404,102189.5842,108220.8743,120437.4597,140104.481,153063.9606,157860.1824
Custer County,SD,46,33,,,,,,,,,,,,,154215.1541,171563.3603,183947.0763,193684.1987,218920.19,229821.0112,238619.2203,260276.894,287423.888,326979.1087,397090.8189,452401.1871,462600.621
Butler County,NE,31,23,,,,,,,,,,,,,,,93901.41929,100451.0098,111749.2041,115507.4218,125522.9296,133256.4316,141632.5101,158016.6913,178296.9939,191471.8513,202584.7402
Lafayette County,FL,12,67,78008.57076,89289.83882,99267.25912,108187.7467,119248.4978,141448.8843,174502.467,181508.5509,164975.9203,134402.4427,112330.08,105264.6618,100721.532,102997.4317,108886.8685,119334.0659,126082.5314,134236.5591,138852.197,143031.1402,154607.1091,175669.3109,222511.5457,226542.82,248229.4986
Perry County,TN,47,135,45347.30662,46602.41975,48016.46095,51311.74863,53843.68399,57526.96581,63296.94287,67755.5792,69669.19572,70326.69,69434.33752,69167.01283,68465.46083,72403.24105,75353.43505,80330.52478,89076.08266,93160.58,95591.46,99881.05483,108071.9077,122806.629,151507.7523,153972.7775,155676.5883
Keith County,NE,31,101,71899.61023,74121.98,78311.46299,80153.62287,83336.66716,87975.13111,87918.30871,89100.75126,90139.66161,90672.54539,89356.9768,93178.44459,95014.32,96448.04645,104282.514,110952.885,119258.7766,128637.5162,131574.4367,136864.7603,147779.1834,163268.1845,191457.4149,207721.3982,212924.5545
Prairie County,AR,5,117,,,,,,,,,,,,,,,77280.93788,74898.69068,82577.59104,87178.25201,91001.85352,92587.09357,90745.50643,101031.5757,123996.6977,120662.251,120023.2923
Allendale County,SC,45,5,,,,,47846.20969,52737.9275,55027.26739,51314.26522,52874.00752,50436.56158,46450.04242,45077.59877,41611.31667,38471.98593,37507.229,37792.49818,41596.21436,42996.72118,57767.41796,48516.43996,45831.06894,54878.7504,59267.6877,60633.26773,59064.9845
Atkinson County,GA,13,3,,,,,,,,,,,,,,,62564.47529,63171.51789,68226.79457,73347.92069,76257.10479,77323.98589,82845.32,94273.55012,109529.9845,99519.57035,100090.4121
Choctaw County,MS,28,19,,,,,,,,,,,,,,,,,,98454.09186,94677.0395,97175.17,89893.55352,102322.5134,123471.8544,127572.5094,123162.5567
Baraga County,MI,26,13,93756.11272,104489.5586,121787.4465,125411.3573,125677.553,116495.8662,105955.3752,101241.5661,95362.18042,88268.34731,89490.89,86622.60051,83774.88018,107567.7842,114280.0101,114379.1121,121636.018,114873.1411,116730.75,119806.8617,115936.3351,132583.3112,146046.6525,154000.8032,148060.1804
Franklin City,VA,51,620,,,,109245.1527,118335.6612,136638.257,139692.3375,147654.2126,146770.9196,140837.4814,134596.9824,127733.1554,125669.076,123854.9841,121707.8425,120999.1544,121353.0352,122163.0524,123750.274,128421.6704,134574.7938,151206.3267,176286.9807,197871.5606,204655.3876
Houston County,TN,47,83,59697.73937,62999.53519,66241.17608,68988.49,72042.21401,76340.60373,81801.39821,87935.6391,90537.8382,89515.42636,86973.82468,87557.50159,88253.17277,88834.40723,93064.79095,95235.90556,106404.7934,112504.4428,114721.0417,120654.7329,135079.1025,152773.4836,185158.4445,189476.5107,203076.4608
Harrison County,MO,29,81,,,,,,,,,,,,,63908.27264,64055.47832,65859.57355,66180.96012,71769.26,70117.15169,70497.76674,69434.97753,74899.82443,85576.95959,103442.8084,102338.6958,112144.8017
Murray County,MN,27,101,,,,,,,,,,,,,,117996.19,128879.4417,132694.1068,145603.901,139631.2879,145417.4554,149575.2262,153659.57,167876.3407,189806.434,200175.0164,205817.1025
Hamilton County,TX,48,193,,,,,,,,,,,,,99764.63544,99390.37,108531.8981,110703.0098,114103.5462,118989.0484,123906.3945,128605.4142,136486.9737,154664.3502,201738.6863,202334.9659,200040.3928
Oscoda County,MI,26,135,,,,,,,,,,,,,118174.5581,129269.4844,126736.7308,113498.1098,114030.3602,102317.3636,101936.6279,99218.70371,103396.5304,115838.8007,128147.0563,137397.3141,140182.4073
Clay County,WV,54,15,,,,,,,,,,,,,,,,,,,,,67609.8774,85247.31942,96349.96156,96679.7884,94549.96671
Lake County,OR,41,37,,,,,,,,,,,,,,,,,,98381.69,100760.1197,102922.5307,112987.2375,132278.3628,168479.8178,170921.2272,174309.3012
Graham County,NC,37,75,,,,,,,,,,,126560.409,121308.8143,117193.9312,113558.7927,112585.3412,118389.1425,132106.6195,117731.7415,130774.0092,135128.1402,139429.2386,165452.438,190680.5411,216294.6845,230245.9566
Clay County,KS,20,27,,,,,,,,,,,,,,,,,,87764.34977,89828.56376,91589.63761,96428.67616,108194.2674,124483.8082,132337.9017,135694.4783
San Miguel County,CO,8,113,435368.71,483916.67,526838.2198,556912.5084,579751.3193,618345.4827,674971.2222,705567.6541,729057.5455,733823.5148,706456.1741,668170.4207,598313.4138,581135.0516,667740.268,803350.6629,943357.5919,942694.8856,997476.5744,1093355.588,1125886.068,1315734.771,1865761.276,2003236.781,1922475.63
Twiggs County,GA,13,289,35658.21462,33580.46643,33114.47573,36611.32511,38914.45966,44291.37925,47254.93,49561.93351,50349.30291,47803.12616,44452.49976,46108.37718,43025.28377,45623.20753,52447.02561,52381.6235,52802.27978,51539.70882,53999.23876,62160.37242,61406.80901,74971.63481,85192.19326,88385.96075,88913.24
Hamilton County,IL,17,65,,,,,81787.98759,86397.57556,91905.53,94322.13536,95415.53309,88952.97744,81245.99665,80471.68627,92761.31875,112911.066,118159.5983,120595.3435,125708.2594,115897.3337,117064.7311,106801.7272,109207.4562,128507.5538,106201.1011,101348.384,92159.34
Traill County,ND,38,97,,,,,,,,,,,,,121473.9024,129962.9834,142477.71,150606.9968,158003.4809,164944.8593,165207.46,165839.6901,176499.6891,191327.5838,211336.9511,217104.4646,181489.8642
Pocahontas County,WV,54,75,,,,,,,,,,74669.44,77416.61928,79093.31819,80721.14761,83233.16565,81646.86598,83296.55,91545.27852,90023.51537,91987.02,100617.819,97847.45465,115043.3523,130856.1009,139658.2154,144020.6063
Schoolcraft County,MI,26,153,100191.7722,102610.4244,99722.6023,103076.26,109861.2066,114842.7079,118155.5393,116858.576,111115.8989,103017.2884,96557.32315,98177.3021,97266.4772,100911.8004,109145.5631,99803.24719,101422.001,107945.3805,104604.8366,116761.4024,112221.1578,129979.129,156312.5611,164459.8982,159033.5733
Liberty County,FL,12,77,,,,,,,,,,,,87434.91674,86341.94108,85132.23448,86434.33,87735.69439,96976.27051,102129.7152,105709.252,109868.1711,115221.2655,128300.4524,150431.888,164326.1786,178197.8816
San Augustine County,TX,48,405,,,,,,,,,,,,,,,,108820.0191,127340.0127,135667.6316,140723.6522,155381.2064,168025.8404,176164.4334,200328.229,177013.8333,155654.3474
Lemhi County,ID,16,59,,,,,,,,,,,156564.5717,140695.7726,136584.0204,140938.1545,138546.7619,145105.0941,159366.164,164183.8253,174073.5813,194517.3274,216592.6064,255737.5239,330701.8253,360824.6347,367448.6189
Doddridge County,WV,54,17,,,,,66265.39895,72544.91414,77099.78958,79817.14343,80078.0573,69251.76067,65496.09734,64803.13525,72030.31649,79159.41,81676.23632,84579.81396,88845.56463,88879.51594,91087.07107,95188.70,100202.6094,115509.0756,124945.358,125562.9365,126100.1571
Humphreys County,MS,28,53,,,,,,,,,,,,,,,,,,81775.71549,81501.25109,83176.43793,78591.48096,87906.48,98086.11685,100270.6378,83672.44278
Thomas County,KS,20,193,,,,,,,,,,,,,,,,,,113996.9008,116439.3187,121555.327,127575.9968,134764.08,152569.8866,159692.5457,159001.4201
Richardson County,NE,31,147,,,,,,,,,,,,,,,,,,65436.95468,67187.8822,68859.60797,69656.70801,81436.70,90847.48517,103598.0979,100169.3186
Searcy County,AR,5,129,48821.4672,52452.72752,57529.83013,59634.90046,62000.99408,66095.68124,71596.40202,75865.66393,77433.19,76507.57203,74407.19946,72012.93,71589.18,69950.2358,70726.92427,73576.58489,82874.47344,89323.68,90789.51999,95301.63641,93464.63336,122794.0417,138294.5454,146215.1548,151574.1937
Taylor County,GA,13,269,,,,76085.53757,77920.1588,75128.19521,77589.19305,81759.20293,81901.95781,81913.80225,75690.85308,77142.66122,72376.87031,77085.73161,78819.78468,77814.20364,82172.71613,81051.72126,85073.04453,85336.27592,94472.27773,108771.0292,128002.5001,123598.2552,131483.4741
Power County,ID,16,77,,,,,,,,,,,126182.1503,118981.6778,115968.5099,122920.0745,124926.9184,131053.4289,135463.2526,141704.8245,148215.9814,156871.3251,171602.643,202810.392,264988.0039,273339.331,283959.6797
Greene County,AL,1,63,,,,,,,,,,,,,75747.85254,81888.32,83459.67359,81287.26015,82959.37514,87901.93258,89298.31676,86536.89754,92245.90958,104665.9909,116340.6199,111478.9704,107571.4659
Coleman County,TX,48,83,,,,,,,,,,,,,78337.48816,72271.72906,79244.5097,87273.38549,87938.88634,84398.74435,84584.17,92363.67317,91697.69248,104871.5157,118023.424,114861.6847,105263.7918
Ballard County,KY,21,7,47827.46378,49226.30518,50192.71613,51608.66427,54204.49051,56333.8827,59327.26834,61551.49924,62539.69666,64949.1859,61696.65413,62187.20683,61096.79743,66860.34,71967.48813,74509.46712,79277.2983,76511.9482,80053.39788,76399.53546,79059.12693,89449.1681,99064.96939,112023.7461,113704.3087
Anderson County,KS,20,3,,,,,,,,,,,,,67460.29821,63882.56084,68177.40215,72330.20142,76538.37261,79492.12,82720.73844,87133.47166,95229.6893,117641.9304,143906.6141,156683.0628,161614.4323
Red River Parish,LA,22,81,,,,,,,,,,,,,90136.77415,96720.03414,106795.6628,109658.6573,115093.3196,112692.2614,122305.5987,120752.2104,128914.089,131382.6894,120873.6427,118574.8333,109287.9351
Washakie County,WY,56,43,,,,,,,,,,,,,148341.5006,151564.799,152679.9878,153360.24,164889.9397,170071.3152,173275.0742,173183.5395,182215.2697,190175.7093,222440.1201,242545.1122,247427.9322
Major County,OK,40,93,79394.7281,82160.70367,86863.42018,90117.44027,93912.58208,95381.20261,94413.21225,94576.74095,99673.64354,86706.86824,85668.52466,82138.03563,82074.58559,86399.14877,91508.66532,94378.79877,104943.6496,100523.2789,100730.269,105069.9156,110080.0835,119549.5561,131819.3879,142139.1635,143593.2708
Decatur County,IA,19,53,,,,,,,,,,,,87834.1393,88989.96313,93274.51826,97598.44074,103616.8326,125880.2621,111487.3109,112470.6907,123378.3477,126282.2789,141215.4621,137821.7597,139114.4848,128592.379
Yoakum County,TX,48,501,,,,,,,,,,,,,,,,,,118083.7555,121229.4435,128786.1233,148698.5788,168197.0226,179383.1039,173609.6726,163145.6652
Franklin County,MS,28,37,,,,,,,,,,,,,,,,,,116077.4968,117952.047,121517.0315,130303.3043,144554.9263,162476.1805,149806.2277,138681.6843
Benton County,MS,28,9,,,,,,,,,,,,,,,,,,122100.2418,121673.572,121462.6406,126442.6108,142502.7719,154647.6382,131890.7312,123019.945
Merrick County,NE,31,121,,,,,,,,,,,,93184.55369,95341.4794,101091.3134,107011.7618,111904.1179,119052.1651,123608.7308,129358.0282,137546.0519,145358.28,160325.1452,180859.4934,192256.9793,201125.7196
Lincoln County,GA,13,181,74016.37274,89207.14064,94084.24,96283.77971,104610.9949,110314.2761,117449.9534,127205.5005,129225.3871,129716.2036,121073.7066,110070.744,105037.8909,104901.7977,104537.1722,105854.8057,114704.7451,113213.9397,121880.5946,136533.8429,145740.9072,169644.8425,198032.163,208826.8703,213982.8061
McCulloch County,TX,48,307,,,,,,,,,,,,71730.162,71226.62178,74873.4634,75643.22957,81175.42772,89999.61,90252.8291,91309.80022,99495.33207,99216.07852,105456.0417,124318.0506,131380.3159,117722.7591
Kane County,UT,49,25,,,,,,,,,,,,,174179.8526,169294.3998,167242.6287,178704.5229,192739.7301,204740.1968,223548.4165,258768.1194,271997.3218,302372.7585,392911.4405,408543.1626,404262.3064
Cleveland County,AR,5,25,,,,,,,,,,,,,,,,110081.9794,118645.5232,120272.7032,119017.0527,122302.3415,140383.1836,143330.3813,148972.7867,138526.017,138096.7317
Winkler County,TX,48,495,,,,,,,,,,,50002.43366,49981.78843,50374.37908,50420.45191,52144.52926,56103.97492,61239.10963,65668.19199,71180.35851,80188.0606,101910.3694,120334.2192,134700.9111,118656.2957,102523.028
Pleasants County,WV,54,73,63645.93176,66528.08248,68285.29607,70788.32343,74594.73848,80662.82169,89461.76896,92359.22522,94854.32537,95516.54057,93192.60306,93706.55,95104.95232,100424.9667,94072.4608,96139.44,104383.3621,105556.5559,111105.1694,113521.4762,119465.837,135930.6474,143579.8032,152696.5955,153946.2171
Monroe County,IA,19,135,,,,,,,,,,,55989.05105,56222.2228,56734.69938,54879.34793,63319.32467,66885.48,79045.46757,90978.65635,97576.14949,102213.1845,106335.7279,119582.9387,138397.1393,156510.9641,157232.9958
Dade County,MO,29,57,,,,,,,,,,,,,89641.59016,83667.70671,84894.12213,93479.90055,94884.8329,100118.1075,95115.90486,94970.82911,101131.2505,119724.8327,150034.8386,159990.8973,166457.7476
Conejos County,CO,8,21,,,,,,,,,,,103574.9609,94998.21782,94219.7477,104233.5027,112353.5909,115006.2361,118374.2448,122130.9527,126136.487,136993.6238,142223.7727,167399.1966,191728.3969,205771.6394,206862.4702
Wheeler County,GA,13,309,,,,,,70531.53293,70602.48439,75191.56361,78255.85506,78905.43524,70076.47,67505.13,63496.38483,68379.9015,71496.00401,72944.30968,78030.38279,76334.68969,77993.33294,83180.5987,83689.95,98984.47,115112.9788,113138.5275,121914.7358
Clay County,TN,47,27,48329.47836,52224.25038,55882.39275,59621.12435,62669.18176,67588.32,73817.61568,79353.46,82035.18083,81988.81511,79372.64438,78786.54931,78402.98051,77810.45179,80338.25471,82812.32336,93244.82436,99683.85961,105514.939,111529.8564,121300.6616,140176.2844,173295.4427,174206.1848,182285.3558
Marion County,GA,13,197,54424.27524,66230.86963,70570.99,78098.74,83710.2814,89639.69968,83907.35413,86872.80872,88269.57956,85403.11,79990.18,81128.61201,76447.42192,77994.75765,80715.73618,78963.75012,85417.76496,89887.15,89647.66951,93076.46463,97952.8097,107854.1509,123783.6896,115622.0376,124467.8518
Valley County,MT,30,105,,,,,,,,,,,,,,,,,,160048.5134,168911.0001,175047.30,187063.8695,208367.1859,249864.0124,253162.4405,255679.2233
Grant County,SD,46,51,,,,,,,,,,,,,,,,,,151691.0558,156919.903,157107.1917,156685.8338,183738.0559,199751.9462,213500.3782,175221.1791
Boise County,ID,16,15,,,,,,,,,,,135359.616,123312.5466,118443.7462,129555.3097,143931.1532,151494.9337,166565.1202,178004.2712,197673.8449,225292.2667,255073.7809,317226.0154,427243.4873,418341.7418,432378.3188
Doniphan County,KS,20,43,,,,,,,,,,,,,,,,69001.4697,77492.24577,84365.95292,85217.41,90596.04195,95116.65104,111167.6233,119706.9009,128269.3204,131822.5869
Nicholas County,KY,21,181,50318.07,54218.19013,56709.40634,59305.29131,61355.14,64288.44956,67115.72,68906.91834,70232.84101,68808.62502,67910.02756,67467.85,67959.67023,66732.54674,69785.1482,69901.3855,71582.68379,74069.51,78988.44564,84050.54053,90941.89966,104183.6429,120667.54,136001.4796,136373.2858
Gilmer County,WV,54,21,,,,,,,,,,,,,,,,,,,,,80348.5624,100528.9101,111129.8953,115419.8664,118995.1415
East Carroll Parish,LA,22,35,,,,,,,,,,,,,,,,,,,,,,,,,58043.20159
Kingman County,KS,20,95,,,,,,,,,,,,,71754.44,73798.37501,76074.89437,75357.77034,84426.12747,85969.19,86974.04893,92349.24702,99907.73,114717.7091,128416.361,140466.3828,143131.0697
Harney County,OR,41,25,,,,,,,,,,,,88941.47129,83849.38,85138.1124,90972.53,92167.8363,90839.27749,99123.89969,106312.0553,112935.1485,124191.1307,148559.4598,177062.5561,199771.5812,203620.6551
Castro County,TX,48,69,,,,,,,,,,,79803.74625,79028.88535,78177.77,78169.56,85141.48938,87511.71048,88167.67377,83936.02361,90843.07438,97615.84499,105949.8559,119101.1716,129459.6648,114329.6575,113606.0118
Worth County,IA,19,195,,,,,,,,,,,93237.85257,92911.48408,93562.00726,96410.3875,102437.0968,102560.6329,111031.8965,112967.6419,113686.7034,119555.0834,128528.9183,143031.5173,154613.7502,168216.9707,168973.4604
Adair County,IA,19,1,,,,,,,76897.82129,79647.5584,81589.83504,83149.20404,81786.2571,82052.63415,81125.13704,90085.17284,93944.70259,91817.50238,98551.61609,102564.7887,107560.8713,113698.0391,120319.1776,133394.654,152817.5605,162629.9133,167137.5474
Chariton County,MO,29,41,,,,,,,,,,,,,,,,,,,,210506.2503,231808.8292,275096.5382,279217.2599,181238.784,155667.73
Grant County,KS,20,67,,,,,,,,,,,,,,,,,,103625.1979,103686.7544,107557.3693,112566.5865,120320.3121,137782.5088,143175.8982,140361.1362
Lake County,CO,8,65,,,,,,,,,,,179248.969,170576.6326,168958.8217,169084.3863,173190.1446,175714.4198,187114.3171,209204.4247,238066.1788,272066.5091,298784.5905,347267.4793,433175.6171,476988.233,482695.1052
Elliott County,KY,21,63,,,,,,,,,,,,,,,,,,64891.01885,66257.77691,69252.2203,72377.41,86233.40809,102699.0752,114344.5114,119836.6244
Hutchinson County,SD,46,67,,,,,,,,,,,,,,,,,,120886.3121,130746.4498,136722.6883,142899.9293,156757.7861,186036.1226,200192.4479,189251.5172
Rappahannock County,VA,51,157,,,,,,,,,351674.5551,336807.2415,319722.3558,311771.16,306359.1584,320997.6395,325055.4322,332437.0654,348977.3301,350189.2336,360395.74,363183.5179,372929.1938,423905.6028,451774.986,490002.6128,509361.0058
Newton County,AR,5,101,,,,,,,,,,,,,,,,,,104843.1971,105065.7828,112097.4609,114579.623,147771.2123,183877.0609,186299.01,204254.0944
Wallowa County,OR,41,63,,,,,,,,,,,,183658.681,177271.9073,180532.6355,187526.2127,194951.831,207788.8937,221185.1161,233181.3231,251472.5112,277827.10,321351.6269,387701.9652,411910.2577,423096.7308
Pepin County,WI,55,91,,,,,,,,,,,,,109875.2387,115406.3079,117776.6524,121234.0964,128062.337,136961.3748,140926.3456,148854.8972,160420.7569,183879.89,213507.9648,234054.402,243899.8861
Grand Isle County,VT,50,13,,,,177533.8223,199377.1062,230695.8096,252465.2559,268446.9324,269840.85,270840.8023,263100.701,261466.0797,260913.6995,269594.2155,274755.0422,281308.5356,286538.0089,290305.2648,304684.4978,312908.2067,326478.1438,363531.8534,422452.2778,451458.4923,472027.8767
Lexington City,VA,51,678,,,,,,,,,,,,,,,193843.4997,195429.9922,196432.1173,196398.5893,198883.9614,204113.7213,213917.4715,238271.6087,266006.0369,283950.2475,293632.5132
Jefferson County,MS,28,63,,,,,,,,,,,,,,,,,,108614.2803,103173.6129,96709.32774,103068.291,117913.5353,147107.3462,130408.9206,104403.8926
Pierce County,NE,31,139,,,,,,,,,,109014.0742,109783.7576,107141.5319,108163.6345,111786.8232,114233.97,121441.8641,131323.0044,138526.8477,150035.1388,152701.5489,161729.647,175354.9459,193435.2954,207141.9755,218718.1267
Lee County,KY,21,129,,,,,,,,,,,,,,,,,,,,,,80955.17731,97264.90783,107970.4418,112533.371
Grant County,OR,41,23,,,,,126093.5677,138412.51,163505.9666,175700.7036,162931.3604,158673.2572,146395.5523,131369.9418,120298.1414,124284.6856,130154.7446,140221.6799,150035.5212,157105.274,168772.146,181639.3831,189525.3205,213472.9668,259230.8764,273717.0004,274502.3201
Jefferson County,NE,31,95,,,,52687.77805,53002.39992,56180.03505,64867.07514,65154.0313,64973.34971,67474.43912,66681.47498,67436.26562,65483.56273,68000.70492,69447.03167,66673.93243,67904.53563,73153.48995,76065.41,79772.8299,84385.10183,99964.69782,112281.1208,124202.835,124641.9793
Ferry County,WA,53,19,,,,,,,,,,,,,,,163122.0733,172880.7899,188150.8294,191280.6074,204928.5859,212212.7621,242711.0524,276774.8067,317492.8188,285897.78,278804.8292
Van Buren County,IA,19,177,,,,,,,,,,,,53687.17,57008.99983,59426.2771,63854.94113,65837.27,71349.51204,81755.09672,83868.89389,86888.0138,95656.09429,110460.3963,122998.7276,136962.0228,144137.9349
Lake County,TN,47,95,48792.82693,51793.40481,51689.11818,52887.49915,54111.60828,56293.21316,60348.03683,64201.56764,65037.18622,64112.12012,60416.39,59894.56423,58652.95661,55743.18035,58632.63877,56567.6361,63388.54969,65380.31586,63681.34972,66091.60289,70486.11555,75970.77562,86923.83104,84978.05334,91308.87
Crook County,WY,56,11,,,,,,,,,,,,199092.9376,205452.5949,217546.9997,216634.2302,221617.2668,242936.64,242629.3805,242422.00,250937.0564,264677.6223,293052.491,343196.9747,375016.767,385779.3321
Shannon County,MO,29,203,,,,,,,,,,,,,,,,,,104573.2252,103337.7795,101713.579,108865.0464,124133.9061,150560.3557,168017.4369,161285.5919
Dallam County,TX,48,111,,,,,,,,,,,,,,,,,,,,77673.99359,85718.44054,100958.695,118695.1005,136397.6036,133069.1699
Broadwater County,MT,30,7,,,,,,,,,,,,,,178107.8263,183460.9382,186519.7762,206068.4944,215858.4134,239463.1245,256165.9977,278949.2376,322621.3457,420303.3535,453827.91,479089.4351
Forest County,PA,42,53,,,,,,,,,,,,,,,,,,90292.91104,84530.38898,76856.68566,87910.11742,108233.4758,120936.4445,105865.276,96268.51689
Brooks County,TX,48,47,,,,,,,,,,,,,,,,,,,,,,,,65911.98012,59331.79481
Union County,IN,18,161,,,,,,,,,,,,,87703.92997,91071.86547,97672.48697,105673.8591,112867.5452,120928.3341,129160.2434,134836.0307,145929.3391,166112.4258,181035.9191,191345.8224,197631.3429
Pocahontas County,IA,19,151,,,,,,,,,,,,,,,,,,60423.00979,67497.89,80619.60743,91243.93276,104541.9445,97073.78,96537.86944,102130.8463
Goliad County,TX,48,175,,,,,,,,,,,,,138683.5435,150792.7605,169366.3219,192866.93,198719.3795,202628.2468,197154.68,231227.5945,245097.7869,257943.0463,271507.0192,253512.7901,250384.6289
Kit Carson County,CO,8,63,,,,,,,,,,,,,,,,,130196.5703,134671.3807,143593.565,157500.8127,163671.6792,190041.4073,219281.06,239816.0819,231913.8023
Tillman County,OK,40,141,,,,,,,,,,,26685.53,27874.14,27755.63144,29603.75696,28995.08907,31094.50422,31818.38914,33383.79017,30142.59035,32202.58071,32035.75513,36635.36857,40656.66746,45985.76644,47344.94018
Swisher County,TX,48,437,,,,,,,,,,,,,52025.01845,48623.08341,52188.27009,53899.02695,58515.17046,59542.29643,64798.13442,70943.95977,78965.09433,84107.69589,98266.07311,99768.34,90993.23686
Blaine County,MT,30,5,,,,,,,,,,,,,,,,,,117831.876,123512.0042,134548.8159,142740.4356,159419.1013,200549.4613,212404.2395,225247.3291
Nemaha County,NE,31,127,,,,,,,,,,,,,,,,,,103916.1078,104768.0683,110068.4775,114812.8379,126317.3043,138851.3128,154368.0849,154170.3176
Bon Homme County,SD,46,9,,,,,,,,,,,,,,,,,,131528.5955,138252.9557,142216.6197,139309.7055,157226.1971,162823.2359,170664.5971,168395.4996
Caribou County,ID,16,29,,,,,,,,,,,137922.3261,121128.8683,114417.1646,141377.7996,146666.5253,161253.9415,163454.8062,169266.2079,176167.5108,195735.5284,199925.8331,229622.0173,282378.2237,299342.3221,289215.1582
Fall River County,SD,46,47,,,,,,,,,,,,,,,,,,145897.2149,152591.1486,156897.3694,169600.7417,194345.5606,232577.6651,250171.3663,238944.4536
Ida County,IA,19,93,,,,,,,,,,,,86106.07,85369.56216,95574.20422,97062.83708,95078.10631,99012.75605,98619.95417,101304.8566,102511.2711,105312.5816,117604.1335,134807.6939,142379.5362,142293.7365
Bailey County,TX,48,17,,,,,,,,,,,,,,,,,,76044.72642,77071.35221,80629.47917,84708.41477,95746.13642,105227.4916,105809.3433,110572.1266
Beaver County,UT,49,1,,,,,,,,,,,,,,,,,,154475.5214,166304.6013,191256.8936,198936.959,221492.8371,281939.7906,291064.3754,302160.0557
La Salle County,TX,48,283,,,,,,,,,,,,,,,,,,,,,,,,171669.1431,151579.7383
Powell County,MT,30,77,,,,,,,,,,,,,115691.4145,124461.8535,132518.2561,138618.9122,141530.4633,143072.3754,150470.1533,160982.71,172055.0137,196276.0822,253243.4453,276937.2263,296705.8408
Schuyler County,IL,17,169,,,,,,,,,,,,,,,,,,94810.51342,97687.8803,100412.8385,105719.3676,117828.2102,122404.778,143369.0722,147504.1658
Pembina County,ND,38,67,,,,,,,,,,,,,,,,,,95460.42277,95113.97943,97009.93271,94805.47679,105611.6183,109151.6881,115560.4025,107390.2883
Monroe County,AR,5,95,,,,,,,,,,,,,,,,,,79181.90602,76373.07483,75292.44,76987.45259,85138.04548,89122.49958,79518.64648,73545.22814
Weston County,WY,56,45,,,,,,,,,,,,,,,167940.5896,173567.7673,181153.3045,178773.1207,178468.089,176199.6686,181265.7986,196331.5699,212376.9216,232898.8261,236855.9844
Wabaunsee County,KS,20,197,,,,,,,,,,,,,,,,,,124875.0384,127115.4308,134711.0448,142764.2877,166788.8278,191441.2609,212639.4122,226669.2562
Southeast Fairbanks Borough,AK,2,240,,,,,,,,,,,,,,,,,,240686.7341,228754.9412,260145.8139,261059.1287,299712.2484,353758.8707,340159.4432,322627.6826
Tucker County,WV,54,93,,,,,,,,,,152058.2743,137411.85,149979.1257,133770.4328,114207.9837,111790.0363,118749.0363,122274.1815,121071.6241,121569.3259,128124.6173,129741.0951,149053.5345,167043.4833,186346.022,193728.7325
Refugio County,TX,48,391,,,,,,,,,,,,96240.39631,95114.0757,95161.20727,98245.75,102465.231,106483.534,109612.3122,111030.2328,117272.8879,132015.0996,140436.0051,152321.9891,139174.54,134059.6665
Charles City County,VA,51,36,,,,,,,,,,,143757.6784,138637.1688,135755.4977,140638.5681,139796.6808,154665.0581,159248.8103,162965.9608,169461.22,173698.3606,184927.5729,210308.9421,229079.4631,247173.6572,258596.9427
Thurston County,NE,31,173,,,,,,,,,,,,,,,,,,92801.23099,96710.32882,105069.6414,116022.2734,128622.1413,137860.6166,148517.8389,148173.2445
Huerfano County,CO,8,55,,,,,,,,,,,106560.7152,105495.7784,105833.9112,105708.3229,108568.7472,112869.4412,115993.5071,126281.9523,135385.6719,151308.7842,165195.4611,194467.1099,242880.0708,259507.5081,263889.2006
Childress County,TX,48,75,,,,,,,,,,,,,,,55720.41552,58157.07545,65350.17505,64901.83951,61962.51704,69036.02871,75858.98065,85331.70429,99448.99579,99628.45031,82162.94001
Lac Qui Parle County,MN,27,73,,,,,,,,,,,101346.3383,90193.57381,88317.81,91297.04,93352.25973,91772.11,100412.8607,99722.71501,103177.5549,108952.3699,117198.1329,129802.2915,152014.9934,164295.057,165359.0341
Russell County,KS,20,167,,,,,,,,,,,,,51629.71404,56979.35006,59513.32434,59663.31411,62499.15423,64680.35308,64245.05647,67903.02063,66177.02128,71752.4389,83024.55448,89706.62672,92044.87137
Clinch County,GA,13,65,,,,,,,,,,66487.50748,60181.28978,59643.16333,57486.11836,61076.39069,62610.06817,60239.51276,66069.13355,65408.4447,67970.83918,73166.86,73870.47331,86080.9864,99709.81186,89762.0196,102709.2233
Burt County,NE,31,21,,,,,,,,,,,68750.03262,72855.42148,73260.02305,70737.0647,76581.11157,79050.17,85773.04745,90669.76471,96234.02497,102887.6488,106534.7106,121917.4328,138465.8283,154251.5871,162358.4397
Fremont County,IA,19,71,57849.80194,59534.70334,62742.0784,65392.78,68896.82052,72195.69256,71728.24418,73694.74655,74722.76649,74951.51759,74375.38807,74154.13079,73785.59,76161.18243,78994.62767,86881.41492,96224.86092,93454.94572,94415.95559,105642.0962,115015.6824,128930.8078,141908.2681,160205.3205,152607.2704
Hancock County,TN,47,67,52399.43404,54249.52086,57785.43348,61427.99737,61306.0369,65995.79914,71388.50127,77579.81872,80457.97057,81240.81516,78665.72957,78923.46889,80824.21487,84896.12964,86058.67,89740.7675,93494.64255,98211.92855,99031.2708,100881.8629,116789.518,129592.7407,156486.7363,154039.4208,160866.6801
King and Queen County,VA,51,97,,,,,,,,,249267.7879,231685.8799,202647.8231,187915.2089,162062.7494,154878.3743,148749.2137,150295.9908,162137.6662,170446.3614,178303.4073,187778.8408,189125.2263,214005.3218,242131.0464,257088.3536,267561.2169
Galax City,VA,51,640,,,,,,,,,,,,,,,,,,92436.76146,98130.04162,99689.80468,107403.2124,120846.7858,138739.7354,151177.4777,155711.9524
Pershing County,NV,32,27,,,,,,,,,,,,,57172.35,62704.27225,71337.96042,80070.45503,95379.33496,99872.17289,97208.23019,106783.4701,118002.5115,136676.3184,165295.7404,173892.8433,196644.2697
Wolfe County,KY,21,237,,,,,,,,,,,,,,,,,,81884.09542,84618.0263,97640.02247,99766.30134,124778.9067,148689.31,158748.5224,163659.2278
Clark County,MO,29,45,,,,,,,,,,,,,,,,,,,,,,,135148.6088,133026.1614,126326.2449
Buena Vista City,VA,51,530,,,,,,,,,,,,,,,,,,93364.36378,96253.19679,96752.26711,106532.444,119922.24,140109.1653,148646.9084,157326.8085
Dallas County,AR,5,39,,,,,73730.44532,77594.01,80077.53349,83149.90848,81782.84416,80942.09,74094.96082,72306.90121,71215.66011,71083.08,70719.14126,71900.75366,78752.46577,83527.22881,83819.09,87609.9032,84375.52,89271.02387,96116.89422,90442.82392,81671.63
Kearney County,NE,31,99,,,,,,,,107016.9739,108667.7928,109548.6161,,113631.0729,116639.8284,123376.6482,137757.5418,138501.5747,146966.1705,153501.5628,159119.9966,167180.7521,176573.8409,189054.4415,213277.8207,226132.5854,224668.7338
Surry County,VA,51,181,,,,,,,,,,,141802.7886,141085.7576,152448.8284,154490.3147,155571.797,158297.3575,171854.7303,174288.4171,179044.4746,184735.7255,194278.1706,220061.8896,244121.3589,245552.918,262074.8565
Fulton County,KY,21,75,49092.92629,50271.0653,50246.08891,50255.14136,51135.9349,52774.98627,50649.77741,50600.79042,50575.07,45938.37892,43817.75355,42189.16735,39723.87795,40877.54,41565.913,40274.27535,40989.54167,42499.78312,43785.61205,45912.22729,45366.69001,53885.98157,59291.38846,67953.96054,66973.49803
Wayne County,IA,19,185,,,,,,,,,,,61675.42189,63469.2191,65006.22771,71724.84204,69345.17329,69498.95892,72112.09263,74819.94664,77754.27608,82889.86216,88178.51409,101435.4272,117086.5254,129260.0896,128432.3766
Randolph County,GA,13,243,,,,46718.83324,47927.45209,50299.41106,50739.28069,52376.4442,53052.24769,51857.81197,49521.42322,49567.26327,47073.96109,49366.77863,52365.25848,51537.43449,53636.46831,54720.99819,57987.86,61060.49113,62346.78407,76090.93,86790.5535,83192.49375,90487.38903
Norman County,MN,27,107,,,,,,,,,,,,,,,,,,107663.3304,118335.2637,121592.2504,122715.4347,132190.5159,149289.2623,150176.8482,151253.1919
Wilkin County,MN,27,167,,,,,,,,,,,,,,,,106444.4912,125966.5981,144790.7247,155042.6533,157445.70,164161.676,176235.5799,191798.7613,196511.3687,196105.9023
Rio Blanco County,CO,8,103,,,,,139178.5025,149046.7458,159502.17,172146.811,178143.5175,184292.0635,182493.9739,180192.0949,180527.9771,181077.0439,184620.6944,182778.7602,184644.9788,188265.336,197028.888,205231.9034,217730.1242,238780.2653,270710.3801,289387.9873,291151.7284
Henderson County,IL,17,71,,,,,,,,,,,,,,,,,,102370.3427,97070.50768,91488.2778,91217.78133,106561.0973,102393.4912,102106.8178,102015.3449
Moore County,TN,47,127,92011.3168,95109.87436,98414.69548,101749.33,105639.6267,111486.9152,120822.3814,128527.5816,132925.595,136098.2322,132133.6382,131293.0548,131789.4731,135279.3361,132925.96,139055.1139,151117.1333,163090.1585,177029.0299,190650.01,216596.4588,243841.1604,289816.9115,307197.4656,324541.0388
Howard County,NE,31,93,,,,,,,,,,,,,,,,,146358.62,154615.0515,160890.8347,171845.11,185584.8333,206018.9385,223568.8932,248772.8125,252518.1204
Bottineau County,ND,38,9,,,,,,,,,,,,,,,,,,164232.0322,149046.8391,151036.0665,143129.8063,160330.91,176968.8139,188496.9706,176122.1416
Calhoun County,WV,54,13,,,,,,,,,,,,,,,,,,68159.42719,65991.14,72292.36,71624.78552,89050.83938,98537.20165,101639.1821,101152.9898
Treutlen County,GA,13,283,65221.03459,69268.68,71084.64204,71882.16432,74485.17312,74592.00931,79885.21216,83844.67571,83490.21627,79773.52241,73950.70293,72397.03062,68977.54557,68974.89,74480.31175,71014.62686,72287.12152,74737.92401,75612.43893,77503.74,80968.97679,94524.71943,110502.367,105208.8487,108702.0437
Spink County,SD,46,115,,,,,,,,,,,,,,,,,,100571.4944,103118.7233,111503.2259,116931.8779,132143.5948,153756.9591,167002.48,160324.0026
Ellsworth County,KS,20,53,,,,,,,,,,,,,,,,,,71677.05942,70154.89714,71607.15566,75410.67022,87143.55558,97535.02,105599.3103,109783.1188
Lafayette County,AR,5,73,,,,,,,,,,,,,,,,,,73736.30119,72942.33,70111.31371,72054.7459,84800.25333,90415.36622,85593.47123,85024.05024
Saguache County,CO,8,109,,,,,105370.4209,105470.2819,110087.1172,113977.2128,115650.7934,116610.8736,112198.6818,110682.9428,104163.2302,116665.9149,129169.2942,127252.8562,134692.4399,150448.3495,158631.6864,171462.5739,181895.008,217332.9244,269032.1078,284303.1094,255727.5628
Pawnee County,KS,20,145,,,,,,,,,,,,,,,,,,57069.26691,56415.57842,56449.40,57601.54528,64942.64594,72283.96554,81181.81137,86998.997
Moody County,SD,46,101,,,,,,,,,,,,,,,,,,149627.2179,159270.0133,169866.3296,184393.0715,206247.891,251970.3488,278721.3848,281926.5631
Woodruff County,AR,5,147,,,,43277.63795,44691.34735,47972.0191,47219.41217,48781.90019,48745.58888,46446.88663,44542.19377,44678.37525,44382.03694,46904.88489,48098.83113,48305.59221,50902.44562,52477.52191,54187.40319,55086.11378,54025.09226,62432.05768,76295.92374,74478.49142,72529.66716
Brown County,IL,17,9,,,,,,,,,,,,,,,,,,112695.2097,107510.279,107590.5668,110941.0805,125293.4161,119761.2529,116625.919,107004.2767
Presidio County,TX,48,377,,,,,,,,,,,,,,,,,,116158.2719,120592.8761,131697.1872,138867.4332,156196.6246,200518.9817,188405.7828,186406.4675
Bear Lake County,ID,16,7,,,,,,,,,,,151762.2374,138112.3538,136197.5094,149103.8149,154859.72,161562.355,187553.4971,169151.2659,181504.2365,202406.38,217865.1482,259762.985,352874.455,374976.3335,372850.0561
Antelope County,NE,31,3,,,,,,,,,,,,,,,,,,109353.5779,114928.5616,118352.918,127629.0748,145480.2078,157745.6334,168013.991,174510.6468
Bland County,VA,51,21,,,,,,,,,,,,,103976.9591,109372.1331,112213.2905,111021.0258,114311.8121,117394.6846,123102.9587,126690.9034,124925.4626,143269.0543,155977.3309,162885.7412,164167.7852
Pendleton County,WV,54,71,,79467.52309,78893.93061,81592.40488,86851.0098,95628.06144,103278.5433,108192.5304,113489.6667,113339.7963,104483.2303,103327.9066,107364.0999,111278.63,106198.8679,107214.378,115019.50,114801.6742,118417.6609,125146.7145,128280.5461,146407.35,164615.7131,176930.02,184274.0034
Edwards County,IL,17,47,,,,,,,,,,,,,,,,,,80727.29288,80884.03032,79435.41659,77378.34866,86294.93166,80799.41,79098.61067,76136.11911
Gentry County,MO,29,75,,,,,,,,,,,,,,,,,,74723.96879,79575.13,82409.93166,83679.53,97992.27,110950.1515,102206.8728,105448.9986
Teton County,MT,30,99,,,,,,,,,,,,,115584.9862,130006.6392,132704.3591,140352.48,160280.4243,159697.4091,165770.4474,175976.0685,187492.814,213449.6652,273142.3509,294754.7397,309620.6032
Osceola County,IA,19,143,,,,,,,,,,,72688.15799,71324.91232,70967.33163,71646.79,74007.47606,76021.08551,89631.78707,87526.36909,87591.82329,98767.11437,103073.8469,121118.7884,131300.5559,143447.2712,141091.333
Menifee County,KY,21,165,,,,,,,,,,,,,,,,,59963.53043,60618.94594,61865.32861,64018.69613,71156.68259,82841.03956,93708.52811,100451.8092,105157.9156
Reynolds County,MO,29,179,,,,,,,,,,,,,,,,,,103955.7724,106712.3456,107505.68,110834.3352,121632.2859,137093.5144,149742.3471,147982.0406
Hamlin County,SD,46,57,,,,,,,,,,,,,,155692.3161,169580.6766,170618.9813,183043.3546,192692.0409,207221.8282,217105.383,222094.003,247791.3105,289279.5052,292415.4121,292614.9156
Clay County,NE,31,35,,,,,,,,,,,,,,,,,,89708.80598,91869.6308,101030.7175,107299.8592,119788.4765,127131.1232,142253.6731,150494.3936
Benson County,ND,38,5,,,,,,,,,,,,,,,,,,,,,,,128988.4123,130452.5015,111079.1853
Shelby County,MO,29,205,,,,,74642.45816,79510.34121,83337.83766,85485.81,87885.27,84127.28273,80587.42631,79557.90418,79051.30,91230.17964,98080.21458,105027.8212,108503.8532,102232.031,103713.3513,103029.1428,101102.1723,116851.5254,136069.6843,148496.688,154467.3761
Van Buren County,TN,47,175,56427.04,57392.53837,62088.8274,66053.02022,70134.1892,76483.00837,85457.0882,92212.83817,94926.35969,95415.03975,92425.58278,91344.98049,91743.05156,93047.50278,99780.19,108088.4333,113443.3989,115822.6283,118360.667,124635.996,137364.8834,155872.4841,183940.2648,197824.7394,207672.4385
Iron County,WI,55,51,,,,,,,,,,,107709.4343,113039.9057,113017.1917,112705.28,113799.0386,117377.7117,118571.0261,122587.4981,123869.3374,133968.514,137903.802,157192.9154,169764.6457,186701.6162,186071.0146
Greenwood County,KS,20,73,,,,,,,,,,,,,,,,,,49501.80556,49602.15121,48746.50,55016.61233,64646.2556,70875.27804,74224.7122,75064.00085
Sullivan County,MO,29,211,,,,,,,,,,,,,,,,,,,,57055.41808,61535.04,68319.15082,79142.02096,69833.09388,68959.41083
Grant County,MN,27,51,,,,,,,,,,,,,87988.21036,93966.64597,104178.317,107644.6643,117629.2474,125725.1546,130658.9231,137955.4571,146339.7411,161328.7974,194436.0065,204544.1919,202482.6133
Cumberland County,KY,21,57,,,,,,,,,,,,,,,,,,74660.11,79817.44973,81279.38743,87348.71,101401.7716,114664.9327,124489.9244,123321.3155
Crowley County,CO,8,25,,,,,,,,,,,,,,,75166.60036,82872.39513,87411.04572,89790.4218,98432.97869,107460.7817,113191.6755,139456.9157,154428.3497,157127.1711,148239.6649
Miller County,GA,13,201,,,,,,60979.09156,68618.35745,71852.65594,75031.52402,72070.86981,67252.12606,65200.07628,61484.30361,65325.39318,69300.57,68934.37202,74495.27,73857.60958,78419.61,84590.08445,83171.32583,101145.717,116271.5708,125919.821,133832.3707
Pondera County,MT,30,73,,,,,,,,,,,,,,100349.4361,107738.4797,115603.6733,134874.4831,133634.3999,140138.2944,148830.0088,153603.4588,168982.2564,210310.4195,231869.7605,237559.4325
Essex County,VT,50,9,,,,93375.75499,102484.7871,116433.7899,127370.9366,132949.446,135360.3103,145398.2873,138965.0747,134828.8872,123651.9003,124068.2836,130414.0887,126884.8568,133478.2437,137491.5574,144674.7604,150610.4804,150084.0327,169614.1278,195395.5719,216219.62,220078.2527
Sherman County,KS,20,181,,,,,,,,,,,,,,,,,,80253.95877,84675.57693,86865.40,94882.95009,102111.14,122342.5421,136870.359,138075.5216
Sullivan County,PA,42,113,,,,,,,,,,,117373.4148,124443.80,137652.4445,141430.9027,141644.6708,145743.6093,143542.1083,147126.6338,145278.0656,147375.0553,152937.0464,173462.3874,191036.4362,206259.2631,228331.1389
Taylor County,IA,19,173,,,,,,,,,,,,60944.80976,66570.27,67571.71455,66920.16952,64372.26691,73671.45,78081.85963,77934.28679,87322.0991,87659.24873,98252.30287,110215.6272,117218.8265,119114.4575
Ohio County,IN,18,115,,,,,,,,,,,,,136739.8716,140194.1843,140026.8607,140313.1238,144947.8175,149136.1556,155310.8962,164570.3205,175695.2386,202813.6419,228376.7023,242982.0485,263412.9116
Chouteau County,MT,30,15,,,,,,,,,,,,,,,122651.9626,130223.1398,146991.722,146553.7117,155295.133,164759.0603,179266.6286,207098.511,256698.1526,263543.8701,269659.8957
Ontonagon County,MI,26,131,,,,,,,,,,,,,67754.04,74185.50339,69333.32969,70849.3035,73381.11781,72094.19,76045.08059,81299.90368,76901.56494,90503.35087,115110.7042,118889.5067,110909.4985
Mitchell County,KS,20,123,,,,,,,,,,,,,,,,,,81889.13758,80534.59198,85631.53969,91792.20692,100537.7489,111447.3384,119392.17,121370.8524
Stanton County,NE,31,167,,,,,91766.46203,96234.91912,99613.57249,100815.6642,102352.5376,102562.7624,101735.6067,102658.9862,104055.1211,112256.9646,121786.5364,126365.9493,136255.4225,142381.8452,151034.175,160360.1335,170926.9172,184384.3064,211400.619,225223.7205,233290.3974
Bent County,CO,8,11,,,,,,,,,,,40527.02719,38236.70105,36003.88873,39398.26614,43833.87003,49527.41584,52132.95456,58953.19153,67621.06,75267.02119,67100.50,95844.6306,117157.7859,113720.0245,114656.8396
Carson County,TX,48,65,,,,,,,,,,,94265.18957,93683.44958,92695.53377,92564.03877,96373.0644,99205.88287,101643.5277,105123.1824,104784.5419,114390.383,117916.369,125373.4827,143397.155,142718.7572,136985.5773
Talbot County,GA,13,263,55009.50186,59765.40876,64791.32392,68047.04872,71850.8699,76382.47429,81821.01784,89127.03172,90261.66959,89159.23011,82323.47387,78279.51673,71606.59,75433.83413,77955.02192,78923.67275,82252.43944,84260.02699,86109.45101,91523.61669,97641.20,114901.5404,128224.5856,138551.1795,140829.1851
Gilpin County,CO,8,47,,,,,214009.6115,223271.7603,229300.8788,232700.0774,231246.2362,225802.4111,217147.716,208119.1052,203902.6473,214822.81,227410.9353,247228.039,275771.1447,307406.3142,332634.1461,361575.4024,378094.4089,430534.758,496621.2115,529507.94,537636.262
Ottawa County,KS,20,143,,,,,,,,,,,,,75484.30368,78908.37,81653.70178,80252.85,86230.54003,86903.24183,91626.98163,96621.41042,102131.1285,116216.2446,130939.3622,138704.5329,147997.3337
San Saba County,TX,48,411,,,,,,,,,,,,,,,,,,,,,127968.5207,159210.6576,177036.0811,178756.5193,168554.3013
Emporia City,VA,51,595,,,,,,,,,,,64638.14077,61296.51354,60959.63828,59979.59433,58691.26793,57720.29988,59029.93834,59105.61285,61938.45995,60015.43335,66822.08461,76683.80432,94129.28723,112728.9727,124727.481
Alfalfa County,OK,40,3,,,,,,,,,,,,,,,,,,51838.20529,52853.49245,55885.98,57388.54354,67738.07356,73161.25,74552.78997,70886.62495
Garza County,TX,48,169,,,,,,,,,,,,,,,,,,83986.69672,89253.42572,91895.60405,96748.7702,106511.0078,113697.8173,101744.5713,92936.62397
Lander County,NV,32,15,,,,,,,,,,,100744.4844,95425.1766,92269.58009,105658.5935,114683.6267,121613.362,127754.4152,131422.7104,143547.3308,151825.0619,153588.73,167021.9707,185224.776,191307.564,205290.9663
Gray County,KS,20,69,,,,,,,,,,,,,,,,,,126093.1314,131916.1886,139745.5091,148865.8028,161171.9425,188420.1893,201410.4511,210911.662
Covington City,VA,51,580,,,,,,,,,,,,,,,,,,47487.38874,49542.47639,49065.068,49474.1517,61112.76705,67014.03898,73762.33405,80672.15362
Ransom County,ND,38,73,,,,,,,,,,,,,,,,,,162005.1771,152969.2026,143027.46,153263.2726,168811.6873,173259.0471,178002.8683,156931.6418
McCook County,SD,46,87,,,,,,,,,,,,,100130.4567,110230.7271,122370.7485,125867.6975,140646.4105,152130.3916,169622.9752,177111.0659,184533.301,209546.577,247563.0972,269009.2075,268122.4321
Calhoun County,GA,13,37,,,,57933.92006,60041.98919,62704.21388,58339.01197,60679.48643,61102.60,57815.67969,52504.09805,52130.025,50176.72332,57675.88825,58392.41831,55466.47828,59852.55,60066.93486,62441.10813,63341.27309,66840.69332,73809.34879,84499.46739,81291.23589,79494.57591
Audubon County,IA,19,9,,,,,,,,,,,69912.48502,71999.41387,74756.03491,74204.94304,75134.94,77837.81878,84835.18,85172.30677,84591.28254,93332.69461,101694.8476,111213.9017,124534.7322,133767.1106,135907.9556
Lincoln County,MN,27,81,,,,,,,,,,,,,,85518.40241,95153.25886,98476.21,103581.3875,109706.9883,111490.62,121744.7381,118509.3677,138270.7444,148678.2991,153727.9001,156435.6157
Cameron Parish,LA,22,23,,,,,,,,,,,137898.0639,144136.8443,150678.7868,152896.196,147643.5713,156830.4906,172058.4804,172766.2666,186323.2404,194399.76,207626.1611,224683.2391,197910.7792,193443.2281,187183.0581
Putnam County,IL,17,155,,,,,,,,,,,,,87114.98,87251.71,85744.31039,88399.07157,96349.37032,98856.05456,107725.6994,117089.1203,114468.7267,135277.9624,148671.3009,156401.2084,174246.0505
Dixon County,NE,31,51,,,,,,,,,,,,,,,,,,114112.8487,119810.0047,121877.693,132513.9351,145701.8002,161427.1043,167800.98,174472.6135
Lincoln County,CO,8,73,,,,94027.19934,95859.16481,100550.7126,102680.0469,102211.2438,101725.8362,99008.65404,93798.79949,92689.3619,91847.83355,104990.4731,101271.5495,103971.7451,117292.6364,123950.0246,132919.7723,150267.8919,168245.2377,199205.2099,235642.3034,246969.3773,241512.3371
Tripp County,SD,46,123,,,,,,,,,,,,,,,,,,137154.0276,137128.6367,135318.6523,154139.8489,174228.7774,201228.745,221731.4294,196378.517
Cotton County,OK,40,33,42411.66515,45491.75764,45900.98339,47672.95126,48930.10864,,53082.23748,56380.07,58240.89196,59324.17781,58509.37174,57849.15534,58760.98729,56889.72939,52853.4138,54794.2005,52557.93267,58865.88379,69439.19312,75033.03792,83274.7679,85477.31541,82284.49896,87762.56,94973.34715
Lynn County,TX,48,305,,,,,,,,,,,,,,,,,,142557.8115,139826.6618,148812.0185,150158.3069,166495.6368,178248.9959,164786.0104,152067.465
Cook County,MN,27,31,,,,,,,,,,,,,225756.0843,223464.9224,226781.214,232169.4621,245306.4833,245635.0828,254282.5645,262362.77,271613.4002,297455.9443,344243.7535,376845.5395,411920.0073
Fillmore County,NE,31,59,,,,,,,,,,,,,,,,,,92043.09327,95703.52518,104589.7977,109768.5438,120153.5677,134157.5624,147969.7512,156532.3737
Greer County,OK,40,55,,,,,,,,,,,,,,,,,,59117.30881,52639.06033,56598.57876,56965.99,55385.51296,59469.69666,67608.57075,69804.94388
Washington County,KS,20,201,,,,,,,,,,,,,,,,,,81755.67,81195.5105,85048.52432,92498.75112,101063.99,114418.15,125174.0396,124712.9535
Harper County,KS,20,77,,,,,,,,,,,,,,,,,,54190.13466,54026.10203,55804.51282,56286.82327,60815.13901,67543.33406,75074.24208,79191.40758
Luce County,MI,26,95,,,,,,,,,,,,,,,,,92461.78447,90352.88,90835.87689,89210.9152,90158.75084,101713.181,113282.2589,118935.7865,110952.6971
Cherry County,NE,31,31,,,,,,,,,,,,,,,,,,123722.1192,128980.3253,143552.6966,150715.1361,163401.4667,172064.8511,186983.0463,190878.8811
Jefferson County,OK,40,67,29671.43988,31009.96806,33508.1928,34639.9989,36106.22086,37170.61,29860.48514,31447.04218,32682.08861,32567.42976,31372.63959,30969.72103,31141.27583,30625.38572,32838.25,34292.84451,33952.24552,35519.69845,34792.64723,37228.39697,40822.19882,48819.14678,54598.25535,65921.02365,65731.70057
Day County,SD,46,37,,,,,,,,,,,,,,,,,,173130.2441,180551.9395,178327.1399,173573.0274,196438.8203,220446.5858,233898.0887,216368.1746
Floyd County,TX,48,153,,,,,,,,,,,,,,,,,,86409.68683,88036.51037,90907.22846,94748.78,106048.9889,100216.3179,92575.8766,78018.23384
Hartley County,TX,48,205,,,,,,,,,,,,,,,,,,166317.885,177457.4494,191865.4911,193130.3915,203442.6732,232903.6076,233029.3908,230034.2444
Alexander County,IL,17,3,,,,,,,,,,,,,,,,,,,,,,,51721.49435,42707.31244,41019.74943
Norton County,KS,20,137,,,,,,,,,,,,,,,,,,63526.91766,65923.61818,70347.79672,72124.7651,77566.36578,83027.93388,88712.25,86269.11519
Stark County,IL,17,175,,,,,,,,,,,,,71587.1255,77321.18924,79854.52712,82294.12793,79384.98,78639.57586,77987.49,73698.69073,83469.86,96910.20047,95904.02769,97411.44578,97282.31095
Mahnomen County,MN,27,87,,,,,,,,,,,,,,,,,,110149.3683,108082.4871,113211.86,114591.929,134542.1335,141276.4154,147577.9866,146893.1266
Haskell County,TX,48,207,,,,,,,,,,,,,,,,,,81420.63072,76387.90767,72518.13465,76127.20955,75868.53604,88438.87671,86392.50714,83934.15719
McHenry County,ND,38,49,,,,,,,,,,,,,136862.1732,152632.2122,186900.5862,194800.0918,188710.5428,162564.8918,149406.2489,147169.3548,140179.815,147519.5645,151205.3731,140050.0059,119143.4935
Boone County,NE,31,11,,,,,,,,,,,,,,,,,,147435.1745,156458.9434,163829.1526,177007.9681,191303.8538,216490.3744,231171.2022,232170.1194
Morris County,KS,20,127,,,,,,,,,,,,,,,,,,89419.32,93347.98769,97540.65094,101767.2458,118556.8282,134139.7527,150274.2951,147854.1643
Carter County,MO,29,35,,,,,,,,,,,,,,,,,,95017.7563,105023.423,119652.4335,113004.4368,130523.6529,170537.913,172568.2154,162842.7586
Walworth County,SD,46,129,,,,,,,,,,,,,,,,,,94496.56097,95432.65465,97186.33601,102135.1368,116160.8927,128516.44,146365.0072,134977.6339
Stewart County,GA,13,259,,,,,36007.71,37629.81,39979.35427,42315.78023,43291.57161,41660.93929,37538.3963,35954.89503,33608.46752,36786.47542,43152.50464,41539.35789,43003.45849,40989.19546,41441.88453,45026.56465,44644.45554,53419.09976,61391.50725,55755.43722,60453.17004
Hansford County,TX,48,195,,,,,,,,,,,,,,,,,,118840.5743,124114.7209,128631.0977,126545.3778,137217.6243,156919.6694,139261.2512,124285.0929
Stevens County,KS,20,189,,,,,,,,,,,,,,,,,,97734.459,99457.05113,101512.5727,105946.246,118396.3347,133714.2453,141594.797,142071.6748
Atchison County,MO,29,5,,,,,,,,,,,,,,,,,,80538.81388,82991.73412,83120.7795,90974.66592,101893.9412,114469.7202,122760.8294,127018.8842
Johnson County,NE,31,97,,,,,,,,,,,,,,,,,,99045.33144,105563.9448,110645.9605,118265.8701,135173.7663,149585.4576,163142.16,164524.5389
Coal County,OK,40,29,44904.08716,48125.27,49845.47984,52405.51532,53865.48938,58333.174,61697.93,65495.66216,69496.4773,65900.02853,58404.96046,54427.94724,57334.11314,58072.82935,61111.98228,63867.9297,64268.84697,66246.20413,65966.91172,68702.64,72746.54852,86052.04153,97603.45287,106033.8973,106965.3744
Pulaski County,IL,17,153,,,,,,,,,,,,,,,,,,,,,,,80270.88703,70076.43863,68286.17496
Crosby County,TX,48,107,,,,,,,,,,,,65882.79087,64730.32139,61489.96493,64469.09959,66294.96285,68985.28043,69742.30526,71372.79755,79378.53173,81175.958,83952.70911,85928.73,74130.54495,68231.84088
Wirt County,WV,54,105,,,,,,,,,,,,,,,,,,,,,86199.13917,98853.02337,111394.584,110405.5127,110772.2919
Delta County,TX,48,119,,,,,,,,,,,,,71702.08215,68251.25681,75376.11704,82954.33896,88739.52448,95188.76636,100222.236,102262.5775,110076.7493,123170.2923,163387.8177,175264.9446,169533.1551
Brule County,SD,46,15,,,,,,,,,,,,,,,,,,150609.6833,153394.2162,155919.5797,159195.3722,174463.725,200313.4548,209502.7078,205186.2563
Polk County,NE,31,143,,,,,,,,,,,,,,,,,,121102.1219,123857.6328,129931.267,138598.7546,154322.8221,183753.4307,189015.544,192116.7845
Warren County,GA,13,301,,,,,55409.18368,58127.04052,62406.84393,65616.34212,67339.23593,59271.57455,55715.57935,56796.81804,52922.33501,52101.60446,55350.47597,56468.33354,56795.1621,56435.40977,60372.77684,63458.48,68321.48697,75990.56672,91161.88788,89268.62951,88899.88557
Martin County,TX,48,317,,,,,,,,,,,,,,,,,,,,,,,,204715.01,199413.1711
Lincoln County,ID,16,63,,,,,,,,,,,,,101159.7472,108876.515,121009.2779,121262.4871,133936.4287,139654.9962,156416.0756,176529.7354,194367.01,235528.5244,278909.3228,293943.4111,289847.7374
Scott County,KS,20,171,,,,,,,,,,,,,,,,,,97124.55435,101096.9538,103590.5971,115143.057,127461.5897,136769.9213,143715.9188,148381.0934
Big Stone County,MN,27,11,,,,,,,,,,,,,,,98128.4587,101451.0919,105530.2764,103203.1353,106631.3274,112520.7291,115113.2013,127267.3471,144319.9078,154095.8754,154268.4361
Sheridan County,NE,31,161,,,,,,,,,,,,,,,,,,76657.82595,77493.31342,82427.49,90819.53239,104126.1716,106492.3639,120368.3668,121812.628
Kingsbury County,SD,46,77,,,,,,,,,,,,,,,,,128147.0904,134017.6343,137584.775,147169.7341,156298.1092,166703.237,198105.8224,208311.4734,215098.2287
Beaver County,OK,40,7,,,,,,,,,,,,,,,,,,90721.94628,94709.92595,97780.95,103102.5153,113468.7047,130738.023,144685.8973,136683.2083
Wheeler County,TX,48,483,,,,,,,,,,,,,,,,,,92526.97494,89138.15772,83905.40568,90512.68942,97543.58746,109125.7569,99998.78864,85962.93019
Hamilton County,NY,36,41,87086.56,93418.34237,100301.1449,110638.0339,122912.3631,140059.1749,157306.0321,163000.9131,163044.4125,158577.7963,153021.0403,154410.1303,153885.4453,158351.6764,158581.7124,156634.4689,163128.4943,164938.5601,168387.5042,176618.2823,182451.7233,202452.4989,232452.8595,251966.45,258718.9281
Garfield County,UT,49,17,,,,,,,,,,,,,,,,,,165138.0266,177525.774,199530.4858,212196.591,245224.0258,301171.374,310919.7398,329776.3564
Thayer County,NE,31,169,,,,,,,,,,,,,,,,,,71276.04,75591.73946,83183.18152,85511.66686,100664.32,105121.4276,124988.173,128511.0455
Gallatin County,IL,17,59,,,,,,,,,,,,,,,,,,86534.11375,93194.19675,79084.01349,75349.72432,87251.14677,84270.50123,68057.38,71474.03315
Phillips County,KS,20,147,,,,,,,,,,,,,,,,,,57329.03074,58749.34551,64524.78647,69697.86286,79288.70711,91498.65677,97645.70559,97154.13446
Pickett County,TN,47,137,71318.20,75264.66417,77431.17275,80058.52257,83999.11313,91518.35838,104742.5924,111367.8449,115694.2019,115007.8415,108856.9995,106062.4046,105846.7482,106140.9922,104931.9022,109509.7473,120054.9459,123060.3578,133125.8716,140177.393,154623.2547,171303.8603,205499.9071,207263.741,209377.978
Toole County,MT,30,101,,,,,,,,,,,,,,,,,,124776.3143,124776.2041,131514.1248,131944.6358,141326.5763,151756.1117,168102.9435,174808.8819
Dickey County,ND,38,21,,,,,,,,,,,,,,,,,,139519.9451,135316.0726,136699.8203,139797.7359,151745.2578,154154.0484,154189.8662,134083.1615
Rooks County,KS,20,163,,,,,,,,,,,,,,,,,,61227.36044,62261.05317,63683.58077,67495.97323,77782.76236,83238.20837,89748.4442,96155.88252
Scott County,IL,17,171,,,,,,,,,,,,,,,,,,118692.4184,106155.8337,90220.23339,100709.2879,103717.4284,94305.07972,79811.33592,72783.70878
Craig County,VA,51,45,,,,,,,,,,,,,108153.9685,125646.9501,132758.2048,139009.9347,139950.4341,144797.2352,149390.1344,155370.0331,160196.8219,180433.956,201692.2098,200063.9239,205015.122
Jim Hogg County,TX,48,247,,,,,,,,,,,,,,,,,,76182.14765,85636.76246,92519.35601,97085.93999,110182.0677,99972.3554,86581.01967,80224.99
Ouray County,CO,8,91,,,,,,,365058.6187,392056.46,400567.6314,395937.6258,383491.0615,369279.2506,368262.0552,364556.707,384153.7777,392475.645,413093.1891,433942.9775,469504.4725,494619.1775,526069.2514,603086.6653,760415.2,812327.4385,850128.95
Washington County,CO,8,121,,,,,,,,,,,,,,,,,,124940.6346,125201.8107,144093.0765,164481.0707,190499.0476,221662.8195,235520.5811,241912.45
Carlisle County,KY,21,39,,,,,,,,,,,,,,,58880.99,60681.22948,66210.88759,66724.62,66916.48185,68569.90111,69999.03,81409.65818,95492.49881,109700.5691,117303.2996
Musselshell County,MT,30,65,,,,,,,,,,,,,,,,,,122089.8634,128523.2419,139794.2029,144733.4834,169651.7725,207187.173,214023.60,219254.0319
Calhoun County,AR,5,13,,,,,,,,,,,,64745.78752,67826.29354,71086.83,75738.52,82617.03279,85790.19,82964.10,82774.3738,83064.17059,79994.0286,105531.5319,110587.18,109080.9661,106328.2929
Scotland County,MO,29,199,,,,,,,,,,,,,,,,,,61185.62256,63789.45357,72608.2984,78581.69474,92134.96207,108740.3891,118626.6453,118297.1793
Ringgold County,IA,19,159,,,,,,,,,,,,,76738.80258,83509.06719,89870.7629,89778.29441,92176.16698,99994.84015,102408.2495,107920.322,120126.9311,139607.7748,142058.4384,147628.3717,147363.6866
Custer County,CO,8,27,,,,,,,,,,,162071.8264,151305.0879,140774.2053,153565.0336,168744.5256,179815.1779,194166.3377,202684.2791,214555.9501,239946.52,258787.2208,292028.5729,356573.4508,378699.4237,389705.8303
Putnam County,MO,29,171,,,,,,,,,,,,,,,,,,108042.9335,110869.6133,111568.5812,119539.0058,129867.7261,149534.0043,169645.5395,178631.1576
Republic County,KS,20,157,,,,,,,,,,,,,,,,,,59808.77,59386.63522,63706.61951,66363.98697,70963.06461,79562.2195,86719.0597,94245.36046
Hyde County,NC,37,95,,,,,,,,,,,,,,132560.0768,135633.8809,140709.4782,146827.4047,153213.8074,157783.2102,155516.1465,161248.0107,191752.0784,211713.9929,226498.6467,230311.1669
Hot Springs County,WY,56,17,,,,,,,,,,,,,,142542.6742,146467.13,149989.9539,153428.7672,159233.8629,163694.7435,162764.1605,167719.09,174586.9286,204823.0436,228732.9729,238999.3688
Furnas County,NE,31,65,,,,,,,,,,,,,,,,,,90220.23628,94828.19804,99255.37413,106430.9474,130494.8106,125935.3918,135921.6138,115827.1196
Crane County,TX,48,103,,,,,,,,,,,,75759.5382,76923.35805,81078.54,86213.62094,98583.05256,117925.9609,117305.5512,133396.7018,147885.8531,159219.8074,170447.7612,197445.32,189540.4006,185596.1313
Schley County,GA,13,249,,,,,83323.38627,87798.75321,93907.31784,98742.20129,103321.1458,96458.71512,89165.27256,84523.18617,82350.8058,89666.39629,86564.37184,89281.48824,95053.016,92308.84931,91791.04422,98100.28861,106914.9369,124637.7938,139635.499,148760.097,164375.5508
Lincoln County,NV,32,17,,,,,,,,,,,109998.46,102284.4501,94286.53327,98047.95824,106881.9918,112103.2084,125835.7733,125628.1243,126322.546,133998.506,146265.3616,168881.2709,198144.4257,191358.9586,197006.4155
Cameron County,PA,42,23,,,,,,,,,,,,,,,,,,94483.08338,90440.31392,89872.66987,98730.54991,104025.8611,93172.40385,86309.32768,73341.13073
Morrill County,NE,31,123,,,,,,,,,,,,,,,,,,88595.35278,90918.89857,96973.3022,102203.5732,115815.8943,129188.7928,140146.5283,135360.428
Mineral County,NV,32,21,,,,,,,,,,,68636.6866,63201.87721,58303.56517,65512.0672,65522.14482,66188.31736,62822.32676,64227.38994,73149.33908,77347.71518,100395.2749,108335.3834,138424.0428,124211.1338,106727.6402
Dewey County,OK,40,43,,,,,,,,,,,,,,,,,,88222.8436,89008.86043,92591.24184,98981.00351,102475.6811,116151.0513,117168.425,112457.5997
Florence County,WI,55,37,,,,,,,,,,,,92115.75127,96930.8549,102504.1994,108015.1606,108354.6064,114010.1327,120182.7595,116814.2383,129036.0075,132047.706,152552.4028,161402.9864,172090.90,177399.0565
Calhoun County,IL,17,13,,,,,,,,,,,,,,,,,,120334.8841,121402.5376,125882.7771,125832.3201,142459.3057,138236.6238,145171.5546,152770.6755
Hickman County,KY,21,105,,,,,,,,,,,,,,,56380.96909,56208.33,61188.64,63115.75395,69015.17324,73872.17,77971.71997,90680.84403,105265.9251,118497.3502,122371.6657
Mills County,TX,48,333,,,,,,,,,,,,,,,107719.399,113070.0622,126180.4976,141421.6338,145005.7855,149326.4432,158783.2878,180814.4299,215745.5821,195276.0943,182878.3556
Oneida County,ID,16,71,,,,,,,,,,,,,101850.222,109985.6774,109138.2344,114761.6489,123635.8591,128878.1119,138846.2317,152794.4062,172602.3099,209892.6122,291022.8409,306407.0459,309578.7053
Phillips County,CO,8,95,,,,,,,,,,,,,,,,,,152924.8505,156451.5067,171241.8571,181908.8751,200027.4301,235116.7049,252920.8987,249833.8187
Mineral County,MT,30,61,,,,,,,,,,,144982.0385,143412.6474,141176.0398,142059.7223,148760.5658,150186.1834,156716.7634,159713.1727,164233.7689,179243.9271,195718.8645,233426.1515,313461.8335,340087.1832,363760.8037
Marshall County,SD,46,91,,,,,,,,,,,,,,,,,,,,,205792.8662,223754.594,253752.2783,264741.7407,223738.2011
Wahkiakum County,WA,53,69,,,,,,,,,,,174855.6349,167536.7202,147754.80,145953.1944,150925.1161,160131.2054,175522.9054,204577.5494,223553.0059,245179.0024,267589.4035,316802.0187,380327.4075,393023.291,402317.9254
Adams County,ID,16,3,,,,,,,,,,,,,126489.9465,135425.9417,152002.3302,171805.3113,187006.4637,208630.4486,215445.995,244045.8544,275291.5258,347357.3266,480004.3806,486870.0616,482760.79
Menominee County,WI,55,78,,,,,,,,,,,,,,,,,,152059.0588,161048.0517,172458.7612,182454.3422,207943.1539,228952.1119,257509.389,271582.79
Holt County,MO,29,87,,,,,,,,,,,,,,,,,,100071.2805,97783.79068,108955.9346,100299.0747,120104.5052,143454.9639,140839.473,130489.9428
Kimble County,TX,48,267,,,,,,,,,,,,,,,,,,155764.6929,158513.8358,171881.4073,191524.017,227863.01,269170.4866,248549.7314,243647.1034
Deuel County,SD,46,39,,,,,,,,,,,,,,,,,,178617.1674,190056.2173,196644.87,210092.9752,235394.654,263966.9597,292761.6665,272321.2871
Custer County,ID,16,37,,,,,,,,,,,,,,139224.2341,141079.71,143779.5465,149179.3519,157014.3049,168420.4286,188728.4497,206292.3557,245458.858,325164.35,334207.6142,317753.3795
Tensas Parish,LA,22,107,,,,,,,,,,,,,,,,,,,,,,,,110266.0046,97398.28242
Bath County,VA,51,17,,,,,,,,,,,,,,,,,,151000.9289,151568.6665,151608.1686,152256.7092,174144.2075,187355.3341,197973.25,205232.8885
Phillips County,MT,30,71,,,,,,,,,,,,,,,,,,131272.5863,143016.0699,153927.0141,162637.6338,190520.1328,235344.8077,237462.5828,252722.3698
Hidalgo County,NM,35,23,,,,,,,,,,,,,,,,,,,,,,,,,111062.1008
Kittson County,MN,27,69,,,,,,,,,,,,,,,,,,110974.822,127391.6356,132123.3222,130060.2763,140031.8087,138696.5423,139434.3948,125501.1941
Barber County,KS,20,7,,,,,,,,,,,,,,,,,,44010.99656,42948.89532,42919.67172,46380.0288,58599.29289,61956.29992,67338.44513,69440.57769
Lamoure County,ND,38,45,,,,,,,,,,,,,,,,,,,,,,129937.6448,116214.6548,114547.1445,92653.72
Grant County,OK,40,53,39752.44208,42927.69139,44635.22322,48096.82,49321.72357,51905.43464,53619.7912,54477.02915,56150.61766,49345.75901,49666.67,45946.30739,48669.54212,50754.86142,53490.93757,59213.92256,64432.26644,63543.88755,63702.28249,68143.60822,71856.57,82664.29606,89184.13424,98111.11,91591.83827
Sharkey County,MS,28,125,,,,,,,,,,,,,,,,,,,,,,,,95184.78,87612.07241
Nuckolls County,NE,31,129,,,,,,,,,,,,,,,,,,59795.2236,62521.23431,73038.72558,67060.75985,79029.58368,87999.19524,95080.14431,96730.11
Union County,NM,35,59,,,,,,,,,,,,,,,,,,79431.84494,91618.99102,85152.21192,81335.13152,94340.56564,99885.09766,100481.0176,105004.968
Stafford County,KS,20,185,,,,,,,,,,,,,,,,,,55552.9875,52495.23636,54089.72847,57159.08593,71432.73,78833.90988,85449.24915,82933.38344
Owsley County,KY,21,189,,,,,,,,,,,,,,,,,,65871.55,69843.34956,79052.59,81754.8152,103561.2816,118552.288,128021.9439,112481.0632
Schuyler County,MO,29,197,,,,,,,,,,,,,,,,,,88785.57001,90250.43894,105302.7038,106406.3383,124878.6939,152177.1696,156489.8803,139667.3746
Meade County,KS,20,119,,,,,,,,,,,,,,,,,,66000.92122,65596.30927,66566.05685,73368.08,85730.52308,99228.66839,108438.0389,109919.443
Dunn County,ND,38,25,,,,,,,,,,,,,,,,,,216542.52,221755.8887,218255.1879,226612.648,239204.3238,251418.3205,267407.8838,247452.904
Storey County,NV,32,29,,,,,,,,,,,175357.1095,155790.3213,141629.5128,154486.6906,191761.2019,214738.6085,241297.422,261763.7787,292886.1836,317653.7634,336208.1712,394686.2602,459880.5873,468709.7179,470380.2433
Wells County,ND,38,103,,,,,,,,,,,,,,,,,,160067.37,154406.7581,148644.9037,142246.5919,151631.332,135817.2421,133181.4686,111066.6465
Valley County,NE,31,175,,,,,,,,,,,,,,,,,,99600.61528,103597.4178,110155.9012,114973.0341,136353.1246,144338.4956,165967.0042,166587.2222
Kearny County,KS,20,93,,,,,,,,,,,,,,,,,,113383.98,117402.7364,125120.3648,125191.1088,146392.343,165186.3484,173815.5123,173512.4925
Edmunds County,SD,46,45,,,,,,,,,,,,,,,,,,152815.1594,154483.931,159529.3489,159687.5192,175937.0756,194496.0872,206613.1556,205316.1028
Columbia County,WA,53,13,,,,,,,,,,,,,,,,,,165687.4544,172706.8401,186422.0225,214246.8713,226063.356,269624.8246,273425.0413,275742.2425
Corson County,SD,46,31,,,,,,,,,,,,,,,,,,,,,73657.89957,89373.36364,94607.91,103190.7478,115299.334
Mason County,TX,48,319,,,,,,,,,,,,,,,,,,163100.6877,178907.0606,196147.6648,203932.157,233316.0661,299965.2217,298464.6923,298347.4066
Red Lake County,MN,27,125,,,,,,,,,,,,,,,,,,155110.5047,162607.8319,166199.6789,168090.6765,187575.2721,197904.9418,207005.332,186212.3153
Sargent County,ND,38,81,,,,,,,,,,,,,,,,,,,,131967.8982,139284.3177,142237.7379,144104.4934,141224.1357,122235.3762
Pope County,IL,17,151,,,,,,,,,,,,,,,,,,119887.4273,119852.6657,106458.2485,114869.0632,135701.8228,141765.8437,136961.6301,140663.9121
Ellis County,OK,40,45,58253.69937,62150.38082,69541.3778,74731.99302,78462.90636,81926.58,70431.90131,74299.62894,77399.96637,72090.83034,67120.91206,61341.6598,62228.21181,67311.51767,73802.20408,75152.20618,79875.72582,79300.2287,74576.93964,77194.99307,79166.81,88817.43687,95837.41769,106250.731,96915.73932
Haskell County,KS,20,81,,,,,,,,,,,,,,,,,,96708.81594,100473.5192,101084.6876,109431.7079,118469.0244,136597.4336,146676.3478,149373.1117
Clark County,SD,46,25,,,,,,,,,,,,,,,,,,,141879.8925,160912.8615,173132.0879,187522.2511,182748.3134,192581.7948,184492.9202
Knox County,MO,29,103,,,,,,,,,,,,,,,,,,74742.11355,77385.30673,89757.75098,99564.96,113527.2596,128684.2624,129103.6902,131332.266
Lake of the Woods County,MN,27,77,,,,,,,,,,,,,,,129742.5324,132647.8623,144038.9828,149108.8023,154352.7245,159290.2125,168673.2698,180588.4166,197716.0697,209694.7423,202728.807
Cavalier County,ND,38,19,,,,,,,,,,,,,,,,,,,,150008.428,148259.6215,148820.8711,150003.1678,148550.0745,139209.6597
Fisher County,TX,48,151,,,,,,,,,,,,,,,,,,82177.77964,82655.82606,93573.11086,93586.73073,98538.75095,106735.2281,94272.23,84102.56133
Hardin County,IL,17,69,,,,,,,,,,,,,,,,,,65315.71521,64719.71346,72471.6153,73972.841,90213.7342,86768.95574,87162.76,89339.41
Adams County,IA,19,3,,,,,,,,,,,,,,,,,,107219.9355,108700.5692,107856.4156,114857.9998,130795.8095,142533.4109,152977.3807,157124.2073
Norton City,VA,51,720,,,,,,,,,,,,,,,68285.41973,70176.41965,69992.04,71641.24369,72712.97788,71787.36939,75784.38128,86670.30406,102201.1824,105213.7131,112888.8071
Chase County,NE,31,29,,,,,,,,,,,,,,,,,,118700.3528,126441.2295,139797.192,147107.6048,158364.2686,177049.7434,185936.863,190409.1175
Echols County,GA,13,101,,,,,,82471.98732,85646.10,90297.146,93124.53672,97797.81458,87663.89534,78715.36668,74636.95036,80955.68478,88492.80085,88979.9296,94751.48063,94291.24108,97577.16841,99424.81444,110159.9907,126657.8053,144090.3713,138580.7206,144213.159
Sweet Grass County,MT,30,97,,,,,,,,,,,,158919.6425,158288.5807,165212.6048,171890.9082,181640.4606,195257.8522,205342.1127,215919.0555,232172.7886,253366.0447,295482.6081,372755.3266,406836.2447,421865.58
Petersburg Borough,AK,2,195,,,,,,,,,,,,,,,,,,277899.8897,288100.1449,303131.4874,317008.5425,342399.72,365204.1321,346047.0808,324123.953
Lewis County,ID,16,61,,,,,,,,,,,,104146.0575,103772.9391,108250.1746,114646.8021,115827.977,119868.3606,124877.161,126631.30,142072.7849,157957.9193,187693.6669,244649.8089,262123.5857,257630.8861
Smith County,KS,20,183,,,,,,,,,,,,,,,,,,55829.35385,55078.09,59979.82622,61871.8092,67545.75472,75421.34702,79325.82454,85080.57717
Kimball County,NE,31,105,,,,,,,,,,,,,,,,,,83750.69475,86926.3736,93350.43651,94797.25,108463.0951,126980.3122,141081.5069,143382.8685
Catron County,NM,35,3,,,,,,,,,,,,,,,,,,140539.1805,136246.0976,147246.6959,149335.6504,173175.3129,187668.1012,179826.7052,179486.0733
Hardeman County,TX,48,197,,,,,,,,,,,,,,,,,,,,,,,,62672.36986,52972.74831
Mercer County,MO,29,129,,,,,,,,,,,,,,,,,,62386.49279,66035.07838,76851.56762,86110.23,102390.6432,112667.8269,110230.783,117898.7396
Sheridan County,MT,30,91,,,,,,,,,,,,,,,,,,112783.0845,115293.40,119732.9081,133953.2786,157728.5703,188306.1118,200367.0728,198453.1375
Costilla County,CO,8,23,,,,,,,,,,,,,,,,,,128618.8491,132389.6065,140198.3832,151801.3076,165722.5005,200481.1683,198694.0871,189176.3514
Osborne County,KS,20,141,,,,,,,,,,,,,,,,,,54446.0716,54436.32938,56175.96683,58024.1226,64276.55461,68646.57675,71561.01017,71355.94992
Baylor County,TX,48,23,,,,,,,,,,,,,,,,,,74075.86622,77434.06269,84751.08657,82257.88251,93272.75417,107301.2299,98039.7128,93767.72959
Roger Mills County,OK,40,129,,,,,,,,,,,,,,,,,,133634.3038,119810.1082,112707.3708,125257.9091,139291.05,151211.6408,166542.1794,161243.9919
Hemphill County,TX,48,211,,,,,,,,,,,,,,,,,,148720.343,153738.4314,156408.9662,161706.4771,175103.0762,192780.3535,178052.5033,160201.5765
Webster County,NE,31,181,,,,,,,,,,,,,,63307.60316,66139.31644,67744.29845,74950.86,76592.24579,81258.13532,84301.65032,84130.06584,99067.91551,107664.1826,115440.6331,117017.8069
Tyrrell County,NC,37,177,,,,,,,,,,,,,,89831.93027,87253.47765,97529.20589,109896.5999,108087.2299,109427.4027,116972.3993,121877.822,142361.6278,152670.1684,163305.278,160631.3368
Sutton County,TX,48,435,,,,,,,,,,,,,,,,,,114361.9595,116616.1094,123581.9731,129922.6042,137304.484,162192.8137,145444.4949,133670.5654
Bennett County,SD,46,7,,,,,,,,,,,,,,,,,,,,,,,,,193502.359
Foster County,ND,38,31,,,,,,,,,,,,,,,,,,144436.8165,142036.1415,141115.7776,146767.8484,162794.7343,160058.4942,171974.9077,152598.7704
Chautauqua County,KS,20,19,,,,,,,,,,,,,,,,,,52074.04918,50405.14467,52421.64565,54492.06574,60850.31522,68472.67341,70539.74481,71393.20925
Nance County,NE,31,125,,,,,,,,,,,,,,,,,,101335.3769,106525.0071,112199.9893,122469.0746,138707.3315,154856.5975,168677.5292,164589.0489
Knox County,TX,48,275,,,,,,,,,,,,,,,,,,,,,,,,76689.29604,63225.86391
Reagan County,TX,48,383,,,,,,,,,,,,,,,,,,,,,,,,162844.5109,157700.3833
Traverse County,MN,27,155,,,,,,,,,,,,,,,,89314.36,98671.83002,95788.68,94076.49752,99771.13769,102090.0943,109186.5103,112640.4751,115616.3136,113147.6137
Harper County,OK,40,59,,,,,,,,,,,,,,,,,,45621.57975,43937.35199,45103.94919,47181.72303,54426.31695,63098.29979,68025.84942,68262.04501
Upton County,TX,48,461,,,,,,,,,,,,,,,,,,,,,104626.3875,109772.1347,115549.4094,95928.03184,90180.77928
Granite County,MT,30,39,,,,,,,,,,,,,158294.1103,160704.9496,169941.1754,184024.143,196158.338,200367.3564,216529.3831,232155.2779,249001.2387,302687.0917,401090.7531,436964.3098,434400.02
Emmons County,ND,38,29,,,,,,,,,,,,,,,,,,118685.3336,115560.184,102505.882,101484.5984,108565.3531,109356.9492,112112.5163,104937.3048
Coke County,TX,48,81,,,,,,,,,,,,,,,,,,97398.67314,100593.8922,104410.0825,113477.7885,127432.4839,144143.3982,129370.2587,124129.8218
Donley County,TX,48,129,,,,,,,,,,,,,,,,,,,,,,,,105200.2351,89541.31458
Harlan County,NE,31,83,,,,,,,,,,,,,,,,,,96178.81656,99855.02697,117371.918,120792.887,139513.5171,150829.9456,157245.2397,158979.9509
Kinney County,TX,48,271,,,,,,,,,,,,,,,,,,81958.69908,79512.66895,84687.94,89107.12657,95958.61542,104393.4272,104270.7153,99210.06334
Concho County,TX,48,95,,,,,,,,,,,,,,,,,,116269.2557,125828.6314,136953.8866,136634.8241,154109.392,164583.415,139854.3078,124788.3543
Woodson County,KS,20,207,,,,,,,,,,,,,,,,,,58095.22742,57659.1863,57132.75652,63876.4088,77049.79725,86967.45279,91553.73699,82360.67797
Shackelford County,TX,48,417,,,,,,,,,,,,,,,,,,104265.4101,104431.1676,106114.8776,113915.0683,126922.7012,155229.94,145318.5891,132586.3988
Lipscomb County,TX,48,295,,,,,,,,,,,,,,,,,,,,,,,,140416.7339,116807.6508
Sierra County,CA,6,91,,,,,,,,,179826.62,143630.6111,132979.3765,138970.6819,134245.3145,137605.4658,152279.2395,160317.0818,178555.1414,190208.6177,215875.2457,233483.6349,246999.1944,278006.5054,320760.038,335028.2441,334961.1621
Fallon County,MT,30,25,,,,,,,,,,,,,,,,,,144527.9949,157390.1983,165037.5614,169975.8288,195281.6019,224376.4883,222787.3032,208739.9741
Hand County,SD,46,59,,,,,,,,,,,,,,,,,,,178275.9891,186139.8004,196320.9241,216144.0038,250276.7439,271909.8905,272168.8849
Nelson County,ND,38,63,,,,,,,,,,,,,,,,,,131342.3579,131386.307,137062.6785,136347.637,151244.0378,153505.5088,147616.0121,102872.7182
Bowman County,ND,38,11,,,,,,,,,,,,,,,,,,,,,,,199958.6085,199939.432,169761.537
Sherman County,NE,31,163,,,,,,,,,,,,,,,,,,98152.55307,103941.2421,113262.3387,124009.5394,139433.9146,142829.3031,166980.0841,171849.0397
Perkins County,SD,46,105,,,,,,,,,,,,,,,,,,75397.21338,78733.71236,92626.92287,101802.5392,118570.4643,134152.368,142486.548,141916.3415
Stanley County,SD,46,117,,,,,,,,,,,,,,,,,,228041.62,229695.8502,244433.6243,242435.6974,270855.0791,307044.7633,321774.98,315022.9178
Lincoln County,KS,20,105,,,,,,,,,,,,,,,,,,65305.12665,62961.68786,64713.33306,71579.35965,88208.55,100111.0274,107612.18,106566.0306
Collingsworth County,TX,48,87,,,,,,,,,,,,,,,,,,81050.15588,80857.35,83939.99415,88692.66844,93622.09,103844.1737,93180.7017,77698.75482
Crockett County,TX,48,105,,,,,,,,,,,,,,,,,,,,,,,,110030.159,90996.57816
Baker County,GA,13,7,,,,,,,,,,,,,,,,,,,,,,,,93869.72611,102930.223
Jewell County,KS,20,89,,,,,,,,,,,,,,,,,,57712.28243,56499.83981,58954.12677,63520.8267,73114.60691,79566.53229,84684.77933,86480.6786
Franklin County,NE,31,61,,,,,,,,,,,,,,,,,,68640.45316,74578.78,78523.08568,81278.62369,93225.34,98248.5543,105661.4861,111051.4963
Edwards County,KS,20,47,,,,,,,,,,,,,,,,,,48326.5818,49666.473,51303.17096,53328.07065,65760.67664,72094.74,76500.60615,71583.64489
Glascock County,GA,13,125,,,,,,,,,,,,,,,,,,,,,,,153716.8326,146537.6786,157766.5966
Clay County,GA,13,61,,,,,,,,,,,94061.29088,96416.50699,89312.61779,90653.17,90690.55677,91843.48433,94424.40708,98306.10148,97919.08715,106768.8057,101759.9389,118594.2536,139473.5627,136300.5887,144609.2942
Rush County,KS,20,165,,,,,,,,,,,,,,,,,,46481.45031,46321.38592,47288.05061,50212.31501,61000.19359,69033.32196,73134.62458,73180.73832
Hall County,TX,48,191,,,,,,,,,,,,,,,,,,,,,,,,82119.5793,72180.77159
Jackson County,SD,46,71,,,,,,,,,,,,,,,,,,,,,,,,120221.6593,127295.6478
Perkins County,NE,31,135,,,,,,,,,,,,,,,,,,109112.8159,114151.584,124380.0686,132162.1629,146786.8251,161099.2993,177324.3012,180268.814
Real County,TX,48,385,,,,,,,,,,,,,,,,,,,,,193349.5192,215551.0107,264457.61,269432.3478,262337.09
Trego County,KS,20,195,,,,,,,,,,,,,,,,,,75684.14684,76556.56613,76685.78,86881.17,102028.8297,120434.2106,129356.4364,121490.8211
Decatur County,KS,20,39,,,,,,,,,,,,,,,,,,54875.43119,54269.28926,57495.12889,60324.37247,70434.83346,78204.83384,84201.47657,82763.38271
Logan County,KS,20,109,,,,,,,,,,,,,,,,,,76807.94624,77779.52719,85816.57175,95369.63253,103687.7823,114375.2462,125189.4563,120410.9023
Gove County,KS,20,63,,,,,,,,,,,,,,,,,,66687.69552,68473.6174,74494.66304,84922.91332,98652.02605,112613.6057,118311.8284,117879.5831
Brown County,NE,31,17,,,,,,,,,,,,,,,,,,81910.58914,82710.92,96073.34824,102470.573,107982.3633,117959.6632,124470.5369,125503.8937
Morton County,KS,20,129,,,,,,,,,,,,,,,,,,66559.88006,64135.86535,64590.70836,71903.58633,82549.91709,91817.97041,99257.98374,92350.05238
Ness County,KS,20,135,,,,,,,,,,,,,,,,,,56916.77633,58075.31935,60061.2744,64121.45379,73268.0685,79607.04,83184.15,80923.9379
Cheyenne County,KS,20,23,,,,,,,,,,,,,,,,,,66428.22383,66952.19675,69576.97976,75086.73598,87074.94379,98872.1481,110608.4075,118015.9141
Hitchcock County,NE,31,87,,,,,,,,,,,,,,,,,,64803.71723,65909.07697,73391.92,77381.93,93450.04,103355.7026,114108.0552,117832.365
Potter County,SD,46,107,,,,,,,,,,,,,,,,,,,,,,,,,142180.42
Chase County,KS,20,17,,,,,,,,,,,,,,,,,,86581.05259,88211.93817,91808.57372,101078.0571,114147.2705,131054.8145,139736.3151,138172.718
Hamilton County,KS,20,75,,,,,,,,,,,,,,,,,,61820.71,62091.16661,65073.39863,67765.67,80406.78395,90602.7081,101610.6608,106484.7488
Pawnee County,NE,31,133,,,,,,,,,,,,,64458.74008,69440.17391,74995.81658,76410.6522,81684.29543,82623.47412,85712.17122,91023.68433,95348.95,108485.4229,118211.8573,127962.4742,126295.214
Cochran County,TX,48,79,,,,,,,,,,,,,,,,,,,,,,,,63317.47086,62568.05866
Harmon County,OK,40,57,,,,,,,,,,,,,,,39415.02131,39106.31164,40867.0734,45271.36594,43673.17302,46339.67,47524.83495,53067.52051,54906.73239,54716.86088,47566.35479
Rawlins County,KS,20,153,,,,,,,,,,,,,,,,,,64327.16,63872.35422,68021.40462,73099.77,89691.13,99995.69014,106180.8039,104335.1097
Frontier County,NE,31,63,,,,,,,,,,87298.73207,85642.39482,82388.43,83642.95568,90170.60555,96299.76537,101084.4606,105294.6435,108724.6404,111637.3481,121034.2063,124579.7646,139163.1667,153939.5016,170801.9133,175967.6531
Rich County,UT,49,33,,,,,,,,,,,,,195396.8779,191781.0563,213839.9699,220292.0211,246748.524,242306.9901,266245.3095,310430.5832,323278.6076,374992.4089,521429.2776,561964.1225,583083.78
Hettinger County,ND,38,41,,,,,,,,,,,,,,,,,,,104514.4493,105829.0386,92184.17891,110048.1282,104523.5795,129920.6073,95369.41706
Wayne County,UT,49,55,,,,,,,,,,,,,,,,,,,,,,,,360543.6238,372394.2069
Niobrara County,WY,56,27,,,,,,,,,,,,,,,,,,139196.4594,137807.3614,139767.5373,141429.2648,154279.8647,178627.7769,186339.725,177861.4249
Elk County,KS,20,49,,,,,,,,,,,,,,,,,,49017.37855,47568.13031,47872.43067,52131.19893,60273.0669,64569.97407,66151.02241,70853.87081
Sheridan County,KS,20,179,,,,,,,,,,,,,,,,,,,,110914.76,118837.1272,136101.1293,160003.9006,168752.9063,153377.5111
Sedgwick County,CO,8,115,,,,,,,,,,,,,,,,,,,93419.92826,104632.4087,111973.3038,126829.0944,140186.7621,157797.935,152597.9397
Kiowa County,KS,20,97,,,,,,,,,,,,,,,,,,84378.10954,84094.01081,88368.03457,96091.91399,105313.3033,119691.1792,129169.5582,128637.8616
Graham County,KS,20,65,,,,,,,,,,,,,,,,,,52740.60749,55054.07183,58388.99879,62242.87804,68837.88479,74069.34516,79334.2862,84781.58432
Kidder County,ND,38,43,,,,,,,,,,,,,,,,,,,,,,,205710.5072,203951.356,165919.2753
Eddy County,ND,38,27,,,,,,,,,,,,,,,,,,,88659.43,87148.89389,85688.04005,102727.7535,96115.75614,98676.16729,88353.29
Webster County,GA,13,307,,,,,,55015.3712,59392.25492,63679.38084,63690.18083,55899.03583,55087.33479,53308.96288,50467.38865,56904.35685,61472.38,60925.62998,64436.3589,63808.46747,64830.73601,68634.75945,71968.979,87953.71643,105247.4212,112955.884,120799.4003
Sanborn County,SD,46,111,,,,,,,,,,,,,,,,,,136419.1524,147082.9914,152746.1886,165569.5019,187151.8282,204235.5732,215742.0656,194067.1463
Sherman County,TX,48,421,,,,,,,,,,,,,,,,,,,,,,,,171075.1636,171529.793
Renville County,ND,38,75,,,,,,,,,,,,,,,,,,177937.908,171214.9559,157551.0868,151863.2829,159175.2206,171149.1028,159762.1159,139636.3204
Miner County,SD,46,97,,,,,,,,,,,,,,,,,,104190.0778,116345.9708,122652.3602,126228.0097,143056.3518,158418.1332,179240.5824,182132.0551
Dolores County,CO,8,33,,,,,,,,,,,,,128120.4457,138530.5891,142295.237,150596.1623,168794.2025,175592.6031,179220.9773,198202.8948,195251.8541,219123.9841,245785.139,257280.0301,253155.3649
Garfield County,WA,53,23,,,,,,,,,,,,,92617.30277,102243.0748,105245.1308,109848.7576,123148.5094,127377.9617,141998.3957,149594.514,156600.8484,175260.1538,204227.8196,213242.575,228756.4781
Cimarron County,OK,40,25,,,,,,,,,,,,,,,,,,45107.45904,46757.86013,49100.36226,53023.07854,61099.18,66503.12541,64875.36249,67695.76843
Quitman County,GA,13,239,55615.94532,60227.0943,66355.73274,65471.49061,65271.51127,67996.06316,65802.82,73051.32752,74246.58071,70170.5034,64928.28647,61472.99992,59452.47537,59931.07,57905.24553,58741.96415,63088.59073,62864.10658,63775.23828,66724.18,72144.93906,82640.00802,96692.03891,103939.8194,114642.0226
Griggs County,ND,38,39,,,,,,,,,,,,,,,,,,,,,,,,,82751.40907
Adams County,ND,38,1,,,,,,,,,,,,,,,,,,,,,,,125889.8609,126806.8186,115680.6991
Highland County,VA,51,91,,,,,,,,,,,,,,,,,,174124.8655,176290.4693,178050.2148,177032.5711,197946.8308,221850.5331,236069.2362,255615.4739
Greeley County,NE,31,77,,,,,,,,,,,,,,,,,,87662.24615,93367.56,115819.8651,124600.61,148722.8859,159688.9331,166842.5856,158958.287
Culberson County,TX,48,109,,,,,,,,,,,,,,,,,,,,,,,,124669.5768,116137.089
Robertson County,KY,21,201,,,,,,,,,,,,,,,,,,69549.76768,74011.79185,80031.70649,83450.16979,103854.4638,129065.5044,136036.6852,139855.7389
Towner County,ND,38,95,,,,,,,,,,,,,,,,,,,,,74963.81,82869.79453,89036.7117,90380.71539,85082.4891
Burke County,ND,38,13,,,,,,,,,,,,,,,,,,,,,,,,134503.4786,103643.6475
Wichita County,KS,20,203,,,,,,,,,,,,,,,,,,86014.7988,84310.7594,90210.96,98810.34879,113478.3778,126232.1899,134977.3362,127431.0697
Wrangell Borough,AK,2,275,,,,,,,,,,,,,,,,,,,,,,,,287381.4349,278941.9003
Haines Borough,AK,2,100,,,,,,,,,,,,,,,,,,,,,,,303838.4085,310548.7844,294896.7421
Stanton County,KS,20,187,,,,,,,,,,,,,,,,,,85453.93,85213.63201,87903.65174,90871.24288,102660.6488,118689.7142,123049.9141,118237.4468
Wheatland County,MT,30,107,,,,,,,,,,,,,,,,,,87099.9369,92594.2599,102935.0263,102442.9246,124553.9395,150735.8536,170783.2681,176911.1851
Keweenaw County,MI,26,83,,,,,,,,,,,111455.0865,113849.4533,116205.3913,121445.5795,128983.3838,143483.9855,144196.5407,138472.8982,148021.0829,148625.8743,144228.4856,155361.6646,168847.0388,185571.2768,200254.6529
Liberty County,MT,30,51,,,,,,,,,,,,,,,,,,136240.1419,138650.9713,150452.2459,171584.6843,193713.2096,223781.5536,243111.7249,238243.6776
Jeff Davis County,TX,48,243,,,,,,,,,,,,,,,,,,,,,178665.6089,195586.6992,225423.5081,230908.2917,206609.7319
Judith Basin County,MT,30,45,,,,,,,,,,,,,,,,,,153902.2575,158197.3462,168910.4824,176122.7555,212955.4711,268836.3066,282079.8438,284009.1182
Worth County,MO,29,227,,,,,,,,,,,,,,,,,,,138972.8071,139010.2444,142978.7291,168564.1941,177758.2097,157149.3875,110039.0631
Clark County,KS,20,25,,,,,,,,,,,,,,,,,,44413.39666,41889.74166,46317.19461,49651.40978,62189.84103,69213.5908,77282.88,80459.07581
Menard County,TX,48,327,,,,,,,,,,,,,,,,,,,,,,,,160528.3455,142394.2602
Armstrong County,TX,48,11,,,,,,,,,,,,,102513.5098,98487.27877,99777.45,111397.9546,121304.5993,129333.5663,128710.5179,137082.19,144901.0879,157081.4579,193180.0712,183762.5783,186004.3509
Gilliam County,OR,41,21,,,,,,,,,,,,,,,142440.8869,145309.2696,165574.4032,167817.3971,172962.0897,177540.4009,179864.6692,205140.6913,221127.3158,222045.0165,216113.8534
Meagher County,MT,30,59,,,,,,,,,,,,,,,,,143534.5496,151897.5094,156648.2425,169789.735,184565.5898,218937.0856,275371.5765,292426.4726,303871.8529
Dundy County,NE,31,57,,,,,,,,,,,,,,,,,,,,,,,,137250.7283,131837.0023
Garfield County,NE,31,71,,,,,,,,,,,,,,,,,,222382.537,251708.2033,261845.3056,287616.5041,320501.6049,360533.1266,399618.8644,397704.6189
Deuel County,NE,31,49,,,,,,,,,,,,,,,,,,77755.84467,79844.7859,86774.03974,93282.65088,108000.3739,119802.3625,137781.2577,137929.6238
De Baca County,NM,35,11,,,,,,,,,,,,,,,,,,,,,,,,106716.7623,82588.84869
Hodgeman County,KS,20,83,,,,,,,,,,,,,,,,,,63717.1244,65152.70128,67856.84702,72708.30421,87061.70,100027.1982,107497.4352,113952.4656
Oliver County,ND,38,65,,,,,,,,,,,,,,,,,,,,,,,276820.4051,264130.3747,201885.5026
Golden Valley County,ND,38,33,,,,,,,,,,,,,,,,,,,,,,,,159757.1172,154143.0056
Boyd County,NE,31,15,,,,,,,,,,,,,,,,,,82308.20395,80286.18459,83690.07578,96692.64349,115840.7213,110382.5525,109919.2775,99906.8814
Jerauld County,SD,46,73,,,,,,,,,,,,,,,,,,156224.7138,166345.9084,168478.8311,174461.4152,202443.8159,214640.5227,219638.5364,205441.7864
Gosper County,NE,31,73,,,,,,,,,,,,,,,,,,194225.4765,202336.1639,211356.9555,220493.01,240546.0829,235912.6172,273879.9569,303754.8154
Comanche County,KS,20,33,,,,,,,,,,,,,,,,,,43695.89963,47828.31933,50103.7817,53333.60352,58662.65975,62255.05331,66324.36442,68513.83562
McCone County,MT,30,55,,,,,,,,,,,,,,,,,,146520.521,150350.3299,170362.2023,168919.7087,203285.8932,249173.4891,265027.1941,288119.8093
Sherman County,OR,41,55,,,,,,,,,,,,,,,,,,141197.0733,142073.53,154231.4677,171331.8208,208479.106,246359.5324,244440.0539,247954.4768
Powder River County,MT,30,75,,,,,,,,,,,,,,,,,,128350.7546,137319.0614,152499.8874,156415.1397,196448.9275,249881.4044,282390.347,293850.28
Daniels County,MT,30,19,,,,,,,,,,,,,,,,,,131907.3136,134917.4158,147351.3441,161158.4147,189718.1899,235026.6624,224676.6004,231262.3631
Garden County,NE,31,69,,,,,,,,,,,,,,,,,,80091.40034,83840.99174,91021.49,96180.96058,112956.2688,125755.723,134761.2526,136378.31
Cheyenne County,CO,8,17,,,,,,,,,,,,,66759.25929,71908.66573,80004.49,82467.82087,92145.93147,91839.86023,101825.9474,107462.7808,103817.5849,126661.6123,153030.1189,166936.3679,182312.7873
Eureka County,NV,32,11,,,,,,,,,,,,,,113211.0542,116429.9612,118178.1161,128319.7999,139359.4065,138864.3923,136832.1445,147914.4292,149283.5617,167077.9126,147342.4942,140486.6969
Taliaferro County,GA,13,265,,,,,,72352.46709,79644.43372,83011.13824,82789.94175,83918.8487,74774.02997,74727.17802,69054.52478,71374.43119,72158.22558,73942.6642,80999.8791,83733.21037,85927.81,84470.51227,89690.33076,105992.8514,131856.90,128253.7201,134355.8045
Dickens County,TX,48,125,,,,,,,,,,,,,,,,,,,,,,,,87729.02345,69214.86569
Cottle County,TX,48,101,,,,,,,,,,,,,,,,,,,,,,,,72509.88177,67871.67523
Irion County,TX,48,235,,,,,,,,,,,,,,,,,,,,170673.8741,185147.2208,206332.3792,240127.7912,228720.2614,223136.9296
Campbell County,SD,46,21,,,,,,,,,,,,,,,,,,,,,,,,265506.4087,257276.9968
Wallace County,KS,20,199,,,,,,,,,,,,,,,,,,62755.55016,64015.19114,67245.82105,74280.60523,85896.10635,100383.8551,101718.3235,105446.9236
Lane County,KS,20,101,,,,,,,,,,,,,,,,,,52670.20105,53913.38991,57062.96265,59650.93696,69491.17,77107.17722,83623.62995,85989.65552
Wheeler County,OR,41,69,,,,,,,,,,,,,,,,,,159664.3453,167719.6053,177360.4448,188022.8967,223649.6971,260990.6125,269912.4798,277474.5293
Throckmorton County,TX,48,447,,,,,,,,,,,,,,,,,,,,,,,,133630.717,114626.5655
Kiowa County,CO,8,61,,,,,,,,,,,,,,,48755.76072,52772.16402,64377.0674,72855.51005,82454.88,94760.22564,101512.0588,118585.0719,133239.6265,134871.2656,152080.1777
Sterling County,TX,48,431,,,,,,,,,,,,,,,,,,,,,,,,167451.012,152129.8052
Stonewall County,TX,48,433,,,,,,,,,,,,,,,,,,,,,,,,89122.02952,73462.32709
Carter County,MT,30,11,,,,,,,,,,,,,,,,,,93615.49652,95826.1175,113661.8389,110028.1842,136468.2019,160957.4065,185218.2706,198919.4879
Alpine County,CA,6,3,,,,,,,,,439937.7027,379334.2538,352147.1278,326122.9336,324165.7879,318478.8514,337148.2668,355291.74,368840.0629,366014.3264,384860.4298,408355.9537,418029.4297,463471.3759,563586.7046,559951.2346,547791.0762
Sheridan County,ND,38,83,,,,,,,,,,,,,,,,,,,,,,,125891.394,119098.5651,82312.21934
Rock County,NE,31,149,,,,,,,,,,,,,,,,,,,,,,,,111792.5142,111538.6778
Sully County,SD,46,119,,,,,,,,,,,,,,,,,,,,,,,,,274486.2472
Motley County,TX,48,345,,,,,,,,,,,,,,,,,,,,,,,,122127.5069,86048.6269
Briscoe County,TX,48,45,,,,,,,,,,,,,,,,,,,,,,,,110770.2495,86661.48768
Greeley County,KS,20,71,,,,,,,,,,,,,,,,,,69962.07279,71143.86164,80591.24191,86865.80,99278.27619,114012.8473,123335.7241,115427.8244
Prairie County,MT,30,79,,,,,,,,,,,,,,,,,,115703.3949,117207.8435,123588.4842,110839.0933,123531.779,128289.0177,138262.8109,146110.7879
Glasscock County,TX,48,173,,,,,,,,,,,,,,,,,,,,,,,,261370.2045,248384.7855
Harding County,SD,46,63,,,,,,,,,,,,,,,,,,,,,,,,214141.0407,210292.2391
Foard County,TX,48,155,,,,,,,,,,,,,,,,,,,,,,,,130637.0437,107168.8591
Sioux County,NE,31,165,,,,,,,,,,,,,,,,,,150977.8541,156373.6235,165825.8896,169878.81,206421.7245,206943.5781,239485.2477,251788.0216
Camas County,ID,16,25,,,,,,,,,,,,,155584.208,160843.4851,178972.4349,182514.8179,199550.342,214293.2127,228919.1499,236397.4672,260128.3309,313238.1667,372916.4093,349290.3069,331732.7907
Wibaux County,MT,30,109,,,,,,,,,,,,,,,,,,140212.1016,146065.43,168511.1906,162336.3875,180210.567,221818.6881,240342.1189,244195.1489
Terrell County,TX,48,443,,,,,,,,,,,,,,,,,,,,,,,130029.2667,111366.4669,102064.7651
Garfield County,MT,30,33,,,,,,,,,,,,,,,,,,129312.0552,138983.9656,150996.4763,156301.6031,185397.5716,241393.937,257673.8945,272895.13
Keya Paha County,NE,31,103,,,,,,,,,,,,,,,,,,126992.5551,131687.9746,149474.8652,151989.5962,187371.6855,201646.3706,212741.4864,228735.2832
Hayes County,NE,31,85,,,,,,,,,,,,,,,,,,154274.6754,162334.2782,174373.7765,174869.233,207298.949,204143.0185,227359.3278,250763.2109
Logan County,NE,31,113,,,,,,,,,,,,,,,,,,,,,,,,,175757.1981
Hinsdale County,CO,8,53,,,,,,,,,,,,,,,,,,,,,341982.2456,362992.1736,418733.9355,445475.8929,451327.4694
Clark County,ID,16,33,,,,,,,,,,,,,,,,,,111991.3435,120803.5368,134245.6901,148625.2225,187836.3157,240504.8789,244259.9977,256448.3498
Golden Valley County,MT,30,37,,,,,,,,,,,,,,,,,,137579.8538,143902.0216,155320.9903,159483.4231,187636.7236,228135.6692,229795.2109,215710.6013
Mineral County,CO,8,79,,,,,,,,,,,,,,,,,,212253.6216,220789.7121,241858.0269,264118.3074,305762.7036,365863.7826,391884.4998,397772.5989
Wheeler County,NE,31,183,,,,,,,,,,,,,,,,,,,,,,175921.5305,187851.8724,198023.0378,214716.2456
Grant County,NE,31,75,,,,,,,,,,,,,,,,,,60236.74673,61389.86833,80601.87559,80103.33421,101557.9462,102149.4686,115962.1214,122936.0732
Hooker County,NE,31,91,,,,,,,,,,,,,,,,,,47924.46564,48887.31453,65915.14,66594.12559,83502.89362,84974.50,99666.11,101640.0217
San Juan County,CO,8,111,,,,,,,,,,,,,219634.2968,218698.1425,229552.9272,243435.9181,249143.4905,242335.3221,262272.5728,283058.4465,302993.9708,336064.3395,423857.0076,469449.1414,507125.3886
Treasure County,MT,30,103,,,,,,,,,,,,,,,,,,123094.8081,121829.7153,144987.41,140102.406,168580,213813.6928,209583.9241,228560.743
Loup County,NE,31,115,,,,,,,,,,,,,,,,,,,,,,,,,280810.2537
Banner County,NE,31,7,,,,,,,,,,,,,,,,,,,,,,,276198.7976,294932.7836,314023.9322
Daggett County,UT,49,9,,,,,,,,,,,,,,,,,,,,,,,,,320674.5872
Thomas County,NE,31,171,,,,,,,,,,,,,,,,,,,,,,,,,144272.7967
McPherson County,NE,31,117,,,,,,,,,,,,,,,,,,,,,,227784.4851,230856.0084,255603.877,271685.1215
Petroleum County,MT,30,69,,,,,,,,,,,,,,,,,,106660.2112,112367.2049,133754.4937,131861.6176,154535.1346,179467.0021,189242.14,192003.6821
